"ELM-sliding_2-net_para_{'hidden_size': (20, False), 'activation': 0}",0.0109,,0.00146914,0.0138,0.9958,0.0119,0.0003,0.0001,0.9958,0.0166,4.2234,4.2113,0.9958,11.4784,256.5431,0.0018,0.9958,16.017,2.9274,2.9262
"ELM-sliding_3-net_para_{'hidden_size': (20, False), 'activation': 0}",0.0191,,0.00227308,0.0263,0.9957,0.0126,0.0003,0.0002,0.9952,0.0177,4.398,4.4804,0.9957,12.2132,290.8456,0.002,0.9952,17.0542,3.0654,3.1052
"ELM-sliding_5-net_para_{'hidden_size': (20, False), 'activation': 0}",0.0285,,0.00329852,0.0348,0.9959,0.0117,0.0003,0.0001,0.9959,0.0163,4.1593,4.1551,0.9959,11.2625,248.9854,0.0018,0.9959,15.7793,2.8777,2.8803
"ELM-sliding_2-net_para_{'hidden_size': (40, False), 'activation': 0}",0.0082,,0.00163627,0.011,0.9958,0.0119,0.0003,0.0001,0.9958,0.0166,4.2234,4.2113,0.9958,11.4784,256.5431,0.0018,0.9958,16.017,2.9274,2.9262
"ELM-sliding_3-net_para_{'hidden_size': (40, False), 'activation': 0}",0.0111,,0.00176215,0.0143,0.9958,0.0119,0.0003,0.0001,0.9958,0.0166,4.2249,4.2124,0.9958,11.4777,256.5882,0.0018,0.9958,16.0184,2.9279,2.9266
"ELM-sliding_5-net_para_{'hidden_size': (40, False), 'activation': 0}",0.0195,,0.00343585,0.0249,0.9959,0.0117,0.0003,0.0001,0.9959,0.0163,4.1699,4.1561,0.9959,11.2527,247.8772,0.0018,0.9959,15.7441,2.8826,2.8805
"ELM-sliding_2-net_para_{'hidden_size': (50, False), 'activation': 0}",0.0082,,0.00142932,0.0109,0.9958,0.0119,0.0003,0.0001,0.9958,0.0166,4.2234,4.2113,0.9958,11.4784,256.5431,0.0018,0.9958,16.017,2.9274,2.9262
"ELM-sliding_3-net_para_{'hidden_size': (50, False), 'activation': 0}",0.0112,,0.00188303,0.0145,0.9958,0.0119,0.0003,0.0001,0.9958,0.0166,4.2249,4.2124,0.9958,11.4777,256.5882,0.0018,0.9958,16.0184,2.9279,2.9266
"ELM-sliding_5-net_para_{'hidden_size': (50, False), 'activation': 0}",0.0202,,0.00327396,0.0255,0.9959,0.0117,0.0003,0.0001,0.9959,0.0163,4.1699,4.1561,0.9959,11.2527,247.8772,0.0018,0.9959,15.7441,2.8826,2.8805
"ELM-sliding_2-net_para_{'hidden_size': (100, False), 'activation': 0}",0.0084,,0.00138903,0.011,0.9958,0.0119,0.0003,0.0001,0.9958,0.0166,4.2234,4.2113,0.9958,11.4784,256.5431,0.0018,0.9958,16.017,2.9274,2.9262
"ELM-sliding_3-net_para_{'hidden_size': (100, False), 'activation': 0}",0.0112,,0.00172567,0.0143,0.9958,0.0119,0.0003,0.0001,0.9958,0.0166,4.2249,4.2124,0.9958,11.4777,256.5882,0.0018,0.9958,16.0184,2.9279,2.9266
"ELM-sliding_5-net_para_{'hidden_size': (100, False), 'activation': 0}",0.0197,,0.00322294,0.025,0.9959,0.0117,0.0003,0.0001,0.9959,0.0163,4.1699,4.1561,0.9959,11.2527,247.8772,0.0018,0.9959,15.7441,2.8826,2.8805
"ELM-sliding_2-net_para_{'hidden_size': (150, False), 'activation': 0}",0.0081,,0.00138116,0.0107,0.9958,0.0119,0.0003,0.0001,0.9958,0.0166,4.2234,4.2113,0.9958,11.4784,256.5431,0.0018,0.9958,16.017,2.9274,2.9262
"ELM-sliding_3-net_para_{'hidden_size': (150, False), 'activation': 0}",0.0111,,0.00172424,0.0142,0.9958,0.0119,0.0003,0.0001,0.9958,0.0166,4.2249,4.2124,0.9958,11.4777,256.5882,0.0018,0.9958,16.0184,2.9279,2.9266
"ELM-sliding_5-net_para_{'hidden_size': (150, False), 'activation': 0}",0.0196,,0.00346375,0.0251,0.9959,0.0117,0.0003,0.0001,0.9959,0.0163,4.1699,4.1561,0.9959,11.2527,247.8772,0.0018,0.9959,15.7441,2.8826,2.8805
"ELM-sliding_2-net_para_{'hidden_size': (200, False), 'activation': 0}",0.0081,,0.00138354,0.0107,0.9958,0.0119,0.0003,0.0001,0.9958,0.0166,4.2234,4.2113,0.9958,11.4784,256.5431,0.0018,0.9958,16.017,2.9274,2.9262
"ELM-sliding_3-net_para_{'hidden_size': (200, False), 'activation': 0}",0.0111,,0.00173211,0.0142,0.9958,0.0119,0.0003,0.0001,0.9958,0.0166,4.2249,4.2124,0.9958,11.4777,256.5882,0.0018,0.9958,16.0184,2.9279,2.9266
"ELM-sliding_5-net_para_{'hidden_size': (200, False), 'activation': 0}",0.0195,,0.00327539,0.0248,0.9959,0.0117,0.0003,0.0001,0.9959,0.0163,4.1699,4.1561,0.9959,11.2527,247.8772,0.0018,0.9959,15.7441,2.8826,2.8805
"ELM-sliding_2-net_para_{'hidden_size': (20, False), 'activation': 0}",0.0068,,0.00141954,0.0095,0.9957,0.0131,0.0003,0.0002,0.9952,0.0177,4.8058,4.6852,0.9957,12.6615,292.053,0.002,0.9952,17.0896,3.293,3.2452
"ELM-sliding_3-net_para_{'hidden_size': (20, False), 'activation': 0}",0.0106,,0.0017364,0.0138,0.9958,0.0119,0.0003,0.0001,0.9958,0.0166,4.2249,4.2124,0.9958,11.4777,256.5882,0.0018,0.9958,16.0184,2.9279,2.9266
"ELM-sliding_5-net_para_{'hidden_size': (20, False), 'activation': 0}",0.0197,,0.00257206,0.0242,0.9959,0.0117,0.0003,0.0001,0.9959,0.0163,4.1699,4.1561,0.9959,11.2527,247.8772,0.0018,0.9959,15.7441,2.8826,2.8805
"ELM-sliding_2-net_para_{'hidden_size': (40, False), 'activation': 0}",0.009,,0.00136805,0.0119,0.9957,0.0133,0.0003,0.0002,0.9948,0.0184,4.6632,4.7914,0.9957,12.8535,314.4812,0.0022,0.9948,17.7336,3.242,3.3002
"ELM-sliding_3-net_para_{'hidden_size': (40, False), 'activation': 0}",0.0114,,0.00179577,0.0146,0.9958,0.0119,0.0003,0.0001,0.9958,0.0166,4.2249,4.2124,0.9958,11.4777,256.5882,0.0018,0.9958,16.0184,2.9279,2.9266
"ELM-sliding_5-net_para_{'hidden_size': (40, False), 'activation': 0}",0.0197,,0.00255251,0.0242,0.9959,0.0117,0.0003,0.0001,0.9959,0.0163,4.1699,4.1561,0.9959,11.2527,247.8772,0.0018,0.9959,15.7441,2.8826,2.8805
"ELM-sliding_2-net_para_{'hidden_size': (50, False), 'activation': 0}",0.0091,,0.00138593,0.012,0.9958,0.0119,0.0003,0.0001,0.9958,0.0166,4.2234,4.2113,0.9958,11.4784,256.5431,0.0018,0.9958,16.017,2.9274,2.9262
"ELM-sliding_3-net_para_{'hidden_size': (50, False), 'activation': 0}",0.0114,,0.00172853,0.0146,0.9958,0.0119,0.0003,0.0001,0.9958,0.0166,4.2249,4.2124,0.9958,11.4777,256.5882,0.0018,0.9958,16.0184,2.9279,2.9266
"ELM-sliding_5-net_para_{'hidden_size': (50, False), 'activation': 0}",0.02,,0.00253892,0.0246,0.9959,0.0117,0.0003,0.0001,0.9959,0.0163,4.1699,4.1561,0.9959,11.2527,247.8772,0.0018,0.9959,15.7441,2.8826,2.8805
"ELM-sliding_2-net_para_{'hidden_size': (100, False), 'activation': 0}",0.0091,,0.00142837,0.0119,0.9958,0.0119,0.0003,0.0001,0.9958,0.0166,4.2234,4.2113,0.9958,11.4784,256.5431,0.0018,0.9958,16.017,2.9274,2.9262
"ELM-sliding_3-net_para_{'hidden_size': (100, False), 'activation': 0}",0.0114,,0.00181985,0.0146,0.9958,0.0119,0.0003,0.0001,0.9958,0.0166,4.2249,4.2124,0.9958,11.4777,256.5882,0.0018,0.9958,16.0184,2.9279,2.9266
"ELM-sliding_5-net_para_{'hidden_size': (100, False), 'activation': 0}",0.0197,,0.00254846,0.0242,0.9959,0.0117,0.0003,0.0001,0.9959,0.0163,4.1699,4.1561,0.9959,11.2527,247.8772,0.0018,0.9959,15.7441,2.8826,2.8805
"ELM-sliding_2-net_para_{'hidden_size': (150, False), 'activation': 0}",0.009,,0.00137734,0.0119,0.9958,0.0119,0.0003,0.0001,0.9958,0.0166,4.2234,4.2113,0.9958,11.4784,256.5431,0.0018,0.9958,16.017,2.9274,2.9262
"ELM-sliding_3-net_para_{'hidden_size': (150, False), 'activation': 0}",0.0115,,0.00173855,0.0146,0.9957,0.0122,0.0003,0.0001,0.9956,0.0168,4.4112,4.3482,0.9957,11.7789,263.0349,0.0019,0.9956,16.2184,3.0392,3.0164
"ELM-sliding_5-net_para_{'hidden_size': (150, False), 'activation': 0}",0.0198,,0.00251794,0.0244,0.9959,0.0117,0.0003,0.0001,0.9959,0.0163,4.1699,4.1561,0.9959,11.2527,247.8772,0.0018,0.9959,15.7441,2.8826,2.8805
"ELM-sliding_2-net_para_{'hidden_size': (200, False), 'activation': 0}",0.0093,,0.00145936,0.0122,0.9958,0.0119,0.0003,0.0001,0.9958,0.0166,4.2234,4.2113,0.9958,11.4784,256.5431,0.0018,0.9958,16.017,2.9274,2.9262
"ELM-sliding_3-net_para_{'hidden_size': (200, False), 'activation': 0}",0.0115,,0.00181007,0.0147,0.9958,0.0119,0.0003,0.0001,0.9958,0.0166,4.2249,4.2124,0.9958,11.4777,256.5882,0.0018,0.9958,16.0184,2.9279,2.9266
"ELM-sliding_5-net_para_{'hidden_size': (200, False), 'activation': 0}",0.0197,,0.00254393,0.0243,0.9959,0.0117,0.0003,0.0001,0.9959,0.0163,4.1699,4.1561,0.9959,11.2527,247.8772,0.0018,0.9959,15.7441,2.8826,2.8805
"ELM-sliding_2-net_para_{'hidden_size': (20, False), 'activation': 0}",0.007,,0.00141358,0.0098,0.9958,0.0119,0.0003,0.0001,0.9958,0.0166,4.2234,4.2113,0.9958,11.4784,256.5431,0.0018,0.9958,16.017,2.9274,2.9262
"ELM-sliding_3-net_para_{'hidden_size': (20, False), 'activation': 0}",0.0107,,0.00175023,0.0138,0.9958,0.0119,0.0003,0.0001,0.9958,0.0166,4.2249,4.2124,0.9958,11.4777,256.5882,0.0018,0.9958,16.0184,2.9279,2.9266
"ELM-sliding_5-net_para_{'hidden_size': (20, False), 'activation': 0}",0.02,,0.0026052,0.0245,0.9959,0.0117,0.0003,0.0001,0.9959,0.0163,4.1699,4.1561,0.9959,11.2527,247.8772,0.0018,0.9959,15.7441,2.8826,2.8805
"ELM-sliding_2-net_para_{'hidden_size': (40, False), 'activation': 0}",0.0092,,0.00136948,0.012,0.9958,0.0119,0.0003,0.0001,0.9958,0.0166,4.2234,4.2113,0.9958,11.4784,256.5431,0.0018,0.9958,16.017,2.9274,2.9262
"ELM-sliding_3-net_para_{'hidden_size': (40, False), 'activation': 0}",0.0114,,0.00177503,0.0146,0.9958,0.0119,0.0003,0.0001,0.9958,0.0166,4.2249,4.2124,0.9958,11.4777,256.5882,0.0018,0.9958,16.0184,2.9279,2.9266
"ELM-sliding_5-net_para_{'hidden_size': (40, False), 'activation': 0}",0.0196,,0.00253296,0.0242,0.9959,0.0117,0.0003,0.0001,0.9959,0.0163,4.1699,4.1561,0.9959,11.2527,247.8772,0.0018,0.9959,15.7441,2.8826,2.8805
"ELM-sliding_2-net_para_{'hidden_size': (50, False), 'activation': 0}",0.0092,,0.0013957,0.012,0.9958,0.0119,0.0003,0.0001,0.9958,0.0166,4.2234,4.2113,0.9958,11.4784,256.5431,0.0018,0.9958,16.017,2.9274,2.9262
"ELM-sliding_3-net_para_{'hidden_size': (50, False), 'activation': 0}",0.0116,,0.0017612,0.0148,0.9958,0.0119,0.0003,0.0001,0.9958,0.0166,4.2249,4.2124,0.9958,11.4777,256.5882,0.0018,0.9958,16.0184,2.9279,2.9266
"ELM-sliding_5-net_para_{'hidden_size': (50, False), 'activation': 0}",0.0201,,0.00255132,0.0246,0.9959,0.0117,0.0003,0.0001,0.9959,0.0163,4.1699,4.1561,0.9959,11.2527,247.8772,0.0018,0.9959,15.7441,2.8826,2.8805
"ELM-sliding_2-net_para_{'hidden_size': (100, False), 'activation': 0}",0.0091,,0.00136828,0.0119,0.9957,0.0119,0.0003,0.0001,0.9957,0.0167,4.2028,4.2101,0.9957,11.4952,259.087,0.0018,0.9957,16.0962,2.9185,2.9261
"ELM-sliding_3-net_para_{'hidden_size': (100, False), 'activation': 0}",0.0114,,0.00178242,0.0146,0.9958,0.0119,0.0003,0.0001,0.9958,0.0166,4.2249,4.2124,0.9958,11.4777,256.5882,0.0018,0.9958,16.0184,2.9279,2.9266
"ELM-sliding_5-net_para_{'hidden_size': (100, False), 'activation': 0}",0.02,,0.00248218,0.0245,0.9959,0.0117,0.0003,0.0001,0.9959,0.0163,4.1699,4.1561,0.9959,11.2527,247.8772,0.0018,0.9959,15.7441,2.8826,2.8805
"ELM-sliding_2-net_para_{'hidden_size': (150, False), 'activation': 0}",0.0092,,0.00143385,0.0121,0.9958,0.0119,0.0003,0.0001,0.9958,0.0166,4.2234,4.2113,0.9958,11.4784,256.5431,0.0018,0.9958,16.017,2.9274,2.9262
"ELM-sliding_3-net_para_{'hidden_size': (150, False), 'activation': 0}",0.0116,,0.00176072,0.0147,0.9958,0.0119,0.0003,0.0001,0.9957,0.0166,4.2615,4.2338,0.9958,11.5217,256.9947,0.0018,0.9957,16.0311,2.9487,2.9408
"ELM-sliding_5-net_para_{'hidden_size': (150, False), 'activation': 0}",0.02,,0.00257492,0.0245,0.9959,0.0117,0.0003,0.0001,0.9959,0.0163,4.1699,4.1561,0.9959,11.2527,247.8772,0.0018,0.9959,15.7441,2.8826,2.8805
"ELM-sliding_2-net_para_{'hidden_size': (200, False), 'activation': 0}",0.009,,0.00136733,0.0119,0.9958,0.0119,0.0003,0.0001,0.9958,0.0166,4.2234,4.2113,0.9958,11.4784,256.5431,0.0018,0.9958,16.017,2.9274,2.9262
"ELM-sliding_3-net_para_{'hidden_size': (200, False), 'activation': 0}",0.0114,,0.0017302,0.0146,0.9957,0.0137,0.0003,0.0002,0.9948,0.0183,5.1145,4.9562,0.9957,13.2672,312.1722,0.0022,0.9948,17.6684,3.4856,3.4225
"ELM-sliding_5-net_para_{'hidden_size': (200, False), 'activation': 0}",0.0199,,0.00252724,0.0245,0.9959,0.0117,0.0003,0.0001,0.9959,0.0163,4.1699,4.1561,0.9959,11.2527,247.8772,0.0018,0.9959,15.7441,2.8826,2.8805
"ELM-sliding_2-net_para_{'hidden_size': (20, False), 'activation': 0}",0.007,,0.00142431,0.0097,0.9957,0.0121,0.0003,0.0001,0.9957,0.0167,4.3636,4.3108,0.9957,11.715,261.5373,0.0018,0.9957,16.1721,3.0121,2.9933
"ELM-sliding_3-net_para_{'hidden_size': (20, False), 'activation': 0}",0.0108,,0.00180984,0.014,0.9958,0.0119,0.0003,0.0001,0.9958,0.0166,4.2249,4.2124,0.9958,11.4777,256.5882,0.0018,0.9958,16.0184,2.9279,2.9266
"ELM-sliding_5-net_para_{'hidden_size': (20, False), 'activation': 0}",0.0199,,0.00256801,0.0245,0.9959,0.0117,0.0003,0.0001,0.9959,0.0163,4.1699,4.1561,0.9959,11.2527,247.8772,0.0018,0.9959,15.7441,2.8826,2.8805
"ELM-sliding_2-net_para_{'hidden_size': (40, False), 'activation': 0}",0.009,,0.00140643,0.0119,0.9958,0.0119,0.0003,0.0001,0.9958,0.0166,4.2234,4.2113,0.9958,11.4784,256.5431,0.0018,0.9958,16.017,2.9274,2.9262
"ELM-sliding_3-net_para_{'hidden_size': (40, False), 'activation': 0}",0.0114,,0.00174427,0.0146,0.9958,0.0119,0.0003,0.0001,0.9958,0.0166,4.2249,4.2124,0.9958,11.4777,256.5882,0.0018,0.9958,16.0184,2.9279,2.9266
"ELM-sliding_5-net_para_{'hidden_size': (40, False), 'activation': 0}",0.0198,,0.00271463,0.0245,0.9959,0.0117,0.0003,0.0001,0.9959,0.0163,4.1699,4.1561,0.9959,11.2527,247.8772,0.0018,0.9959,15.7441,2.8826,2.8805
"ELM-sliding_2-net_para_{'hidden_size': (50, False), 'activation': 0}",0.009,,0.00143242,0.0119,0.9956,0.0144,0.0004,0.0002,0.9941,0.0196,4.9851,5.1524,0.9956,13.8845,357.7625,0.0024,0.9941,18.9146,3.4704,3.5461
"ELM-sliding_3-net_para_{'hidden_size': (50, False), 'activation': 0}",0.0118,,0.00180197,0.015,0.9958,0.0119,0.0003,0.0001,0.9958,0.0166,4.2249,4.2124,0.9958,11.4777,256.5882,0.0018,0.9958,16.0184,2.9279,2.9266
"ELM-sliding_5-net_para_{'hidden_size': (50, False), 'activation': 0}",0.0198,,0.00255394,0.0243,0.9959,0.0117,0.0003,0.0001,0.9959,0.0163,4.1699,4.1561,0.9959,11.2527,247.8772,0.0018,0.9959,15.7441,2.8826,2.8805
"ELM-sliding_2-net_para_{'hidden_size': (100, False), 'activation': 0}",0.0093,,0.00145173,0.0122,0.9958,0.0119,0.0003,0.0001,0.9958,0.0166,4.2234,4.2113,0.9958,11.4784,256.5431,0.0018,0.9958,16.017,2.9274,2.9262
"ELM-sliding_3-net_para_{'hidden_size': (100, False), 'activation': 0}",0.0115,,0.00176549,0.0147,0.9958,0.0119,0.0003,0.0001,0.9958,0.0166,4.2249,4.2124,0.9958,11.4777,256.5882,0.0018,0.9958,16.0184,2.9279,2.9266
"ELM-sliding_5-net_para_{'hidden_size': (100, False), 'activation': 0}",0.0198,,0.00255489,0.0243,0.9959,0.0117,0.0003,0.0001,0.9959,0.0163,4.1699,4.1561,0.9959,11.2527,247.8772,0.0018,0.9959,15.7441,2.8826,2.8805
"ELM-sliding_2-net_para_{'hidden_size': (150, False), 'activation': 0}",0.009,,0.00136733,0.0121,0.9958,0.0119,0.0003,0.0001,0.9958,0.0166,4.2234,4.2113,0.9958,11.4784,256.5431,0.0018,0.9958,16.017,2.9274,2.9262
"ELM-sliding_3-net_para_{'hidden_size': (150, False), 'activation': 0}",0.0115,,0.00174427,0.0147,0.9958,0.0119,0.0003,0.0001,0.9957,0.0166,4.2023,4.2159,0.9958,11.4812,258.1404,0.0018,0.9957,16.0667,2.9186,2.9276
"ELM-sliding_5-net_para_{'hidden_size': (150, False), 'activation': 0}",0.0201,,0.00250649,0.0249,0.9959,0.0117,0.0003,0.0001,0.9959,0.0163,4.1699,4.1561,0.9959,11.2527,247.8772,0.0018,0.9959,15.7441,2.8826,2.8805
"ELM-sliding_2-net_para_{'hidden_size': (200, False), 'activation': 0}",0.009,,0.00143385,0.0119,0.9958,0.0119,0.0003,0.0001,0.9958,0.0166,4.2234,4.2113,0.9958,11.4784,256.5431,0.0018,0.9958,16.017,2.9274,2.9262
"ELM-sliding_3-net_para_{'hidden_size': (200, False), 'activation': 0}",0.0114,,0.00180864,0.0146,0.9958,0.0119,0.0003,0.0001,0.9958,0.0166,4.2249,4.2124,0.9958,11.4777,256.5882,0.0018,0.9958,16.0184,2.9279,2.9266
"ELM-sliding_5-net_para_{'hidden_size': (200, False), 'activation': 0}",0.0202,,0.00255919,0.0249,0.9959,0.0117,0.0003,0.0001,0.9959,0.0163,4.1699,4.1561,0.9959,11.2527,247.8772,0.0018,0.9959,15.7441,2.8826,2.8805
"ELM-sliding_2-net_para_{'hidden_size': (20, False), 'activation': 0}",0.0068,,0.00135803,0.0094,0.9958,0.0119,0.0003,0.0001,0.9958,0.0166,4.2234,4.2113,0.9958,11.4784,256.5431,0.0018,0.9958,16.017,2.9274,2.9262
"ELM-sliding_3-net_para_{'hidden_size': (20, False), 'activation': 0}",0.0106,,0.00177288,0.0138,0.9958,0.0119,0.0003,0.0001,0.9958,0.0166,4.2249,4.2124,0.9958,11.4777,256.5882,0.0018,0.9958,16.0184,2.9279,2.9266
"ELM-sliding_5-net_para_{'hidden_size': (20, False), 'activation': 0}",0.0199,,0.0022099,0.0243,0.9959,0.0117,0.0003,0.0001,0.9959,0.0163,4.1699,4.1561,0.9959,11.2527,247.8772,0.0018,0.9959,15.7441,2.8826,2.8805
"ELM-sliding_2-net_para_{'hidden_size': (40, False), 'activation': 0}",0.008,,0.00121236,0.0106,0.9958,0.0119,0.0003,0.0001,0.9958,0.0166,4.2234,4.2113,0.9958,11.4784,256.5431,0.0018,0.9958,16.017,2.9274,2.9262
"ELM-sliding_3-net_para_{'hidden_size': (40, False), 'activation': 0}",0.01,,0.00155067,0.0128,0.9958,0.0119,0.0003,0.0001,0.9958,0.0166,4.2249,4.2124,0.9958,11.4777,256.5882,0.0018,0.9958,16.0184,2.9279,2.9266
"ELM-sliding_5-net_para_{'hidden_size': (40, False), 'activation': 0}",0.0197,,0.00248384,0.0242,0.9959,0.0117,0.0003,0.0001,0.9959,0.0163,4.1699,4.1561,0.9959,11.2527,247.8772,0.0018,0.9959,15.7441,2.8826,2.8805
"ELM-sliding_2-net_para_{'hidden_size': (50, False), 'activation': 0}",0.0091,,0.00144792,0.012,0.9958,0.0119,0.0003,0.0001,0.9958,0.0166,4.2234,4.2113,0.9958,11.4784,256.5431,0.0018,0.9958,16.017,2.9274,2.9262
"ELM-sliding_3-net_para_{'hidden_size': (50, False), 'activation': 0}",0.0116,,0.00176406,0.0148,0.9958,0.0119,0.0003,0.0001,0.9958,0.0166,4.2249,4.2124,0.9958,11.4777,256.5882,0.0018,0.9958,16.0184,2.9279,2.9266
"ELM-sliding_5-net_para_{'hidden_size': (50, False), 'activation': 0}",0.0198,,0.00256491,0.0244,0.9959,0.0117,0.0003,0.0001,0.9959,0.0163,4.1699,4.1561,0.9959,11.2527,247.8772,0.0018,0.9959,15.7441,2.8826,2.8805
"ELM-sliding_2-net_para_{'hidden_size': (100, False), 'activation': 0}",0.009,,0.00136781,0.0118,0.9958,0.0119,0.0003,0.0001,0.9958,0.0166,4.2234,4.2113,0.9958,11.4784,256.5431,0.0018,0.9958,16.017,2.9274,2.9262
"ELM-sliding_3-net_para_{'hidden_size': (100, False), 'activation': 0}",0.0114,,0.00177431,0.0146,0.9958,0.0119,0.0003,0.0001,0.9958,0.0166,4.2249,4.2124,0.9958,11.4777,256.5882,0.0018,0.9958,16.0184,2.9279,2.9266
"ELM-sliding_5-net_para_{'hidden_size': (100, False), 'activation': 0}",0.02,,0.00248671,0.0245,0.9959,0.0117,0.0003,0.0001,0.9959,0.0163,4.1699,4.1561,0.9959,11.2527,247.8772,0.0018,0.9959,15.7441,2.8826,2.8805
"ELM-sliding_2-net_para_{'hidden_size': (150, False), 'activation': 0}",0.0089,,0.00141144,0.0118,0.9957,0.0125,0.0003,0.0001,0.9955,0.017,4.5945,4.5,0.9957,12.062,270.2336,0.0019,0.9955,16.4388,3.1472,3.1121
"ELM-sliding_3-net_para_{'hidden_size': (150, False), 'activation': 0}",0.0121,,0.00207973,0.0156,0.9958,0.0119,0.0003,0.0001,0.9958,0.0166,4.2249,4.2124,0.9958,11.4777,256.5882,0.0018,0.9958,16.0184,2.9279,2.9266
"ELM-sliding_5-net_para_{'hidden_size': (150, False), 'activation': 0}",0.0197,,0.00254464,0.0243,0.9959,0.0117,0.0003,0.0001,0.9959,0.0163,4.1699,4.1561,0.9959,11.2527,247.8772,0.0018,0.9959,15.7441,2.8826,2.8805
"ELM-sliding_2-net_para_{'hidden_size': (200, False), 'activation': 0}",0.0091,,0.0014019,0.012,0.9958,0.012,0.0003,0.0001,0.9957,0.0167,4.3371,4.2891,0.9958,11.6292,258.856,0.0018,0.9957,16.089,2.9926,2.9766
"ELM-sliding_3-net_para_{'hidden_size': (200, False), 'activation': 0}",0.0116,,0.00173068,0.0148,0.9957,0.0126,0.0003,0.0002,0.9952,0.0177,4.4032,4.487,0.9957,12.2131,290.6309,0.002,0.9952,17.0479,3.0682,3.1084
"ELM-sliding_5-net_para_{'hidden_size': (200, False), 'activation': 0}",0.0197,,0.00275016,0.0244,0.9959,0.0117,0.0003,0.0001,0.9959,0.0163,4.1699,4.1561,0.9959,11.2527,247.8772,0.0018,0.9959,15.7441,2.8826,2.8805
"ELM-sliding_2-net_para_{'hidden_size': (20, False), 'activation': 0}",0.0068,,0.00137806,0.0094,0.9958,0.0119,0.0003,0.0001,0.9958,0.0166,4.2234,4.2113,0.9958,11.4784,256.5431,0.0018,0.9958,16.017,2.9274,2.9262
"ELM-sliding_3-net_para_{'hidden_size': (20, False), 'activation': 0}",0.0107,,0.00172043,0.0137,0.9958,0.0119,0.0003,0.0001,0.9958,0.0166,4.2249,4.2124,0.9958,11.4777,256.5882,0.0018,0.9958,16.0184,2.9279,2.9266
"ELM-sliding_5-net_para_{'hidden_size': (20, False), 'activation': 0}",0.0197,,0.00252438,0.0243,0.9958,0.0124,0.0003,0.0001,0.9955,0.017,4.5357,4.4421,0.9958,12.0145,270.5026,0.0019,0.9955,16.447,3.1129,3.0763
"ELM-sliding_2-net_para_{'hidden_size': (40, False), 'activation': 0}",0.0091,,0.00142264,0.012,0.9958,0.0119,0.0003,0.0001,0.9958,0.0166,4.2234,4.2113,0.9958,11.4784,256.5431,0.0018,0.9958,16.017,2.9274,2.9262
"ELM-sliding_3-net_para_{'hidden_size': (40, False), 'activation': 0}",0.0114,,0.00174642,0.0145,0.9957,0.0122,0.0003,0.0001,0.9957,0.0168,4.377,4.3214,0.9957,11.7436,262.5314,0.0018,0.9957,16.2028,3.0205,3.0004
"ELM-sliding_5-net_para_{'hidden_size': (40, False), 'activation': 0}",0.0197,,0.00256276,0.0242,0.9959,0.0117,0.0003,0.0001,0.9959,0.0163,4.1699,4.1561,0.9959,11.2527,247.8772,0.0018,0.9959,15.7441,2.8826,2.8805
"ELM-sliding_2-net_para_{'hidden_size': (50, False), 'activation': 0}",0.009,,0.00136495,0.0118,0.9958,0.0119,0.0003,0.0001,0.9958,0.0166,4.2234,4.2113,0.9958,11.4784,256.5431,0.0018,0.9958,16.017,2.9274,2.9262
"ELM-sliding_3-net_para_{'hidden_size': (50, False), 'activation': 0}",0.0113,,0.00178552,0.0146,0.9957,0.0125,0.0003,0.0002,0.9953,0.0174,4.3788,4.4598,0.9957,12.0266,281.5823,0.002,0.9953,16.7804,3.0446,3.0824
"ELM-sliding_5-net_para_{'hidden_size': (50, False), 'activation': 0}",0.0198,,0.002635,0.0244,0.9959,0.0117,0.0003,0.0001,0.9959,0.0163,4.1699,4.1561,0.9959,11.2527,247.8772,0.0018,0.9959,15.7441,2.8826,2.8805
"ELM-sliding_2-net_para_{'hidden_size': (100, False), 'activation': 0}",0.009,,0.00138569,0.0119,0.9958,0.0119,0.0003,0.0001,0.9958,0.0166,4.2234,4.2113,0.9958,11.4784,256.5431,0.0018,0.9958,16.017,2.9274,2.9262
"ELM-sliding_3-net_para_{'hidden_size': (100, False), 'activation': 0}",0.0114,,0.00174236,0.0145,0.9957,0.0125,0.0003,0.0001,0.9955,0.0171,4.5483,4.4622,0.9957,12.1007,273.9729,0.0019,0.9955,16.5521,3.1285,3.0953
"ELM-sliding_5-net_para_{'hidden_size': (100, False), 'activation': 0}",0.0199,,0.00273967,0.0247,0.9959,0.0117,0.0003,0.0001,0.9959,0.0163,4.1699,4.1561,0.9959,11.2527,247.8772,0.0018,0.9959,15.7441,2.8826,2.8805
"ELM-sliding_2-net_para_{'hidden_size': (150, False), 'activation': 0}",0.009,,0.00136757,0.0119,0.9958,0.0119,0.0003,0.0001,0.9958,0.0166,4.2234,4.2113,0.9958,11.4784,256.5431,0.0018,0.9958,16.017,2.9274,2.9262
"ELM-sliding_3-net_para_{'hidden_size': (150, False), 'activation': 0}",0.0117,,0.00178623,0.015,0.9958,0.0119,0.0003,0.0001,0.9958,0.0166,4.2249,4.2124,0.9958,11.4777,256.5882,0.0018,0.9958,16.0184,2.9279,2.9266
"ELM-sliding_5-net_para_{'hidden_size': (150, False), 'activation': 0}",0.0196,,0.00248528,0.0242,0.9958,0.0123,0.0003,0.0001,0.9954,0.0172,4.2616,4.3174,0.9958,11.8615,277.1571,0.0019,0.9954,16.648,2.9686,2.9982
"ELM-sliding_2-net_para_{'hidden_size': (200, False), 'activation': 0}",0.009,,0.00138235,0.0119,0.9958,0.0119,0.0003,0.0001,0.9958,0.0166,4.2234,4.2113,0.9958,11.4784,256.5431,0.0018,0.9958,16.017,2.9274,2.9262
"ELM-sliding_3-net_para_{'hidden_size': (200, False), 'activation': 0}",0.0114,,0.00175643,0.0145,0.9958,0.0119,0.0003,0.0001,0.9958,0.0166,4.2249,4.2124,0.9958,11.4777,256.5882,0.0018,0.9958,16.0184,2.9279,2.9266
"ELM-sliding_5-net_para_{'hidden_size': (200, False), 'activation': 0}",0.0197,,0.00249863,0.0242,0.9959,0.0117,0.0003,0.0001,0.9959,0.0163,4.1699,4.1561,0.9959,11.2527,247.8772,0.0018,0.9959,15.7441,2.8826,2.8805
"ELM-sliding_2-net_para_{'hidden_size': (20, False), 'activation': 0}",0.0068,,0.00137472,0.0094,0.9958,0.0119,0.0003,0.0001,0.9958,0.0166,4.2234,4.2113,0.9958,11.4784,256.5431,0.0018,0.9958,16.017,2.9274,2.9262
"ELM-sliding_3-net_para_{'hidden_size': (20, False), 'activation': 0}",0.0105,,0.00191164,0.0139,0.9958,0.0119,0.0003,0.0001,0.9958,0.0166,4.2249,4.2124,0.9958,11.4777,256.5882,0.0018,0.9958,16.0184,2.9279,2.9266
"ELM-sliding_5-net_para_{'hidden_size': (20, False), 'activation': 0}",0.0197,,0.0025661,0.0243,0.9959,0.0122,0.0003,0.0001,0.9957,0.0167,4.4432,4.3624,0.9959,11.7339,260.1809,0.0019,0.9957,16.1301,3.048,3.0177
"ELM-sliding_2-net_para_{'hidden_size': (40, False), 'activation': 0}",0.0091,,0.00138927,0.012,0.9958,0.0119,0.0003,0.0001,0.9958,0.0166,4.2234,4.2113,0.9958,11.4784,256.5431,0.0018,0.9958,16.017,2.9274,2.9262
"ELM-sliding_3-net_para_{'hidden_size': (40, False), 'activation': 0}",0.0114,,0.00172472,0.0146,0.9958,0.0119,0.0003,0.0001,0.9958,0.0166,4.2249,4.2124,0.9958,11.4777,256.5882,0.0018,0.9958,16.0184,2.9279,2.9266
"ELM-sliding_5-net_para_{'hidden_size': (40, False), 'activation': 0}",0.0197,,0.00250983,0.0242,0.9959,0.0117,0.0003,0.0001,0.9959,0.0163,4.1699,4.1561,0.9959,11.2527,247.8772,0.0018,0.9959,15.7441,2.8826,2.8805
"ELM-sliding_2-net_para_{'hidden_size': (50, False), 'activation': 0}",0.0092,,0.00145316,0.0121,0.9957,0.0137,0.0004,0.0002,0.9945,0.0188,4.805,4.952,0.9957,13.2501,330.3938,0.0023,0.9945,18.1767,3.3392,3.4053
"ELM-sliding_3-net_para_{'hidden_size': (50, False), 'activation': 0}",0.0115,,0.00197387,0.0149,0.9958,0.0119,0.0003,0.0001,0.9958,0.0166,4.2249,4.2124,0.9958,11.4777,256.5882,0.0018,0.9958,16.0184,2.9279,2.9266
"ELM-sliding_5-net_para_{'hidden_size': (50, False), 'activation': 0}",0.0201,,0.00256467,0.0247,0.9958,0.0122,0.0003,0.0001,0.9955,0.0171,4.2426,4.2931,0.9958,11.7886,273.9771,0.0019,0.9955,16.5523,2.9541,2.9815
"ELM-sliding_2-net_para_{'hidden_size': (100, False), 'activation': 0}",0.009,,0.0013907,0.0119,0.9958,0.0119,0.0003,0.0001,0.9958,0.0166,4.2234,4.2113,0.9958,11.4784,256.5431,0.0018,0.9958,16.017,2.9274,2.9262
"ELM-sliding_3-net_para_{'hidden_size': (100, False), 'activation': 0}",0.0115,,0.00175452,0.0146,0.9958,0.0119,0.0003,0.0001,0.9958,0.0166,4.2249,4.2124,0.9958,11.4777,256.5882,0.0018,0.9958,16.0184,2.9279,2.9266
"ELM-sliding_5-net_para_{'hidden_size': (100, False), 'activation': 0}",0.0197,,0.00255847,0.0243,0.9959,0.0117,0.0003,0.0001,0.9959,0.0163,4.1699,4.1561,0.9959,11.2527,247.8772,0.0018,0.9959,15.7441,2.8826,2.8805
"ELM-sliding_2-net_para_{'hidden_size': (150, False), 'activation': 0}",0.0094,,0.00137877,0.0123,0.9958,0.0119,0.0003,0.0001,0.9958,0.0166,4.2234,4.2113,0.9958,11.4784,256.5431,0.0018,0.9958,16.017,2.9274,2.9262
"ELM-sliding_3-net_para_{'hidden_size': (150, False), 'activation': 0}",0.0117,,0.00174189,0.0152,0.9958,0.0119,0.0003,0.0001,0.9958,0.0166,4.2249,4.2124,0.9958,11.4777,256.5882,0.0018,0.9958,16.0184,2.9279,2.9266
"ELM-sliding_5-net_para_{'hidden_size': (150, False), 'activation': 0}",0.0198,,0.00250602,0.0243,0.9959,0.0117,0.0003,0.0001,0.9959,0.0163,4.1699,4.1561,0.9959,11.2527,247.8772,0.0018,0.9959,15.7441,2.8826,2.8805
"ELM-sliding_2-net_para_{'hidden_size': (200, False), 'activation': 0}",0.009,,0.00143838,0.0119,0.9958,0.0119,0.0003,0.0001,0.9958,0.0166,4.2234,4.2113,0.9958,11.4784,256.5431,0.0018,0.9958,16.017,2.9274,2.9262
"ELM-sliding_3-net_para_{'hidden_size': (200, False), 'activation': 0}",0.0114,,0.00194907,0.0148,0.9958,0.0119,0.0003,0.0001,0.9958,0.0166,4.2249,4.2124,0.9958,11.4777,256.5882,0.0018,0.9958,16.0184,2.9279,2.9266
"ELM-sliding_5-net_para_{'hidden_size': (200, False), 'activation': 0}",0.0197,,0.00259209,0.0243,0.9959,0.0117,0.0003,0.0001,0.9959,0.0163,4.1699,4.1561,0.9959,11.2527,247.8772,0.0018,0.9959,15.7441,2.8826,2.8805
"ELM-sliding_2-net_para_{'hidden_size': (20, False), 'activation': 0}",0.0068,,0.00136065,0.0094,0.9958,0.0119,0.0003,0.0001,0.9958,0.0166,4.2234,4.2113,0.9958,11.4784,256.5431,0.0018,0.9958,16.017,2.9274,2.9262
"ELM-sliding_3-net_para_{'hidden_size': (20, False), 'activation': 0}",0.0107,,0.00178123,0.0139,0.9957,0.0125,0.0003,0.0001,0.9955,0.0171,4.5545,4.467,0.9957,12.0765,272.4953,0.0019,0.9955,16.5074,3.1296,3.0962
"ELM-sliding_5-net_para_{'hidden_size': (20, False), 'activation': 0}",0.0199,,0.0025351,0.0245,0.9959,0.0117,0.0003,0.0001,0.9959,0.0163,4.1699,4.1561,0.9959,11.2527,247.8772,0.0018,0.9959,15.7441,2.8826,2.8805
"ELM-sliding_2-net_para_{'hidden_size': (40, False), 'activation': 0}",0.009,,0.00142956,0.0119,0.9958,0.0119,0.0003,0.0001,0.9958,0.0166,4.2234,4.2113,0.9958,11.4784,256.5431,0.0018,0.9958,16.017,2.9274,2.9262
"ELM-sliding_3-net_para_{'hidden_size': (40, False), 'activation': 0}",0.0114,,0.0017612,0.0146,0.9958,0.0119,0.0003,0.0001,0.9958,0.0166,4.2249,4.2124,0.9958,11.4777,256.5882,0.0018,0.9958,16.0184,2.9279,2.9266
"ELM-sliding_5-net_para_{'hidden_size': (40, False), 'activation': 0}",0.0203,,0.00256014,0.0248,0.9959,0.0117,0.0003,0.0001,0.9959,0.0163,4.1699,4.1561,0.9959,11.2527,247.8772,0.0018,0.9959,15.7441,2.8826,2.8805
"ELM-sliding_2-net_para_{'hidden_size': (50, False), 'activation': 0}",0.0093,,0.00138617,0.0122,0.9958,0.0119,0.0003,0.0001,0.9958,0.0166,4.2234,4.2113,0.9958,11.4784,256.5431,0.0018,0.9958,16.017,2.9274,2.9262
"ELM-sliding_3-net_para_{'hidden_size': (50, False), 'activation': 0}",0.0114,,0.00176072,0.0146,0.9958,0.0119,0.0003,0.0001,0.9958,0.0166,4.2249,4.2124,0.9958,11.4777,256.5882,0.0018,0.9958,16.0184,2.9279,2.9266
"ELM-sliding_5-net_para_{'hidden_size': (50, False), 'activation': 0}",0.02,,0.0025897,0.0247,0.9959,0.0117,0.0003,0.0001,0.9959,0.0163,4.1699,4.1561,0.9959,11.2527,247.8772,0.0018,0.9959,15.7441,2.8826,2.8805
"ELM-sliding_2-net_para_{'hidden_size': (100, False), 'activation': 0}",0.0093,,0.00138116,0.0125,0.9958,0.0119,0.0003,0.0001,0.9958,0.0166,4.2234,4.2113,0.9958,11.4784,256.5431,0.0018,0.9958,16.017,2.9274,2.9262
"ELM-sliding_3-net_para_{'hidden_size': (100, False), 'activation': 0}",0.0118,,0.00178957,0.015,0.9958,0.0119,0.0003,0.0001,0.9958,0.0166,4.2249,4.2124,0.9958,11.4777,256.5882,0.0018,0.9958,16.0184,2.9279,2.9266
"ELM-sliding_5-net_para_{'hidden_size': (100, False), 'activation': 0}",0.02,,0.00270271,0.0247,0.9959,0.0117,0.0003,0.0001,0.9959,0.0163,4.1699,4.1561,0.9959,11.2527,247.8772,0.0018,0.9959,15.7441,2.8826,2.8805
"ELM-sliding_2-net_para_{'hidden_size': (150, False), 'activation': 0}",0.0094,,0.00137901,0.0123,0.9958,0.0119,0.0003,0.0001,0.9958,0.0166,4.2234,4.2113,0.9958,11.4784,256.5431,0.0018,0.9958,16.017,2.9274,2.9262
"ELM-sliding_3-net_para_{'hidden_size': (150, False), 'activation': 0}",0.0116,,0.00172973,0.0148,0.9958,0.0119,0.0003,0.0001,0.9958,0.0166,4.2249,4.2124,0.9958,11.4777,256.5882,0.0018,0.9958,16.0184,2.9279,2.9266
"ELM-sliding_5-net_para_{'hidden_size': (150, False), 'activation': 0}",0.0203,,0.00251508,0.0249,0.9959,0.0117,0.0003,0.0001,0.9959,0.0163,4.1699,4.1561,0.9959,11.2527,247.8772,0.0018,0.9959,15.7441,2.8826,2.8805
"ELM-sliding_2-net_para_{'hidden_size': (200, False), 'activation': 0}",0.009,,0.00142431,0.0119,0.9958,0.0119,0.0003,0.0001,0.9958,0.0166,4.2234,4.2113,0.9958,11.4784,256.5431,0.0018,0.9958,16.017,2.9274,2.9262
"ELM-sliding_3-net_para_{'hidden_size': (200, False), 'activation': 0}",0.0114,,0.0018487,0.0147,0.9958,0.0119,0.0003,0.0001,0.9958,0.0166,4.2249,4.2124,0.9958,11.4777,256.5882,0.0018,0.9958,16.0184,2.9279,2.9266
"ELM-sliding_5-net_para_{'hidden_size': (200, False), 'activation': 0}",0.0198,,0.00254107,0.0244,0.9959,0.0117,0.0003,0.0001,0.9959,0.0163,4.1699,4.1561,0.9959,11.2527,247.8772,0.0018,0.9959,15.7441,2.8826,2.8805
"ELM-sliding_2-net_para_{'hidden_size': (20, False), 'activation': 0}",0.0068,,0.00136018,0.0094,0.9958,0.0119,0.0003,0.0001,0.9958,0.0166,4.2234,4.2113,0.9958,11.4784,256.5431,0.0018,0.9958,16.017,2.9274,2.9262
"ELM-sliding_3-net_para_{'hidden_size': (20, False), 'activation': 0}",0.0106,,0.00177598,0.0138,0.9958,0.0119,0.0003,0.0001,0.9958,0.0166,4.2249,4.2124,0.9958,11.4777,256.5882,0.0018,0.9958,16.0184,2.9279,2.9266
"ELM-sliding_5-net_para_{'hidden_size': (20, False), 'activation': 0}",0.0198,,0.00254369,0.0244,0.9959,0.0117,0.0003,0.0001,0.9959,0.0163,4.1699,4.1561,0.9959,11.2527,247.8772,0.0018,0.9959,15.7441,2.8826,2.8805
"ELM-sliding_2-net_para_{'hidden_size': (40, False), 'activation': 0}",0.009,,0.00139809,0.0119,0.9958,0.0119,0.0003,0.0001,0.9958,0.0166,4.2234,4.2113,0.9958,11.4784,256.5431,0.0018,0.9958,16.017,2.9274,2.9262
"ELM-sliding_3-net_para_{'hidden_size': (40, False), 'activation': 0}",0.0115,,0.0017879,0.0146,0.9958,0.0119,0.0003,0.0001,0.9958,0.0166,4.2249,4.2124,0.9958,11.4777,256.5882,0.0018,0.9958,16.0184,2.9279,2.9266
"ELM-sliding_5-net_para_{'hidden_size': (40, False), 'activation': 0}",0.0197,,0.00254631,0.0243,0.9959,0.0117,0.0003,0.0001,0.9958,0.0165,4.1583,4.1741,0.9959,11.346,253.4215,0.0018,0.9958,15.9192,2.8833,2.8946
"ELM-sliding_2-net_para_{'hidden_size': (50, False), 'activation': 0}",0.0092,,0.00137186,0.012,0.9958,0.0119,0.0003,0.0001,0.9958,0.0166,4.2234,4.2113,0.9958,11.4784,256.5431,0.0018,0.9958,16.017,2.9274,2.9262
"ELM-sliding_3-net_para_{'hidden_size': (50, False), 'activation': 0}",0.0118,,0.0018208,0.015,0.9958,0.0119,0.0003,0.0001,0.9958,0.0166,4.2249,4.2124,0.9958,11.4777,256.5882,0.0018,0.9958,16.0184,2.9279,2.9266
"ELM-sliding_5-net_para_{'hidden_size': (50, False), 'activation': 0}",0.0202,,0.00249839,0.0247,0.9959,0.0117,0.0003,0.0001,0.9959,0.0163,4.1699,4.1561,0.9959,11.2527,247.8772,0.0018,0.9959,15.7441,2.8826,2.8805
"ELM-sliding_2-net_para_{'hidden_size': (100, False), 'activation': 0}",0.009,,0.00144887,0.0119,0.9958,0.0119,0.0003,0.0001,0.9958,0.0166,4.2234,4.2113,0.9958,11.4784,256.5431,0.0018,0.9958,16.017,2.9274,2.9262
"ELM-sliding_3-net_para_{'hidden_size': (100, False), 'activation': 0}",0.0117,,0.00177121,0.0148,0.9957,0.0119,0.0003,0.0001,0.9957,0.0167,4.2044,4.2173,0.9957,11.5182,260.5978,0.0018,0.9957,16.143,2.9207,2.9308
"ELM-sliding_5-net_para_{'hidden_size': (100, False), 'activation': 0}",0.0199,,0.00256014,0.0244,0.9959,0.0118,0.0003,0.0001,0.9958,0.0165,4.1604,4.1756,0.9959,11.3634,254.3648,0.0018,0.9958,15.9488,2.8851,2.8965
"ELM-sliding_2-net_para_{'hidden_size': (150, False), 'activation': 0}",0.009,,0.00136995,0.0119,0.9958,0.0119,0.0003,0.0001,0.9958,0.0166,4.2234,4.2113,0.9958,11.4784,256.5431,0.0018,0.9958,16.017,2.9274,2.9262
"ELM-sliding_3-net_para_{'hidden_size': (150, False), 'activation': 0}",0.0118,,0.00174642,0.015,0.9958,0.0119,0.0003,0.0001,0.9958,0.0166,4.2249,4.2124,0.9958,11.4777,256.5882,0.0018,0.9958,16.0184,2.9279,2.9266
"ELM-sliding_5-net_para_{'hidden_size': (150, False), 'activation': 0}",0.0199,,0.002496,0.0245,0.9959,0.012,0.0003,0.0001,0.9956,0.0168,4.2286,4.2817,0.9959,11.6019,264.459,0.0019,0.9956,16.2622,2.9371,2.9637
"ELM-sliding_2-net_para_{'hidden_size': (200, False), 'activation': 0}",0.0092,,0.00144029,0.0121,0.9958,0.0119,0.0003,0.0001,0.9958,0.0166,4.2234,4.2113,0.9958,11.4784,256.5431,0.0018,0.9958,16.017,2.9274,2.9262
"ELM-sliding_3-net_para_{'hidden_size': (200, False), 'activation': 0}",0.0114,,0.00180316,0.0146,0.9958,0.0119,0.0003,0.0001,0.9958,0.0166,4.2249,4.2124,0.9958,11.4777,256.5882,0.0018,0.9958,16.0184,2.9279,2.9266
"ELM-sliding_5-net_para_{'hidden_size': (200, False), 'activation': 0}",0.0197,,0.00256848,0.0242,0.9959,0.0118,0.0003,0.0001,0.9959,0.0164,4.225,4.1907,0.9959,11.3554,250.1592,0.0018,0.9959,15.8164,2.9165,2.905
"ELM-sliding_2-net_para_{'hidden_size': (20, False), 'activation': 0}",0.007,,0.00136828,0.0095,0.9958,0.0119,0.0003,0.0001,0.9958,0.0166,4.2234,4.2113,0.9958,11.4784,256.5431,0.0018,0.9958,16.017,2.9274,2.9262
"ELM-sliding_3-net_para_{'hidden_size': (20, False), 'activation': 0}",0.0108,,0.00177455,0.014,0.9958,0.0119,0.0003,0.0001,0.9958,0.0166,4.2249,4.2124,0.9958,11.4777,256.5882,0.0018,0.9958,16.0184,2.9279,2.9266
"ELM-sliding_5-net_para_{'hidden_size': (20, False), 'activation': 0}",0.0196,,0.00254178,0.0242,0.9959,0.0117,0.0003,0.0001,0.9959,0.0163,4.1699,4.1561,0.9959,11.2527,247.8772,0.0018,0.9959,15.7441,2.8826,2.8805
"ELM-sliding_2-net_para_{'hidden_size': (40, False), 'activation': 0}",0.009,,0.0013988,0.0119,0.9958,0.0119,0.0003,0.0001,0.9958,0.0166,4.2234,4.2113,0.9958,11.4784,256.5431,0.0018,0.9958,16.017,2.9274,2.9262
"ELM-sliding_3-net_para_{'hidden_size': (40, False), 'activation': 0}",0.0116,,0.00177002,0.0147,0.9958,0.0119,0.0003,0.0001,0.9958,0.0166,4.2249,4.2124,0.9958,11.4777,256.5882,0.0018,0.9958,16.0184,2.9279,2.9266
"ELM-sliding_5-net_para_{'hidden_size': (40, False), 'activation': 0}",0.0196,,0.00253558,0.0242,0.9959,0.0117,0.0003,0.0001,0.9959,0.0164,4.1536,4.1562,0.9959,11.265,249.3039,0.0018,0.9959,15.7894,2.8757,2.8808
"ELM-sliding_2-net_para_{'hidden_size': (50, False), 'activation': 0}",0.009,,0.0014348,0.0119,0.9958,0.0119,0.0003,0.0001,0.9958,0.0166,4.2234,4.2113,0.9958,11.4784,256.5431,0.0018,0.9958,16.017,2.9274,2.9262
"ELM-sliding_3-net_para_{'hidden_size': (50, False), 'activation': 0}",0.0119,,0.00179529,0.0151,0.9958,0.0119,0.0003,0.0001,0.9958,0.0166,4.2249,4.2124,0.9958,11.4777,256.5882,0.0018,0.9958,16.0184,2.9279,2.9266
"ELM-sliding_5-net_para_{'hidden_size': (50, False), 'activation': 0}",0.0197,,0.00249505,0.0243,0.9959,0.0117,0.0003,0.0001,0.9959,0.0163,4.1699,4.1561,0.9959,11.2527,247.8772,0.0018,0.9959,15.7441,2.8826,2.8805
"ELM-sliding_2-net_para_{'hidden_size': (100, False), 'activation': 0}",0.009,,0.00143862,0.0119,0.9958,0.0119,0.0003,0.0001,0.9958,0.0166,4.2234,4.2113,0.9958,11.4784,256.5431,0.0018,0.9958,16.017,2.9274,2.9262
"ELM-sliding_3-net_para_{'hidden_size': (100, False), 'activation': 0}",0.0116,,0.00193381,0.0149,0.9958,0.0119,0.0003,0.0001,0.9957,0.0166,4.2621,4.2343,0.9958,11.5208,256.9299,0.0018,0.9957,16.029,2.9488,2.941
"ELM-sliding_5-net_para_{'hidden_size': (100, False), 'activation': 0}",0.02,,0.00256419,0.0246,0.9959,0.0117,0.0003,0.0001,0.9959,0.0163,4.184,4.1632,0.9959,11.2667,247.9185,0.0018,0.9959,15.7454,2.8901,2.8852
"ELM-sliding_2-net_para_{'hidden_size': (150, False), 'activation': 0}",0.009,,0.00136924,0.0118,0.9958,0.0119,0.0003,0.0001,0.9958,0.0166,4.2234,4.2113,0.9958,11.4784,256.5431,0.0018,0.9958,16.017,2.9274,2.9262
"ELM-sliding_3-net_para_{'hidden_size': (150, False), 'activation': 0}",0.0114,,0.00179148,0.0146,0.9957,0.0119,0.0003,0.0001,0.9957,0.0167,4.203,4.2114,0.9957,11.4887,258.8248,0.0018,0.9957,16.088,2.9183,2.9261
"ELM-sliding_5-net_para_{'hidden_size': (150, False), 'activation': 0}",0.0199,,0.00250125,0.0245,0.9959,0.0118,0.0003,0.0001,0.9959,0.0164,4.2406,4.2016,0.9959,11.3765,250.5876,0.0018,0.9959,15.83,2.9253,2.912
"ELM-sliding_2-net_para_{'hidden_size': (200, False), 'activation': 0}",0.009,,0.00141382,0.0119,0.9956,0.0139,0.0004,0.0002,0.9944,0.0191,4.7696,4.9086,0.9956,13.3997,339.9243,0.0023,0.9944,18.437,3.3299,3.3945
"ELM-sliding_3-net_para_{'hidden_size': (200, False), 'activation': 0}",0.0116,,0.00177503,0.0147,0.9958,0.0119,0.0003,0.0001,0.9958,0.0166,4.2249,4.2124,0.9958,11.4777,256.5882,0.0018,0.9958,16.0184,2.9279,2.9266
"ELM-sliding_5-net_para_{'hidden_size': (200, False), 'activation': 0}",0.0197,,0.00255156,0.0242,0.9957,0.0126,0.0003,0.0002,0.9952,0.0177,4.325,4.393,0.9957,12.1571,290.8834,0.0019,0.9952,17.0553,3.0192,3.0548
"ELM-sliding_2-net_para_{'hidden_size': (20, False), 'activation': 0}",0.0069,,0.00135756,0.0094,0.9958,0.0119,0.0003,0.0001,0.9958,0.0166,4.2234,4.2113,0.9958,11.4784,256.5431,0.0018,0.9958,16.017,2.9274,2.9262
"ELM-sliding_3-net_para_{'hidden_size': (20, False), 'activation': 0}",0.0108,,0.00183845,0.014,0.9958,0.0119,0.0003,0.0001,0.9958,0.0166,4.2249,4.2124,0.9958,11.4777,256.5882,0.0018,0.9958,16.0184,2.9279,2.9266
"ELM-sliding_5-net_para_{'hidden_size': (20, False), 'activation': 0}",0.0198,,0.00251198,0.0246,0.9959,0.0117,0.0003,0.0001,0.9959,0.0163,4.1699,4.1561,0.9959,11.2527,247.8772,0.0018,0.9959,15.7441,2.8826,2.8805
"ELM-sliding_2-net_para_{'hidden_size': (40, False), 'activation': 0}",0.0091,,0.0021379,0.0126,0.9958,0.0119,0.0003,0.0001,0.9958,0.0166,4.2234,4.2113,0.9958,11.4784,256.5431,0.0018,0.9958,16.017,2.9274,2.9262
"ELM-sliding_3-net_para_{'hidden_size': (40, False), 'activation': 0}",0.0117,,0.00174785,0.0151,0.9958,0.0119,0.0003,0.0001,0.9958,0.0166,4.2249,4.2124,0.9958,11.4777,256.5882,0.0018,0.9958,16.0184,2.9279,2.9266
"ELM-sliding_5-net_para_{'hidden_size': (40, False), 'activation': 0}",0.0196,,0.00253654,0.0242,0.9959,0.0117,0.0003,0.0001,0.9959,0.0163,4.1699,4.1561,0.9959,11.2527,247.8772,0.0018,0.9959,15.7441,2.8826,2.8805
"ELM-sliding_2-net_para_{'hidden_size': (50, False), 'activation': 0}",0.0096,,0.00177741,0.0135,0.9958,0.0119,0.0003,0.0001,0.9958,0.0166,4.2234,4.2113,0.9958,11.4784,256.5431,0.0018,0.9958,16.017,2.9274,2.9262
"ELM-sliding_3-net_para_{'hidden_size': (50, False), 'activation': 0}",0.0114,,0.00175285,0.0145,0.9958,0.0119,0.0003,0.0001,0.9958,0.0166,4.2249,4.2124,0.9958,11.4777,256.5882,0.0018,0.9958,16.0184,2.9279,2.9266
"ELM-sliding_5-net_para_{'hidden_size': (50, False), 'activation': 0}",0.0207,,0.00259995,0.0253,0.9959,0.0117,0.0003,0.0001,0.9959,0.0163,4.1699,4.1561,0.9959,11.2527,247.8772,0.0018,0.9959,15.7441,2.8826,2.8805
"ELM-sliding_2-net_para_{'hidden_size': (100, False), 'activation': 0}",0.0093,,0.00139809,0.0123,0.9958,0.0119,0.0003,0.0001,0.9958,0.0166,4.2234,4.2113,0.9958,11.4784,256.5431,0.0018,0.9958,16.017,2.9274,2.9262
"ELM-sliding_3-net_para_{'hidden_size': (100, False), 'activation': 0}",0.0119,,0.00182796,0.0159,0.9958,0.0119,0.0003,0.0001,0.9958,0.0166,4.2249,4.2124,0.9958,11.4777,256.5882,0.0018,0.9958,16.0184,2.9279,2.9266
"ELM-sliding_5-net_para_{'hidden_size': (100, False), 'activation': 0}",0.02,,0.00253177,0.0245,0.9959,0.0117,0.0003,0.0001,0.9959,0.0163,4.1699,4.1561,0.9959,11.2527,247.8772,0.0018,0.9959,15.7441,2.8826,2.8805
"ELM-sliding_2-net_para_{'hidden_size': (150, False), 'activation': 0}",0.0086,,0.00137615,0.0115,0.9958,0.0119,0.0003,0.0001,0.9958,0.0166,4.2234,4.2113,0.9958,11.4784,256.5431,0.0018,0.9958,16.017,2.9274,2.9262
"ELM-sliding_3-net_para_{'hidden_size': (150, False), 'activation': 0}",0.0113,,0.0017364,0.0144,0.9958,0.0119,0.0003,0.0001,0.9958,0.0166,4.2249,4.2124,0.9958,11.4777,256.5882,0.0018,0.9958,16.0184,2.9279,2.9266
"ELM-sliding_5-net_para_{'hidden_size': (150, False), 'activation': 0}",0.0195,,0.00251484,0.024,0.9958,0.0127,0.0003,0.0001,0.9954,0.0173,4.6208,4.5157,0.9958,12.2233,277.7222,0.0019,0.9954,16.665,3.1689,3.1272
"ELM-sliding_2-net_para_{'hidden_size': (200, False), 'activation': 0}",0.0088,,0.00142336,0.0116,0.9958,0.0119,0.0003,0.0001,0.9958,0.0166,4.2234,4.2113,0.9958,11.4784,256.5431,0.0018,0.9958,16.017,2.9274,2.9262
"ELM-sliding_3-net_para_{'hidden_size': (200, False), 'activation': 0}",0.0115,,0.00179172,0.0147,0.9958,0.0119,0.0003,0.0001,0.9958,0.0166,4.2249,4.2124,0.9958,11.4777,256.5882,0.0018,0.9958,16.0184,2.9279,2.9266
"ELM-sliding_5-net_para_{'hidden_size': (200, False), 'activation': 0}",0.0193,,0.00253153,0.0238,0.9959,0.0117,0.0003,0.0001,0.9959,0.0163,4.1699,4.1561,0.9959,11.2527,247.8772,0.0018,0.9959,15.7441,2.8826,2.8805
"ELM-sliding_2-net_para_{'hidden_size': (20, False), 'activation': 0}",0.0068,,0.0013597,0.0093,0.9958,0.0119,0.0003,0.0001,0.9958,0.0166,4.2234,4.2113,0.9958,11.4784,256.5431,0.0018,0.9958,16.017,2.9274,2.9262
"ELM-sliding_3-net_para_{'hidden_size': (20, False), 'activation': 0}",0.0107,,0.00177169,0.0139,0.9958,0.0119,0.0003,0.0001,0.9958,0.0166,4.2249,4.2124,0.9958,11.4777,256.5882,0.0018,0.9958,16.0184,2.9279,2.9266
"ELM-sliding_5-net_para_{'hidden_size': (20, False), 'activation': 0}",0.0194,,0.00252771,0.0239,0.9959,0.0117,0.0003,0.0001,0.9959,0.0163,4.1699,4.1561,0.9959,11.2527,247.8772,0.0018,0.9959,15.7441,2.8826,2.8805
"ELM-sliding_2-net_para_{'hidden_size': (40, False), 'activation': 0}",0.0087,,0.00136757,0.0116,0.9958,0.0119,0.0003,0.0001,0.9958,0.0166,4.2234,4.2113,0.9958,11.4784,256.5431,0.0018,0.9958,16.017,2.9274,2.9262
"ELM-sliding_3-net_para_{'hidden_size': (40, False), 'activation': 0}",0.0112,,0.00179124,0.0144,0.9958,0.0119,0.0003,0.0001,0.9958,0.0166,4.2249,4.2124,0.9958,11.4777,256.5882,0.0018,0.9958,16.0184,2.9279,2.9266
"ELM-sliding_5-net_para_{'hidden_size': (40, False), 'activation': 0}",0.0194,,0.00254631,0.0239,0.9959,0.0117,0.0003,0.0001,0.9959,0.0163,4.1699,4.1561,0.9959,11.2527,247.8772,0.0018,0.9959,15.7441,2.8826,2.8805
"ELM-sliding_2-net_para_{'hidden_size': (50, False), 'activation': 0}",0.0087,,0.00135827,0.0114,0.9958,0.0119,0.0003,0.0001,0.9958,0.0166,4.2234,4.2113,0.9958,11.4784,256.5431,0.0018,0.9958,16.017,2.9274,2.9262
"ELM-sliding_3-net_para_{'hidden_size': (50, False), 'activation': 0}",0.0111,,0.00176787,0.0143,0.9958,0.0119,0.0003,0.0001,0.9958,0.0166,4.2249,4.2124,0.9958,11.4777,256.5882,0.0018,0.9958,16.0184,2.9279,2.9266
"ELM-sliding_5-net_para_{'hidden_size': (50, False), 'activation': 0}",0.0195,,0.00252414,0.024,0.9959,0.0117,0.0003,0.0001,0.9959,0.0163,4.1699,4.1561,0.9959,11.2527,247.8772,0.0018,0.9959,15.7441,2.8826,2.8805
"ELM-sliding_2-net_para_{'hidden_size': (100, False), 'activation': 0}",0.0088,,0.00138378,0.0117,0.9958,0.0119,0.0003,0.0001,0.9958,0.0166,4.2234,4.2113,0.9958,11.4784,256.5431,0.0018,0.9958,16.017,2.9274,2.9262
"ELM-sliding_3-net_para_{'hidden_size': (100, False), 'activation': 0}",0.0114,,0.00171924,0.0145,0.9958,0.0119,0.0003,0.0001,0.9958,0.0166,4.2249,4.2124,0.9958,11.4777,256.5882,0.0018,0.9958,16.0184,2.9279,2.9266
"ELM-sliding_5-net_para_{'hidden_size': (100, False), 'activation': 0}",0.0199,,0.00279737,0.0248,0.9959,0.0117,0.0003,0.0001,0.9959,0.0163,4.1699,4.1561,0.9959,11.2527,247.8772,0.0018,0.9959,15.7441,2.8826,2.8805
"ELM-sliding_2-net_para_{'hidden_size': (150, False), 'activation': 0}",0.0088,,0.00141549,0.0116,0.9957,0.0119,0.0003,0.0001,0.9957,0.0166,4.2079,4.2126,0.9957,11.4827,257.2796,0.0018,0.9957,16.0399,2.9221,2.9261
"ELM-sliding_3-net_para_{'hidden_size': (150, False), 'activation': 0}",0.0115,,0.00176501,0.0147,0.9958,0.0119,0.0003,0.0001,0.9958,0.0166,4.2249,4.2124,0.9958,11.4777,256.5882,0.0018,0.9958,16.0184,2.9279,2.9266
"ELM-sliding_5-net_para_{'hidden_size': (150, False), 'activation': 0}",0.0195,,0.00254393,0.024,0.9959,0.0117,0.0003,0.0001,0.9959,0.0163,4.1699,4.1561,0.9959,11.2527,247.8772,0.0018,0.9959,15.7441,2.8826,2.8805
"ELM-sliding_2-net_para_{'hidden_size': (200, False), 'activation': 0}",0.0086,,0.00142241,0.0115,0.9958,0.0119,0.0003,0.0001,0.9958,0.0166,4.2234,4.2113,0.9958,11.4784,256.5431,0.0018,0.9958,16.017,2.9274,2.9262
"ELM-sliding_3-net_para_{'hidden_size': (200, False), 'activation': 0}",0.0112,,0.00195432,0.0147,0.9958,0.0119,0.0003,0.0001,0.9958,0.0166,4.2249,4.2124,0.9958,11.4777,256.5882,0.0018,0.9958,16.0184,2.9279,2.9266
"ELM-sliding_5-net_para_{'hidden_size': (200, False), 'activation': 0}",0.0192,,0.00255156,0.024,0.9959,0.0117,0.0003,0.0001,0.9959,0.0163,4.1699,4.1561,0.9959,11.2527,247.8772,0.0018,0.9959,15.7441,2.8826,2.8805
"ELM-sliding_2-net_para_{'hidden_size': (20, False), 'activation': 0}",0.0069,,0.00140548,0.0097,0.9957,0.0128,0.0003,0.0002,0.9951,0.0177,4.5043,4.6099,0.9957,12.3416,293.3789,0.0021,0.9951,17.1283,3.1289,3.1768
"ELM-sliding_3-net_para_{'hidden_size': (20, False), 'activation': 0}",0.0105,,0.00176811,0.0136,0.9957,0.0126,0.0003,0.0001,0.9954,0.0172,4.5795,4.4882,0.9957,12.142,274.8885,0.0019,0.9954,16.5798,3.1463,3.1112
"ELM-sliding_5-net_para_{'hidden_size': (20, False), 'activation': 0}",0.0193,,0.00255466,0.0238,0.9959,0.0117,0.0003,0.0001,0.9959,0.0163,4.1699,4.1561,0.9959,11.2527,247.8772,0.0018,0.9959,15.7441,2.8826,2.8805
"ELM-sliding_2-net_para_{'hidden_size': (40, False), 'activation': 0}",0.0087,,0.00145745,0.0115,0.9958,0.0119,0.0003,0.0001,0.9958,0.0166,4.2234,4.2113,0.9958,11.4784,256.5431,0.0018,0.9958,16.017,2.9274,2.9262
"ELM-sliding_3-net_para_{'hidden_size': (40, False), 'activation': 0}",0.0087,,0.00102973,0.0111,0.9957,0.0119,0.0003,0.0001,0.9957,0.0167,4.2048,4.2238,0.9957,11.5111,260.0114,0.0018,0.9957,16.1249,2.9215,2.9334
"ELM-sliding_5-net_para_{'hidden_size': (40, False), 'activation': 0}",0.0112,,0.00147057,0.0139,0.9959,0.0117,0.0003,0.0001,0.9959,0.0163,4.1699,4.1561,0.9959,11.2527,247.8772,0.0018,0.9959,15.7441,2.8826,2.8805
"ELM-sliding_2-net_para_{'hidden_size': (50, False), 'activation': 0}",0.0051,,0.0008266,0.0068,0.9958,0.012,0.0003,0.0001,0.9957,0.0166,4.2758,4.2436,0.9958,11.5433,257.2781,0.0018,0.9957,16.0399,2.9572,2.9476
"ELM-sliding_3-net_para_{'hidden_size': (50, False), 'activation': 0}",0.0067,,0.00100946,0.0085,0.9958,0.0119,0.0003,0.0001,0.9958,0.0166,4.2249,4.2124,0.9958,11.4777,256.5882,0.0018,0.9958,16.0184,2.9279,2.9266
"ELM-sliding_5-net_para_{'hidden_size': (50, False), 'activation': 0}",0.0112,,0.00150466,0.0139,0.9958,0.0124,0.0003,0.0001,0.9955,0.017,4.4903,4.4045,0.9958,11.9537,269.0556,0.0019,0.9955,16.4029,3.0869,3.0532
"ELM-sliding_2-net_para_{'hidden_size': (100, False), 'activation': 0}",0.005,,0.00080466,0.0067,0.9958,0.0119,0.0003,0.0001,0.9958,0.0166,4.2234,4.2113,0.9958,11.4784,256.5431,0.0018,0.9958,16.017,2.9274,2.9262
"ELM-sliding_3-net_para_{'hidden_size': (100, False), 'activation': 0}",0.0064,,0.00100589,0.0083,0.9958,0.0119,0.0003,0.0001,0.9958,0.0166,4.2249,4.2124,0.9958,11.4777,256.5882,0.0018,0.9958,16.0184,2.9279,2.9266
"ELM-sliding_5-net_para_{'hidden_size': (100, False), 'activation': 0}",0.0112,,0.00146008,0.0139,0.9959,0.0117,0.0003,0.0001,0.9959,0.0163,4.1699,4.1561,0.9959,11.2527,247.8772,0.0018,0.9959,15.7441,2.8826,2.8805
"ELM-sliding_2-net_para_{'hidden_size': (150, False), 'activation': 0}",0.005,,0.0007956,0.0067,0.9958,0.0119,0.0003,0.0001,0.9958,0.0166,4.2234,4.2113,0.9958,11.4784,256.5431,0.0018,0.9958,16.017,2.9274,2.9262
"ELM-sliding_3-net_para_{'hidden_size': (150, False), 'activation': 0}",0.0064,,0.00104332,0.0083,0.9958,0.0119,0.0003,0.0001,0.9958,0.0166,4.2249,4.2124,0.9958,11.4777,256.5882,0.0018,0.9958,16.0184,2.9279,2.9266
"ELM-sliding_5-net_para_{'hidden_size': (150, False), 'activation': 0}",0.0111,,0.00146294,0.0138,0.9959,0.0118,0.0003,0.0001,0.9959,0.0164,4.2431,4.203,0.9959,11.3659,250.1082,0.0018,0.9959,15.8148,2.9255,2.912
"ELM-sliding_2-net_para_{'hidden_size': (200, False), 'activation': 0}",0.0051,,0.0008049,0.0068,0.9958,0.0119,0.0003,0.0001,0.9958,0.0166,4.2234,4.2113,0.9958,11.4784,256.5431,0.0018,0.9958,16.017,2.9274,2.9262
"ELM-sliding_3-net_para_{'hidden_size': (200, False), 'activation': 0}",0.0064,,0.00104094,0.0083,0.9958,0.0119,0.0003,0.0001,0.9958,0.0166,4.2249,4.2124,0.9958,11.4777,256.5882,0.0018,0.9958,16.0184,2.9279,2.9266
"ELM-sliding_5-net_para_{'hidden_size': (200, False), 'activation': 0}",0.0115,,0.00152564,0.0142,0.9959,0.0118,0.0003,0.0001,0.9958,0.0166,4.1698,4.1988,0.9959,11.394,255.5158,0.0018,0.9958,15.9849,2.8932,2.9097
"ELM-sliding_2-net_para_{'hidden_size': (20, False), 'activation': 0}",0.0058,,0.00082517,0.0078,0.9957,0.0138,0.0003,0.0002,0.9949,0.0182,5.2621,5.0839,0.9957,13.3114,308.7567,0.0023,0.9949,17.5715,3.5598,3.4907
"ELM-sliding_3-net_para_{'hidden_size': (20, False), 'activation': 0}",0.0061,,0.0010066,0.0079,0.9958,0.0119,0.0003,0.0001,0.9958,0.0166,4.2249,4.2124,0.9958,11.4777,256.5882,0.0018,0.9958,16.0184,2.9279,2.9266
"ELM-sliding_5-net_para_{'hidden_size': (20, False), 'activation': 0}",0.0112,,0.00149608,0.0139,0.9959,0.0117,0.0003,0.0001,0.9959,0.0163,4.1699,4.1561,0.9959,11.2527,247.8772,0.0018,0.9959,15.7441,2.8826,2.8805
"ELM-sliding_2-net_para_{'hidden_size': (40, False), 'activation': 0}",0.005,,0.00079918,0.0067,0.9958,0.0119,0.0003,0.0001,0.9958,0.0166,4.2234,4.2113,0.9958,11.4784,256.5431,0.0018,0.9958,16.017,2.9274,2.9262
"ELM-sliding_3-net_para_{'hidden_size': (40, False), 'activation': 0}",0.0064,,0.00102329,0.0083,0.9958,0.0119,0.0003,0.0001,0.9958,0.0166,4.2249,4.2124,0.9958,11.4777,256.5882,0.0018,0.9958,16.0184,2.9279,2.9266
"ELM-sliding_5-net_para_{'hidden_size': (40, False), 'activation': 0}",0.0112,,0.00145841,0.0138,0.9959,0.0117,0.0003,0.0001,0.9959,0.0163,4.1699,4.1561,0.9959,11.2527,247.8772,0.0018,0.9959,15.7441,2.8826,2.8805
"ELM-sliding_2-net_para_{'hidden_size': (50, False), 'activation': 0}",0.005,,0.00078845,0.0066,0.9958,0.0119,0.0003,0.0001,0.9958,0.0166,4.2234,4.2113,0.9958,11.4784,256.5431,0.0018,0.9958,16.017,2.9274,2.9262
"ELM-sliding_3-net_para_{'hidden_size': (50, False), 'activation': 0}",0.0064,,0.00105548,0.0083,0.9958,0.0119,0.0003,0.0001,0.9958,0.0166,4.2249,4.2124,0.9958,11.4777,256.5882,0.0018,0.9958,16.0184,2.9279,2.9266
"ELM-sliding_5-net_para_{'hidden_size': (50, False), 'activation': 0}",0.0114,,0.0014956,0.0141,0.9959,0.0117,0.0003,0.0001,0.9959,0.0163,4.1766,4.1592,0.9959,11.2581,247.8466,0.0018,0.9959,15.7431,2.886,2.8825
"ELM-sliding_2-net_para_{'hidden_size': (100, False), 'activation': 0}",0.005,,0.00079536,0.0067,0.9957,0.0128,0.0003,0.0002,0.9951,0.0178,4.4947,4.5975,0.9957,12.4029,297.0242,0.0021,0.9951,17.2344,3.1276,3.1751
"ELM-sliding_3-net_para_{'hidden_size': (100, False), 'activation': 0}",0.0064,,0.00100279,0.0082,0.9958,0.0119,0.0003,0.0001,0.9958,0.0166,4.2249,4.2124,0.9958,11.4777,256.5882,0.0018,0.9958,16.0184,2.9279,2.9266
"ELM-sliding_5-net_para_{'hidden_size': (100, False), 'activation': 0}",0.0112,,0.00150251,0.0138,0.9959,0.0117,0.0003,0.0001,0.9959,0.0163,4.1699,4.1561,0.9959,11.2527,247.8772,0.0018,0.9959,15.7441,2.8826,2.8805
"ELM-sliding_2-net_para_{'hidden_size': (150, False), 'activation': 0}",0.005,,0.0008328,0.0067,0.9958,0.0119,0.0003,0.0001,0.9957,0.0166,4.2105,4.2066,0.9958,11.4702,256.8349,0.0018,0.9957,16.0261,2.9208,2.923
"ELM-sliding_3-net_para_{'hidden_size': (150, False), 'activation': 0}",0.0065,,0.00100946,0.0083,0.9958,0.0119,0.0003,0.0001,0.9958,0.0166,4.2249,4.2124,0.9958,11.4777,256.5882,0.0018,0.9958,16.0184,2.9279,2.9266
"ELM-sliding_5-net_para_{'hidden_size': (150, False), 'activation': 0}",0.0192,,0.00255036,0.0238,0.9959,0.0117,0.0003,0.0001,0.9959,0.0163,4.1699,4.1561,0.9959,11.2527,247.8772,0.0018,0.9959,15.7441,2.8826,2.8805
"ELM-sliding_2-net_para_{'hidden_size': (200, False), 'activation': 0}",0.0087,,0.00136542,0.0115,0.9958,0.0119,0.0003,0.0001,0.9958,0.0166,4.2234,4.2113,0.9958,11.4784,256.5431,0.0018,0.9958,16.017,2.9274,2.9262
"ELM-sliding_3-net_para_{'hidden_size': (200, False), 'activation': 0}",0.0112,,0.00204635,0.0147,0.9958,0.0119,0.0003,0.0001,0.9958,0.0166,4.2249,4.2124,0.9958,11.4777,256.5882,0.0018,0.9958,16.0184,2.9279,2.9266
"ELM-sliding_5-net_para_{'hidden_size': (200, False), 'activation': 0}",0.0194,,0.00268221,0.0242,0.9959,0.0117,0.0003,0.0001,0.9959,0.0163,4.1699,4.1561,0.9959,11.2527,247.8772,0.0018,0.9959,15.7441,2.8826,2.8805
"ELM-sliding_2-net_para_{'hidden_size': (20, False), 'activation': 0}",0.0068,,0.00157928,0.0095,0.9958,0.0119,0.0003,0.0001,0.9958,0.0166,4.2234,4.2113,0.9958,11.4784,256.5431,0.0018,0.9958,16.017,2.9274,2.9262
"ELM-sliding_3-net_para_{'hidden_size': (20, False), 'activation': 0}",0.0106,,0.00171399,0.0137,0.9958,0.0119,0.0003,0.0001,0.9958,0.0166,4.2249,4.2124,0.9958,11.4777,256.5882,0.0018,0.9958,16.0184,2.9279,2.9266
"ELM-sliding_5-net_para_{'hidden_size': (20, False), 'activation': 0}",0.0193,,0.00247359,0.0238,0.9959,0.0117,0.0003,0.0001,0.9959,0.0163,4.1699,4.1561,0.9959,11.2527,247.8772,0.0018,0.9959,15.7441,2.8826,2.8805
"ELM-sliding_2-net_para_{'hidden_size': (40, False), 'activation': 0}",0.0088,,0.00140285,0.0116,0.9958,0.0119,0.0003,0.0001,0.9958,0.0166,4.2234,4.2113,0.9958,11.4784,256.5431,0.0018,0.9958,16.017,2.9274,2.9262
"ELM-sliding_3-net_para_{'hidden_size': (40, False), 'activation': 0}",0.0114,,0.00172281,0.0145,0.9958,0.0119,0.0003,0.0001,0.9958,0.0166,4.2249,4.2124,0.9958,11.4777,256.5882,0.0018,0.9958,16.0184,2.9279,2.9266
"ELM-sliding_5-net_para_{'hidden_size': (40, False), 'activation': 0}",0.0192,,0.00253963,0.0238,0.9959,0.0117,0.0003,0.0001,0.9959,0.0163,4.1699,4.1561,0.9959,11.2527,247.8772,0.0018,0.9959,15.7441,2.8826,2.8805
"ELM-sliding_2-net_para_{'hidden_size': (50, False), 'activation': 0}",0.0089,,0.00144696,0.0118,0.9958,0.0119,0.0003,0.0001,0.9958,0.0166,4.2234,4.2113,0.9958,11.4784,256.5431,0.0018,0.9958,16.017,2.9274,2.9262
"ELM-sliding_3-net_para_{'hidden_size': (50, False), 'activation': 0}",0.0114,,0.00174046,0.0145,0.9958,0.0119,0.0003,0.0001,0.9958,0.0166,4.2249,4.2124,0.9958,11.4777,256.5882,0.0018,0.9958,16.0184,2.9279,2.9266
"ELM-sliding_5-net_para_{'hidden_size': (50, False), 'activation': 0}",0.0194,,0.00249982,0.0239,0.9959,0.0117,0.0003,0.0001,0.9959,0.0163,4.1699,4.1561,0.9959,11.2527,247.8772,0.0018,0.9959,15.7441,2.8826,2.8805
"ELM-sliding_2-net_para_{'hidden_size': (100, False), 'activation': 0}",0.0087,,0.00141549,0.0115,0.9958,0.0119,0.0003,0.0001,0.9958,0.0166,4.2234,4.2113,0.9958,11.4784,256.5431,0.0018,0.9958,16.017,2.9274,2.9262
"ELM-sliding_3-net_para_{'hidden_size': (100, False), 'activation': 0}",0.0115,,0.00199938,0.0149,0.9958,0.0119,0.0003,0.0001,0.9958,0.0166,4.2249,4.2124,0.9958,11.4777,256.5882,0.0018,0.9958,16.0184,2.9279,2.9266
"ELM-sliding_5-net_para_{'hidden_size': (100, False), 'activation': 0}",0.0193,,0.00252986,0.0238,0.9959,0.0117,0.0003,0.0001,0.9959,0.0163,4.1699,4.1561,0.9959,11.2527,247.8772,0.0018,0.9959,15.7441,2.8826,2.8805
"ELM-sliding_2-net_para_{'hidden_size': (150, False), 'activation': 0}",0.0086,,0.00141454,0.0115,0.9958,0.0119,0.0003,0.0001,0.9958,0.0166,4.2234,4.2113,0.9958,11.4784,256.5431,0.0018,0.9958,16.017,2.9274,2.9262
"ELM-sliding_3-net_para_{'hidden_size': (150, False), 'activation': 0}",0.0114,,0.00180888,0.0146,0.9958,0.0119,0.0003,0.0001,0.9958,0.0166,4.2249,4.2124,0.9958,11.4777,256.5882,0.0018,0.9958,16.0184,2.9279,2.9266
"ELM-sliding_5-net_para_{'hidden_size': (150, False), 'activation': 0}",0.0195,,0.00253725,0.0241,0.9959,0.0117,0.0003,0.0001,0.9959,0.0163,4.1699,4.1561,0.9959,11.2527,247.8772,0.0018,0.9959,15.7441,2.8826,2.8805
"ELM-sliding_2-net_para_{'hidden_size': (200, False), 'activation': 0}",0.0086,,0.00135803,0.0115,0.9958,0.0119,0.0003,0.0001,0.9958,0.0166,4.2234,4.2113,0.9958,11.4784,256.5431,0.0018,0.9958,16.017,2.9274,2.9262
"ELM-sliding_3-net_para_{'hidden_size': (200, False), 'activation': 0}",0.0112,,0.00176978,0.0143,0.9958,0.0119,0.0003,0.0001,0.9958,0.0166,4.2249,4.2124,0.9958,11.4777,256.5882,0.0018,0.9958,16.0184,2.9279,2.9266
"ELM-sliding_5-net_para_{'hidden_size': (200, False), 'activation': 0}",0.0192,,0.00253057,0.0237,0.9959,0.0117,0.0003,0.0001,0.9959,0.0163,4.1699,4.1561,0.9959,11.2527,247.8772,0.0018,0.9959,15.7441,2.8826,2.8805
