"ELM-sliding_2-net_para_{'hidden_size': (20, False), 'activation': 0}",0.0042,,0.00095439,0.0062,0.9914,0.0067,0.0003,0.0001,0.9914,0.0168,4.3457,4.3229,0.9914,7.1808,326.212,0.003,0.9914,18.0613,4.0512,4.0313
"ELM-sliding_3-net_para_{'hidden_size': (20, False), 'activation': 0}",0.0061,,0.00116539,0.0083,0.9915,0.0068,0.0003,0.0001,0.9915,0.0167,4.4214,4.4002,0.9915,7.273,322.2383,0.0031,0.9915,17.951,4.1218,4.1031
"ELM-sliding_5-net_para_{'hidden_size': (20, False), 'activation': 0}",0.011,,0.00167155,0.0141,0.9915,0.0068,0.0003,0.0001,0.9914,0.0168,4.4251,4.4033,0.9915,7.2847,323.7969,0.0031,0.9914,17.9944,4.125,4.106
"ELM-sliding_2-net_para_{'hidden_size': (40, False), 'activation': 0}",0.0041,,0.00097609,0.006,0.9914,0.0067,0.0003,0.0001,0.9914,0.0168,4.3457,4.3229,0.9914,7.1808,326.212,0.003,0.9914,18.0613,4.0512,4.0313
"ELM-sliding_3-net_para_{'hidden_size': (40, False), 'activation': 0}",0.006,,0.00119758,0.0083,0.9915,0.0068,0.0003,0.0001,0.9915,0.0167,4.4214,4.4002,0.9915,7.273,322.2383,0.0031,0.9915,17.951,4.1218,4.1031
"ELM-sliding_5-net_para_{'hidden_size': (40, False), 'activation': 0}",0.01,,0.00165749,0.0131,0.9915,0.0068,0.0003,0.0001,0.9914,0.0168,4.4251,4.4033,0.9915,7.2847,323.7969,0.0031,0.9914,17.9944,4.125,4.106
"ELM-sliding_2-net_para_{'hidden_size': (50, False), 'activation': 0}",0.0041,,0.0011549,0.0062,0.9914,0.0067,0.0003,0.0001,0.9914,0.0168,4.3457,4.3229,0.9914,7.1808,326.212,0.003,0.9914,18.0613,4.0512,4.0313
"ELM-sliding_3-net_para_{'hidden_size': (50, False), 'activation': 0}",0.006,,0.00120783,0.0083,0.9915,0.0068,0.0003,0.0001,0.9915,0.0167,4.4214,4.4002,0.9915,7.273,322.2383,0.0031,0.9915,17.951,4.1218,4.1031
"ELM-sliding_5-net_para_{'hidden_size': (50, False), 'activation': 0}",0.0099,,0.00168562,0.013,0.9915,0.0068,0.0003,0.0001,0.9914,0.0168,4.4251,4.4033,0.9915,7.2847,323.7969,0.0031,0.9914,17.9944,4.125,4.106
"ELM-sliding_2-net_para_{'hidden_size': (100, False), 'activation': 0}",0.0042,,0.00095201,0.006,0.9914,0.0067,0.0003,0.0001,0.9914,0.0168,4.3457,4.3229,0.9914,7.1808,326.212,0.003,0.9914,18.0613,4.0512,4.0313
"ELM-sliding_3-net_para_{'hidden_size': (100, False), 'activation': 0}",0.006,,0.00121117,0.0083,0.9915,0.0068,0.0003,0.0001,0.9915,0.0167,4.4214,4.4002,0.9915,7.273,322.2383,0.0031,0.9915,17.951,4.1218,4.1031
"ELM-sliding_5-net_para_{'hidden_size': (100, False), 'activation': 0}",0.0098,,0.00165105,0.0129,0.9915,0.0068,0.0003,0.0001,0.9914,0.0168,4.4251,4.4033,0.9915,7.2847,323.7969,0.0031,0.9914,17.9944,4.125,4.106
"ELM-sliding_2-net_para_{'hidden_size': (150, False), 'activation': 0}",0.0041,,0.00096822,0.006,0.9914,0.0067,0.0003,0.0001,0.9914,0.0168,4.3457,4.3229,0.9914,7.1808,326.212,0.003,0.9914,18.0613,4.0512,4.0313
"ELM-sliding_3-net_para_{'hidden_size': (150, False), 'activation': 0}",0.006,,0.00120282,0.0083,0.9915,0.0068,0.0003,0.0001,0.9915,0.0167,4.4214,4.4002,0.9915,7.273,322.2383,0.0031,0.9915,17.951,4.1218,4.1031
"ELM-sliding_5-net_para_{'hidden_size': (150, False), 'activation': 0}",0.0103,,0.00160098,0.0133,0.9915,0.0068,0.0003,0.0001,0.9914,0.0168,4.4251,4.4033,0.9915,7.2847,323.7969,0.0031,0.9914,17.9944,4.125,4.106
"ELM-sliding_2-net_para_{'hidden_size': (200, False), 'activation': 0}",0.0043,,0.00102377,0.0063,0.9914,0.0067,0.0003,0.0001,0.9914,0.0168,4.3464,4.3226,0.9914,7.1799,326.1818,0.003,0.9914,18.0605,4.0517,4.031
"ELM-sliding_3-net_para_{'hidden_size': (200, False), 'activation': 0}",0.0062,,0.0011847,0.0085,0.9915,0.0068,0.0003,0.0001,0.9915,0.0167,4.4214,4.4002,0.9915,7.273,322.2383,0.0031,0.9915,17.951,4.1218,4.1031
"ELM-sliding_5-net_para_{'hidden_size': (200, False), 'activation': 0}",0.0103,,0.00162673,0.0133,0.9915,0.0068,0.0003,0.0001,0.9914,0.0168,4.4248,4.4038,0.9915,7.2863,323.8251,0.0031,0.9914,17.9951,4.1248,4.1064
"ELM-sliding_2-net_para_{'hidden_size': (20, False), 'activation': 0}",0.0042,,0.00096107,0.0065,0.9914,0.0067,0.0003,0.0001,0.9914,0.0168,4.3457,4.3229,0.9914,7.1808,326.212,0.003,0.9914,18.0613,4.0512,4.0313
"ELM-sliding_3-net_para_{'hidden_size': (20, False), 'activation': 0}",0.0061,,0.00116587,0.0083,0.9915,0.0068,0.0003,0.0001,0.9915,0.0167,4.4214,4.4002,0.9915,7.273,322.2383,0.0031,0.9915,17.951,4.1218,4.1031
"ELM-sliding_5-net_para_{'hidden_size': (20, False), 'activation': 0}",0.0118,,0.00165319,0.0149,0.9915,0.0068,0.0003,0.0001,0.9914,0.0168,4.4251,4.4033,0.9915,7.2847,323.7969,0.0031,0.9914,17.9944,4.125,4.106
"ELM-sliding_2-net_para_{'hidden_size': (40, False), 'activation': 0}",0.0043,,0.00099802,0.0062,0.9914,0.0067,0.0003,0.0001,0.9914,0.0168,4.3457,4.3229,0.9914,7.1808,326.212,0.003,0.9914,18.0613,4.0512,4.0313
"ELM-sliding_3-net_para_{'hidden_size': (40, False), 'activation': 0}",0.006,,0.00121927,0.0083,0.9915,0.0068,0.0003,0.0001,0.9915,0.0167,4.4214,4.4002,0.9915,7.273,322.2383,0.0031,0.9915,17.951,4.1218,4.1031
"ELM-sliding_5-net_para_{'hidden_size': (40, False), 'activation': 0}",0.01,,0.00161004,0.013,0.9915,0.0068,0.0003,0.0001,0.9914,0.0168,4.4251,4.4033,0.9915,7.2847,323.7969,0.0031,0.9914,17.9944,4.125,4.106
"ELM-sliding_2-net_para_{'hidden_size': (50, False), 'activation': 0}",0.0041,,0.00101662,0.006,0.9914,0.0067,0.0003,0.0001,0.9914,0.0168,4.3484,4.3206,0.9914,7.1728,326.05,0.003,0.9914,18.0569,4.0532,4.0292
"ELM-sliding_3-net_para_{'hidden_size': (50, False), 'activation': 0}",0.0061,,0.00122237,0.0084,0.9915,0.0068,0.0003,0.0001,0.9915,0.0167,4.4214,4.4002,0.9915,7.273,322.2383,0.0031,0.9915,17.951,4.1218,4.1031
"ELM-sliding_5-net_para_{'hidden_size': (50, False), 'activation': 0}",0.0101,,0.00165939,0.0132,0.9915,0.0068,0.0003,0.0001,0.9914,0.0168,4.4251,4.4033,0.9915,7.2847,323.7969,0.0031,0.9914,17.9944,4.125,4.106
"ELM-sliding_2-net_para_{'hidden_size': (100, False), 'activation': 0}",0.0044,,0.00097775,0.0063,0.9914,0.0067,0.0003,0.0001,0.9914,0.0168,4.3457,4.3229,0.9914,7.1808,326.212,0.003,0.9914,18.0613,4.0512,4.0313
"ELM-sliding_3-net_para_{'hidden_size': (100, False), 'activation': 0}",0.0061,,0.00116897,0.0083,0.9915,0.0068,0.0003,0.0001,0.9915,0.0167,4.4214,4.4002,0.9915,7.273,322.2383,0.0031,0.9915,17.951,4.1218,4.1031
"ELM-sliding_5-net_para_{'hidden_size': (100, False), 'activation': 0}",0.0099,,0.00164819,0.0129,0.9915,0.0068,0.0003,0.0001,0.9914,0.0168,4.4251,4.4033,0.9915,7.2847,323.7969,0.0031,0.9914,17.9944,4.125,4.106
"ELM-sliding_2-net_para_{'hidden_size': (150, False), 'activation': 0}",0.0043,,0.00095797,0.0062,0.9914,0.0067,0.0003,0.0001,0.9914,0.0168,4.3457,4.3229,0.9914,7.1808,326.212,0.003,0.9914,18.0613,4.0512,4.0313
"ELM-sliding_3-net_para_{'hidden_size': (150, False), 'activation': 0}",0.0061,,0.00116491,0.0083,0.9915,0.0068,0.0003,0.0001,0.9915,0.0167,4.4214,4.4002,0.9915,7.273,322.2383,0.0031,0.9915,17.951,4.1218,4.1031
"ELM-sliding_5-net_para_{'hidden_size': (150, False), 'activation': 0}",0.0099,,0.00161672,0.0129,0.9915,0.0068,0.0003,0.0001,0.9914,0.0168,4.4251,4.4033,0.9915,7.2847,323.7969,0.0031,0.9914,17.9944,4.125,4.106
"ELM-sliding_2-net_para_{'hidden_size': (200, False), 'activation': 0}",0.0041,,0.00095201,0.006,0.9914,0.0067,0.0003,0.0001,0.9914,0.0168,4.3457,4.3229,0.9914,7.1808,326.212,0.003,0.9914,18.0613,4.0512,4.0313
"ELM-sliding_3-net_para_{'hidden_size': (200, False), 'activation': 0}",0.0061,,0.00117421,0.0083,0.9915,0.0068,0.0003,0.0001,0.9915,0.0167,4.4214,4.4002,0.9915,7.273,322.2383,0.0031,0.9915,17.951,4.1218,4.1031
"ELM-sliding_5-net_para_{'hidden_size': (200, False), 'activation': 0}",0.0099,,0.00161457,0.0129,0.9915,0.0068,0.0003,0.0001,0.9914,0.0168,4.4251,4.4033,0.9915,7.2847,323.7969,0.0031,0.9914,17.9944,4.125,4.106
"ELM-sliding_2-net_para_{'hidden_size': (20, False), 'activation': 0}",0.0047,,0.00102162,0.0067,0.9914,0.0067,0.0003,0.0001,0.9914,0.0168,4.3452,4.3234,0.9914,7.1823,326.2463,0.003,0.9914,18.0623,4.0508,4.0317
"ELM-sliding_3-net_para_{'hidden_size': (20, False), 'activation': 0}",0.0061,,0.00116062,0.0083,0.9915,0.0068,0.0003,0.0001,0.9915,0.0167,4.4214,4.4002,0.9915,7.273,322.2383,0.0031,0.9915,17.951,4.1218,4.1031
"ELM-sliding_5-net_para_{'hidden_size': (20, False), 'activation': 0}",0.0117,,0.00166011,0.0147,0.9915,0.0068,0.0003,0.0001,0.9914,0.0168,4.4296,4.4026,0.9915,7.2791,323.6506,0.0031,0.9914,17.9903,4.1288,4.1054
"ELM-sliding_2-net_para_{'hidden_size': (40, False), 'activation': 0}",0.0041,,0.00097179,0.006,0.9914,0.0067,0.0003,0.0001,0.9914,0.0168,4.3457,4.3229,0.9914,7.1808,326.212,0.003,0.9914,18.0613,4.0512,4.0313
"ELM-sliding_3-net_para_{'hidden_size': (40, False), 'activation': 0}",0.006,,0.00119996,0.0083,0.9915,0.0068,0.0003,0.0001,0.9915,0.0167,4.4214,4.4002,0.9915,7.273,322.2383,0.0031,0.9915,17.951,4.1218,4.1031
"ELM-sliding_5-net_para_{'hidden_size': (40, False), 'activation': 0}",0.0099,,0.00165987,0.013,0.9915,0.0068,0.0003,0.0001,0.9914,0.0168,4.4251,4.4033,0.9915,7.2847,323.7969,0.0031,0.9914,17.9944,4.125,4.106
"ELM-sliding_2-net_para_{'hidden_size': (50, False), 'activation': 0}",0.0041,,0.00098777,0.006,0.9914,0.0067,0.0003,0.0001,0.9914,0.0168,4.3457,4.3229,0.9914,7.1808,326.212,0.003,0.9914,18.0613,4.0512,4.0313
"ELM-sliding_3-net_para_{'hidden_size': (50, False), 'activation': 0}",0.006,,0.0011785,0.0083,0.9915,0.0068,0.0003,0.0001,0.9915,0.0167,4.4214,4.4002,0.9915,7.273,322.2383,0.0031,0.9915,17.951,4.1218,4.1031
"ELM-sliding_5-net_para_{'hidden_size': (50, False), 'activation': 0}",0.0098,,0.0016551,0.0129,0.9915,0.0068,0.0003,0.0001,0.9914,0.0168,4.4251,4.4033,0.9915,7.2847,323.7969,0.0031,0.9914,17.9944,4.125,4.106
"ELM-sliding_2-net_para_{'hidden_size': (100, False), 'activation': 0}",0.0043,,0.00113797,0.0063,0.9914,0.0067,0.0003,0.0001,0.9914,0.0168,4.3457,4.3229,0.9914,7.1808,326.212,0.003,0.9914,18.0613,4.0512,4.0313
"ELM-sliding_3-net_para_{'hidden_size': (100, False), 'activation': 0}",0.0062,,0.00121379,0.0084,0.9915,0.0068,0.0003,0.0001,0.9915,0.0167,4.4214,4.4002,0.9915,7.273,322.2383,0.0031,0.9915,17.951,4.1218,4.1031
"ELM-sliding_5-net_para_{'hidden_size': (100, False), 'activation': 0}",0.0101,,0.0016048,0.0131,0.9915,0.0068,0.0003,0.0001,0.9914,0.0168,4.4251,4.4033,0.9915,7.2847,323.7969,0.0031,0.9914,17.9944,4.125,4.106
"ELM-sliding_2-net_para_{'hidden_size': (150, False), 'activation': 0}",0.0042,,0.00100374,0.0061,0.9914,0.0067,0.0003,0.0001,0.9914,0.0168,4.3457,4.3229,0.9914,7.1808,326.212,0.003,0.9914,18.0613,4.0512,4.0313
"ELM-sliding_3-net_para_{'hidden_size': (150, False), 'activation': 0}",0.006,,0.00121164,0.0083,0.9915,0.0068,0.0003,0.0001,0.9915,0.0167,4.4214,4.4002,0.9915,7.273,322.2383,0.0031,0.9915,17.951,4.1218,4.1031
"ELM-sliding_5-net_para_{'hidden_size': (150, False), 'activation': 0}",0.0099,,0.00159645,0.0128,0.9915,0.0068,0.0003,0.0001,0.9914,0.0168,4.4251,4.4033,0.9915,7.2847,323.7969,0.0031,0.9914,17.9944,4.125,4.106
"ELM-sliding_2-net_para_{'hidden_size': (200, False), 'activation': 0}",0.0041,,0.00099897,0.006,0.9914,0.0067,0.0003,0.0001,0.9914,0.0168,4.3457,4.3229,0.9914,7.1808,326.212,0.003,0.9914,18.0613,4.0512,4.0313
"ELM-sliding_3-net_para_{'hidden_size': (200, False), 'activation': 0}",0.0065,,0.00116849,0.0087,0.9915,0.0068,0.0003,0.0001,0.9915,0.0167,4.4214,4.4002,0.9915,7.273,322.2383,0.0031,0.9915,17.951,4.1218,4.1031
"ELM-sliding_5-net_para_{'hidden_size': (200, False), 'activation': 0}",0.0099,,0.0015974,0.0129,0.9915,0.0068,0.0003,0.0001,0.9914,0.0168,4.4251,4.4033,0.9915,7.2847,323.7969,0.0031,0.9914,17.9944,4.125,4.106
"ELM-sliding_2-net_para_{'hidden_size': (20, False), 'activation': 0}",0.0044,,0.0012145,0.0066,0.9914,0.0067,0.0003,0.0001,0.9914,0.0168,4.3457,4.3229,0.9914,7.1808,326.212,0.003,0.9914,18.0613,4.0512,4.0313
"ELM-sliding_3-net_para_{'hidden_size': (20, False), 'activation': 0}",0.0061,,0.00122142,0.0083,0.9915,0.0068,0.0003,0.0001,0.9915,0.0167,4.4214,4.4002,0.9915,7.273,322.2383,0.0031,0.9915,17.951,4.1218,4.1031
"ELM-sliding_5-net_para_{'hidden_size': (20, False), 'activation': 0}",0.0117,,0.00164056,0.0147,0.9915,0.0068,0.0003,0.0001,0.9914,0.0168,4.4251,4.4033,0.9915,7.2847,323.7969,0.0031,0.9914,17.9944,4.125,4.106
"ELM-sliding_2-net_para_{'hidden_size': (40, False), 'activation': 0}",0.0045,,0.00096583,0.0063,0.9914,0.0067,0.0003,0.0001,0.9914,0.0168,4.3457,4.3229,0.9914,7.1808,326.212,0.003,0.9914,18.0613,4.0512,4.0313
"ELM-sliding_3-net_para_{'hidden_size': (40, False), 'activation': 0}",0.0061,,0.00140166,0.0085,0.9915,0.0068,0.0003,0.0001,0.9915,0.0167,4.4214,4.4002,0.9915,7.273,322.2383,0.0031,0.9915,17.951,4.1218,4.1031
"ELM-sliding_5-net_para_{'hidden_size': (40, False), 'activation': 0}",0.0098,,0.00168657,0.0129,0.9915,0.0068,0.0003,0.0001,0.9914,0.0168,4.4251,4.4033,0.9915,7.2847,323.7969,0.0031,0.9914,17.9944,4.125,4.106
"ELM-sliding_2-net_para_{'hidden_size': (50, False), 'activation': 0}",0.0042,,0.00095248,0.006,0.9914,0.0067,0.0003,0.0001,0.9914,0.0168,4.3457,4.3229,0.9914,7.1808,326.212,0.003,0.9914,18.0613,4.0512,4.0313
"ELM-sliding_3-net_para_{'hidden_size': (50, False), 'activation': 0}",0.0062,,0.00118279,0.0085,0.9915,0.0068,0.0003,0.0001,0.9915,0.0167,4.4214,4.4002,0.9915,7.273,322.2383,0.0031,0.9915,17.951,4.1218,4.1031
"ELM-sliding_5-net_para_{'hidden_size': (50, False), 'activation': 0}",0.0098,,0.00166345,0.0129,0.9915,0.0068,0.0003,0.0001,0.9914,0.0168,4.4251,4.4033,0.9915,7.2847,323.7969,0.0031,0.9914,17.9944,4.125,4.106
"ELM-sliding_2-net_para_{'hidden_size': (100, False), 'activation': 0}",0.0041,,0.00097156,0.006,0.9914,0.0067,0.0003,0.0001,0.9914,0.0168,4.3457,4.3229,0.9914,7.1808,326.212,0.003,0.9914,18.0613,4.0512,4.0313
"ELM-sliding_3-net_para_{'hidden_size': (100, False), 'activation': 0}",0.006,,0.00119495,0.0083,0.9915,0.0068,0.0003,0.0001,0.9915,0.0167,4.4214,4.4002,0.9915,7.273,322.2383,0.0031,0.9915,17.951,4.1218,4.1031
"ELM-sliding_5-net_para_{'hidden_size': (100, False), 'activation': 0}",0.0098,,0.00165224,0.0129,0.9915,0.0068,0.0003,0.0001,0.9914,0.0168,4.4296,4.4022,0.9915,7.2769,323.6252,0.0031,0.9914,17.9896,4.1288,4.1051
"ELM-sliding_2-net_para_{'hidden_size': (150, False), 'activation': 0}",0.0041,,0.00098777,0.006,0.9914,0.0067,0.0003,0.0001,0.9914,0.0168,4.3457,4.3229,0.9914,7.1808,326.212,0.003,0.9914,18.0613,4.0512,4.0313
"ELM-sliding_3-net_para_{'hidden_size': (150, False), 'activation': 0}",0.006,,0.00121117,0.0084,0.9915,0.0068,0.0003,0.0001,0.9915,0.0167,4.4214,4.4002,0.9915,7.273,322.2383,0.0031,0.9915,17.951,4.1218,4.1031
"ELM-sliding_5-net_para_{'hidden_size': (150, False), 'activation': 0}",0.0099,,0.00173926,0.013,0.9915,0.0068,0.0003,0.0001,0.9914,0.0168,4.4251,4.4033,0.9915,7.2847,323.7969,0.0031,0.9914,17.9944,4.125,4.106
"ELM-sliding_2-net_para_{'hidden_size': (200, False), 'activation': 0}",0.0043,,0.00095868,0.0062,0.9914,0.0067,0.0003,0.0001,0.9914,0.0168,4.3457,4.3229,0.9914,7.1808,326.212,0.003,0.9914,18.0613,4.0512,4.0313
"ELM-sliding_3-net_para_{'hidden_size': (200, False), 'activation': 0}",0.006,,0.0012157,0.0083,0.9915,0.0068,0.0003,0.0001,0.9915,0.0167,4.4217,4.3997,0.9915,7.2714,322.2096,0.0031,0.9915,17.9502,4.122,4.1028
"ELM-sliding_5-net_para_{'hidden_size': (200, False), 'activation': 0}",0.0099,,0.00163221,0.0129,0.9915,0.0068,0.0003,0.0001,0.9914,0.0168,4.4251,4.4033,0.9915,7.2847,323.7969,0.0031,0.9914,17.9944,4.125,4.106
"ELM-sliding_2-net_para_{'hidden_size': (20, False), 'activation': 0}",0.0042,,0.00100851,0.0062,0.9914,0.0067,0.0003,0.0001,0.9914,0.0168,4.3457,4.3229,0.9914,7.1808,326.212,0.003,0.9914,18.0613,4.0512,4.0313
"ELM-sliding_3-net_para_{'hidden_size': (20, False), 'activation': 0}",0.0061,,0.00123501,0.0083,0.9915,0.0068,0.0003,0.0001,0.9915,0.0167,4.4214,4.4002,0.9915,7.273,322.2383,0.0031,0.9915,17.951,4.1218,4.1031
"ELM-sliding_5-net_para_{'hidden_size': (20, False), 'activation': 0}",0.012,,0.00169301,0.0151,0.9915,0.0068,0.0003,0.0001,0.9914,0.0168,4.4251,4.4033,0.9915,7.2847,323.7969,0.0031,0.9914,17.9944,4.125,4.106
"ELM-sliding_2-net_para_{'hidden_size': (40, False), 'activation': 0}",0.0041,,0.00095344,0.006,0.9914,0.0067,0.0003,0.0001,0.9914,0.0168,4.3457,4.3229,0.9914,7.1808,326.212,0.003,0.9914,18.0613,4.0512,4.0313
"ELM-sliding_3-net_para_{'hidden_size': (40, False), 'activation': 0}",0.0061,,0.00122666,0.0084,0.9915,0.0068,0.0003,0.0001,0.9915,0.0167,4.4214,4.4002,0.9915,7.273,322.2383,0.0031,0.9915,17.951,4.1218,4.1031
"ELM-sliding_5-net_para_{'hidden_size': (40, False), 'activation': 0}",0.0102,,0.00165486,0.0133,0.9915,0.0068,0.0003,0.0001,0.9914,0.0168,4.4251,4.4033,0.9915,7.2847,323.7969,0.0031,0.9914,17.9944,4.125,4.106
"ELM-sliding_2-net_para_{'hidden_size': (50, False), 'activation': 0}",0.0043,,0.00099015,0.0062,0.9914,0.0067,0.0003,0.0001,0.9914,0.0168,4.3457,4.3229,0.9914,7.1808,326.212,0.003,0.9914,18.0613,4.0512,4.0313
"ELM-sliding_3-net_para_{'hidden_size': (50, False), 'activation': 0}",0.006,,0.00121236,0.0083,0.9915,0.0068,0.0003,0.0001,0.9915,0.0167,4.4214,4.4002,0.9915,7.273,322.2383,0.0031,0.9915,17.951,4.1218,4.1031
"ELM-sliding_5-net_para_{'hidden_size': (50, False), 'activation': 0}",0.0098,,0.00165439,0.0128,0.9915,0.0068,0.0003,0.0001,0.9914,0.0168,4.4251,4.4033,0.9915,7.2847,323.7969,0.0031,0.9914,17.9944,4.125,4.106
"ELM-sliding_2-net_para_{'hidden_size': (100, False), 'activation': 0}",0.0041,,0.00097227,0.006,0.9914,0.0067,0.0003,0.0001,0.9914,0.0168,4.3457,4.3229,0.9914,7.1808,326.212,0.003,0.9914,18.0613,4.0512,4.0313
"ELM-sliding_3-net_para_{'hidden_size': (100, False), 'activation': 0}",0.006,,0.00120997,0.0083,0.9915,0.0068,0.0003,0.0001,0.9915,0.0167,4.4214,4.4002,0.9915,7.273,322.2383,0.0031,0.9915,17.951,4.1218,4.1031
"ELM-sliding_5-net_para_{'hidden_size': (100, False), 'activation': 0}",0.0099,,0.00164676,0.013,0.9915,0.0068,0.0003,0.0001,0.9914,0.0168,4.4251,4.4033,0.9915,7.2847,323.7969,0.0031,0.9914,17.9944,4.125,4.106
"ELM-sliding_2-net_para_{'hidden_size': (150, False), 'activation': 0}",0.0043,,0.00112915,0.0063,0.9914,0.0067,0.0003,0.0001,0.9914,0.0168,4.3457,4.3229,0.9914,7.1808,326.212,0.003,0.9914,18.0613,4.0512,4.0313
"ELM-sliding_3-net_para_{'hidden_size': (150, False), 'activation': 0}",0.0061,,0.00121784,0.0083,0.9915,0.0068,0.0003,0.0001,0.9915,0.0167,4.4214,4.4002,0.9915,7.273,322.2383,0.0031,0.9915,17.951,4.1218,4.1031
"ELM-sliding_5-net_para_{'hidden_size': (150, False), 'activation': 0}",0.01,,0.00159574,0.013,0.9915,0.0068,0.0003,0.0001,0.9914,0.0168,4.4251,4.4033,0.9915,7.2847,323.7969,0.0031,0.9914,17.9944,4.125,4.106
"ELM-sliding_2-net_para_{'hidden_size': (200, False), 'activation': 0}",0.0043,,0.00100851,0.0062,0.9914,0.0067,0.0003,0.0001,0.9914,0.0168,4.3457,4.3229,0.9914,7.1808,326.212,0.003,0.9914,18.0613,4.0512,4.0313
"ELM-sliding_3-net_para_{'hidden_size': (200, False), 'activation': 0}",0.0064,,0.00116754,0.0086,0.9915,0.0068,0.0003,0.0001,0.9915,0.0167,4.42,4.4029,0.9915,7.2804,322.3905,0.0031,0.9915,17.9552,4.1208,4.1056
"ELM-sliding_5-net_para_{'hidden_size': (200, False), 'activation': 0}",0.01,,0.00162029,0.013,0.9915,0.0068,0.0003,0.0001,0.9914,0.0168,4.4251,4.4033,0.9915,7.2847,323.7969,0.0031,0.9914,17.9944,4.125,4.106
"ELM-sliding_2-net_para_{'hidden_size': (20, False), 'activation': 0}",0.0042,,0.00099683,0.0062,0.9914,0.0067,0.0003,0.0001,0.9914,0.0168,4.3457,4.3229,0.9914,7.1808,326.212,0.003,0.9914,18.0613,4.0512,4.0313
"ELM-sliding_3-net_para_{'hidden_size': (20, False), 'activation': 0}",0.0062,,0.00117779,0.0085,0.9915,0.0068,0.0003,0.0001,0.9915,0.0167,4.4214,4.4002,0.9915,7.273,322.2383,0.0031,0.9915,17.951,4.1218,4.1031
"ELM-sliding_5-net_para_{'hidden_size': (20, False), 'activation': 0}",0.0118,,0.00162363,0.0148,0.9915,0.0068,0.0003,0.0001,0.9914,0.0168,4.4251,4.4033,0.9915,7.2847,323.7969,0.0031,0.9914,17.9944,4.125,4.106
"ELM-sliding_2-net_para_{'hidden_size': (40, False), 'activation': 0}",0.0041,,0.00095224,0.006,0.9914,0.0067,0.0003,0.0001,0.9914,0.0168,4.3457,4.3229,0.9914,7.1808,326.212,0.003,0.9914,18.0613,4.0512,4.0313
"ELM-sliding_3-net_para_{'hidden_size': (40, False), 'activation': 0}",0.0061,,0.00117326,0.0083,0.9915,0.0068,0.0003,0.0001,0.9915,0.0167,4.4214,4.4002,0.9915,7.273,322.2383,0.0031,0.9915,17.951,4.1218,4.1031
"ELM-sliding_5-net_para_{'hidden_size': (40, False), 'activation': 0}",0.0099,,0.00162196,0.0129,0.9915,0.0068,0.0003,0.0001,0.9914,0.0168,4.424,4.4068,0.9915,7.2948,323.9786,0.0031,0.9914,17.9994,4.1244,4.1092
"ELM-sliding_2-net_para_{'hidden_size': (50, False), 'activation': 0}",0.0041,,0.00095248,0.006,0.9914,0.0067,0.0003,0.0001,0.9914,0.0168,4.3457,4.3229,0.9914,7.1808,326.212,0.003,0.9914,18.0613,4.0512,4.0313
"ELM-sliding_3-net_para_{'hidden_size': (50, False), 'activation': 0}",0.0061,,0.00117397,0.0085,0.9915,0.0068,0.0003,0.0001,0.9915,0.0167,4.4214,4.4002,0.9915,7.273,322.2383,0.0031,0.9915,17.951,4.1218,4.1031
"ELM-sliding_5-net_para_{'hidden_size': (50, False), 'activation': 0}",0.0098,,0.001858,0.0133,0.9915,0.0068,0.0003,0.0001,0.9914,0.0168,4.4251,4.4033,0.9915,7.2847,323.7969,0.0031,0.9914,17.9944,4.125,4.106
"ELM-sliding_2-net_para_{'hidden_size': (100, False), 'activation': 0}",0.0041,,0.00095153,0.006,0.9914,0.0067,0.0003,0.0001,0.9914,0.0168,4.3457,4.3229,0.9914,7.1808,326.212,0.003,0.9914,18.0613,4.0512,4.0313
"ELM-sliding_3-net_para_{'hidden_size': (100, False), 'activation': 0}",0.0061,,0.00136805,0.0085,0.9915,0.0068,0.0003,0.0001,0.9915,0.0167,4.4214,4.4002,0.9915,7.273,322.2383,0.0031,0.9915,17.951,4.1218,4.1031
"ELM-sliding_5-net_para_{'hidden_size': (100, False), 'activation': 0}",0.01,,0.0016768,0.0132,0.9915,0.0068,0.0003,0.0001,0.9914,0.0168,4.4251,4.4033,0.9915,7.2847,323.7969,0.0031,0.9914,17.9944,4.125,4.106
"ELM-sliding_2-net_para_{'hidden_size': (150, False), 'activation': 0}",0.0041,,0.00097084,0.006,0.9914,0.0067,0.0003,0.0001,0.9914,0.0168,4.3457,4.3229,0.9914,7.1808,326.212,0.003,0.9914,18.0613,4.0512,4.0313
"ELM-sliding_3-net_para_{'hidden_size': (150, False), 'activation': 0}",0.006,,0.00119972,0.0083,0.9915,0.0068,0.0003,0.0001,0.9915,0.0167,4.4214,4.4002,0.9915,7.273,322.2383,0.0031,0.9915,17.951,4.1218,4.1031
"ELM-sliding_5-net_para_{'hidden_size': (150, False), 'activation': 0}",0.01,,0.00166368,0.0131,0.9915,0.0068,0.0003,0.0001,0.9914,0.0168,4.4251,4.4033,0.9915,7.2847,323.7969,0.0031,0.9914,17.9944,4.125,4.106
"ELM-sliding_2-net_para_{'hidden_size': (200, False), 'activation': 0}",0.0041,,0.00113678,0.0061,0.9914,0.0067,0.0003,0.0001,0.9914,0.0168,4.3457,4.3229,0.9914,7.1808,326.212,0.003,0.9914,18.0613,4.0512,4.0313
"ELM-sliding_3-net_para_{'hidden_size': (200, False), 'activation': 0}",0.0062,,0.00122857,0.0085,0.9915,0.0068,0.0003,0.0001,0.9915,0.0167,4.4214,4.4002,0.9915,7.273,322.2383,0.0031,0.9915,17.951,4.1218,4.1031
"ELM-sliding_5-net_para_{'hidden_size': (200, False), 'activation': 0}",0.0099,,0.00161147,0.0129,0.9915,0.0068,0.0003,0.0001,0.9914,0.0168,4.4251,4.4033,0.9915,7.2847,323.7969,0.0031,0.9914,17.9944,4.125,4.106
"ELM-sliding_2-net_para_{'hidden_size': (20, False), 'activation': 0}",0.0042,,0.00099468,0.0062,0.9914,0.0067,0.0003,0.0001,0.9914,0.0168,4.3457,4.3229,0.9914,7.1808,326.212,0.003,0.9914,18.0613,4.0512,4.0313
"ELM-sliding_3-net_para_{'hidden_size': (20, False), 'activation': 0}",0.0061,,0.00122213,0.0083,0.9915,0.0068,0.0003,0.0001,0.9915,0.0167,4.4214,4.4002,0.9915,7.273,322.2383,0.0031,0.9915,17.951,4.1218,4.1031
"ELM-sliding_5-net_para_{'hidden_size': (20, False), 'activation': 0}",0.0116,,0.00163865,0.0147,0.9915,0.0068,0.0003,0.0001,0.9914,0.0168,4.4251,4.4033,0.9915,7.2847,323.7969,0.0031,0.9914,17.9944,4.125,4.106
"ELM-sliding_2-net_para_{'hidden_size': (40, False), 'activation': 0}",0.0041,,0.00095057,0.006,0.9914,0.0067,0.0003,0.0001,0.9914,0.0168,4.3457,4.3229,0.9914,7.1808,326.212,0.003,0.9914,18.0613,4.0512,4.0313
"ELM-sliding_3-net_para_{'hidden_size': (40, False), 'activation': 0}",0.0061,,0.00116396,0.0083,0.9915,0.0068,0.0003,0.0001,0.9915,0.0167,4.4214,4.4002,0.9915,7.273,322.2383,0.0031,0.9915,17.951,4.1218,4.1031
"ELM-sliding_5-net_para_{'hidden_size': (40, False), 'activation': 0}",0.0098,,0.00161457,0.0129,0.9915,0.0068,0.0003,0.0001,0.9914,0.0168,4.4241,4.4039,0.9915,7.2857,323.839,0.0031,0.9914,17.9955,4.1243,4.1065
"ELM-sliding_2-net_para_{'hidden_size': (50, False), 'activation': 0}",0.0041,,0.0009501,0.006,0.9914,0.0067,0.0003,0.0001,0.9914,0.0168,4.3457,4.3229,0.9914,7.1808,326.212,0.003,0.9914,18.0613,4.0512,4.0313
"ELM-sliding_3-net_para_{'hidden_size': (50, False), 'activation': 0}",0.0061,,0.00116396,0.0085,0.9915,0.0068,0.0003,0.0001,0.9915,0.0167,4.4214,4.4002,0.9915,7.273,322.2383,0.0031,0.9915,17.951,4.1218,4.1031
"ELM-sliding_5-net_para_{'hidden_size': (50, False), 'activation': 0}",0.0098,,0.00182366,0.0131,0.9915,0.0068,0.0003,0.0001,0.9914,0.0168,4.4251,4.4033,0.9915,7.2847,323.7969,0.0031,0.9914,17.9944,4.125,4.106
"ELM-sliding_2-net_para_{'hidden_size': (100, False), 'activation': 0}",0.0041,,0.00094938,0.006,0.9914,0.0067,0.0003,0.0001,0.9914,0.0168,4.3457,4.3229,0.9914,7.1808,326.212,0.003,0.9914,18.0613,4.0512,4.0313
"ELM-sliding_3-net_para_{'hidden_size': (100, False), 'activation': 0}",0.0061,,0.00119233,0.0084,0.9915,0.0068,0.0003,0.0001,0.9915,0.0167,4.4214,4.4002,0.9915,7.273,322.2383,0.0031,0.9915,17.951,4.1218,4.1031
"ELM-sliding_5-net_para_{'hidden_size': (100, False), 'activation': 0}",0.0099,,0.00166798,0.013,0.9915,0.0068,0.0003,0.0001,0.9914,0.0168,4.4251,4.4033,0.9915,7.2847,323.7969,0.0031,0.9914,17.9944,4.125,4.106
"ELM-sliding_2-net_para_{'hidden_size': (150, False), 'activation': 0}",0.0041,,0.00095057,0.0059,0.9914,0.0067,0.0003,0.0001,0.9914,0.0168,4.3457,4.3229,0.9914,7.1808,326.212,0.003,0.9914,18.0613,4.0512,4.0313
"ELM-sliding_3-net_para_{'hidden_size': (150, False), 'activation': 0}",0.006,,0.00119853,0.0083,0.9915,0.0068,0.0003,0.0001,0.9915,0.0167,4.4214,4.4002,0.9915,7.273,322.2383,0.0031,0.9915,17.951,4.1218,4.1031
"ELM-sliding_5-net_para_{'hidden_size': (150, False), 'activation': 0}",0.0098,,0.00165272,0.0129,0.9915,0.0068,0.0003,0.0001,0.9914,0.0168,4.4251,4.4033,0.9915,7.2847,323.7969,0.0031,0.9914,17.9944,4.125,4.106
"ELM-sliding_2-net_para_{'hidden_size': (200, False), 'activation': 0}",0.0041,,0.00095034,0.0059,0.9914,0.0067,0.0003,0.0001,0.9914,0.0168,4.3457,4.3229,0.9914,7.1808,326.212,0.003,0.9914,18.0613,4.0512,4.0313
"ELM-sliding_3-net_para_{'hidden_size': (200, False), 'activation': 0}",0.0063,,0.00121713,0.0088,0.9915,0.0068,0.0003,0.0001,0.9915,0.0167,4.4214,4.4002,0.9915,7.273,322.2383,0.0031,0.9915,17.951,4.1218,4.1031
"ELM-sliding_5-net_para_{'hidden_size': (200, False), 'activation': 0}",0.0105,,0.00161219,0.0135,0.9915,0.0068,0.0003,0.0001,0.9914,0.0168,4.4251,4.4033,0.9915,7.2847,323.7969,0.0031,0.9914,17.9944,4.125,4.106
"ELM-sliding_2-net_para_{'hidden_size': (20, False), 'activation': 0}",0.0046,,0.0010066,0.0065,0.9914,0.0067,0.0003,0.0001,0.9914,0.0168,4.3457,4.3229,0.9914,7.1808,326.212,0.003,0.9914,18.0613,4.0512,4.0313
"ELM-sliding_3-net_para_{'hidden_size': (20, False), 'activation': 0}",0.0061,,0.00122738,0.0084,0.9915,0.0068,0.0003,0.0001,0.9915,0.0167,4.4214,4.4002,0.9915,7.273,322.2383,0.0031,0.9915,17.951,4.1218,4.1031
"ELM-sliding_5-net_para_{'hidden_size': (20, False), 'activation': 0}",0.0118,,0.00168204,0.0149,0.9915,0.0068,0.0003,0.0001,0.9914,0.0168,4.4251,4.4033,0.9915,7.2847,323.7969,0.0031,0.9914,17.9944,4.125,4.106
"ELM-sliding_2-net_para_{'hidden_size': (40, False), 'activation': 0}",0.0041,,0.00095153,0.0059,0.9914,0.0067,0.0003,0.0001,0.9914,0.0168,4.3457,4.3229,0.9914,7.1808,326.212,0.003,0.9914,18.0613,4.0512,4.0313
"ELM-sliding_3-net_para_{'hidden_size': (40, False), 'activation': 0}",0.006,,0.00118947,0.0083,0.9915,0.0068,0.0003,0.0001,0.9915,0.0167,4.4214,4.4002,0.9915,7.273,322.2383,0.0031,0.9915,17.951,4.1218,4.1031
"ELM-sliding_5-net_para_{'hidden_size': (40, False), 'activation': 0}",0.0099,,0.00167274,0.013,0.9915,0.0068,0.0003,0.0001,0.9914,0.0168,4.4251,4.4033,0.9915,7.2847,323.7969,0.0031,0.9914,17.9944,4.125,4.106
"ELM-sliding_2-net_para_{'hidden_size': (50, False), 'activation': 0}",0.0041,,0.00097251,0.006,0.9914,0.0067,0.0003,0.0001,0.9914,0.0168,4.3457,4.3229,0.9914,7.1808,326.212,0.003,0.9914,18.0613,4.0512,4.0313
"ELM-sliding_3-net_para_{'hidden_size': (50, False), 'activation': 0}",0.006,,0.00118184,0.0083,0.9915,0.0068,0.0003,0.0001,0.9915,0.0167,4.4214,4.4002,0.9915,7.273,322.2383,0.0031,0.9915,17.951,4.1218,4.1031
"ELM-sliding_5-net_para_{'hidden_size': (50, False), 'activation': 0}",0.0099,,0.00166368,0.013,0.9915,0.0068,0.0003,0.0001,0.9914,0.0168,4.4251,4.4033,0.9915,7.2847,323.7969,0.0031,0.9914,17.9944,4.125,4.106
"ELM-sliding_2-net_para_{'hidden_size': (100, False), 'activation': 0}",0.0041,,0.00097799,0.006,0.9914,0.0067,0.0003,0.0001,0.9914,0.0168,4.3457,4.3229,0.9914,7.1808,326.212,0.003,0.9914,18.0613,4.0512,4.0313
"ELM-sliding_3-net_para_{'hidden_size': (100, False), 'activation': 0}",0.006,,0.00119686,0.0083,0.9915,0.0068,0.0003,0.0001,0.9915,0.0167,4.4214,4.4002,0.9915,7.273,322.2383,0.0031,0.9915,17.951,4.1218,4.1031
"ELM-sliding_5-net_para_{'hidden_size': (100, False), 'activation': 0}",0.0098,,0.00165892,0.0129,0.9915,0.0068,0.0003,0.0001,0.9914,0.0168,4.4251,4.4033,0.9915,7.2847,323.7969,0.0031,0.9914,17.9944,4.125,4.106
"ELM-sliding_2-net_para_{'hidden_size': (150, False), 'activation': 0}",0.0041,,0.00098348,0.006,0.9914,0.0067,0.0003,0.0001,0.9914,0.0168,4.3457,4.3229,0.9914,7.1808,326.212,0.003,0.9914,18.0613,4.0512,4.0313
"ELM-sliding_3-net_para_{'hidden_size': (150, False), 'activation': 0}",0.0061,,0.00137305,0.0085,0.9915,0.0068,0.0003,0.0001,0.9915,0.0167,4.4214,4.4002,0.9915,7.273,322.2383,0.0031,0.9915,17.951,4.1218,4.1031
"ELM-sliding_5-net_para_{'hidden_size': (150, False), 'activation': 0}",0.0099,,0.00167489,0.013,0.9915,0.0068,0.0003,0.0001,0.9914,0.0168,4.4251,4.4033,0.9915,7.2847,323.7969,0.0031,0.9914,17.9944,4.125,4.106
"ELM-sliding_2-net_para_{'hidden_size': (200, False), 'activation': 0}",0.0042,,0.00097132,0.006,0.9914,0.0067,0.0003,0.0001,0.9914,0.0168,4.3457,4.3229,0.9914,7.1808,326.212,0.003,0.9914,18.0613,4.0512,4.0313
"ELM-sliding_3-net_para_{'hidden_size': (200, False), 'activation': 0}",0.006,,0.00120759,0.0083,0.9915,0.0068,0.0003,0.0001,0.9915,0.0167,4.4214,4.4002,0.9915,7.273,322.2383,0.0031,0.9915,17.951,4.1218,4.1031
"ELM-sliding_5-net_para_{'hidden_size': (200, False), 'activation': 0}",0.0098,,0.00165439,0.0129,0.9915,0.0068,0.0003,0.0001,0.9914,0.0168,4.4251,4.4033,0.9915,7.2847,323.7969,0.0031,0.9914,17.9944,4.125,4.106
"ELM-sliding_2-net_para_{'hidden_size': (20, False), 'activation': 0}",0.0042,,0.00101686,0.0062,0.9914,0.0067,0.0003,0.0001,0.9914,0.0168,4.3457,4.3229,0.9914,7.1808,326.212,0.003,0.9914,18.0613,4.0512,4.0313
"ELM-sliding_3-net_para_{'hidden_size': (20, False), 'activation': 0}",0.0061,,0.00116444,0.0083,0.9915,0.0068,0.0003,0.0001,0.9915,0.0167,4.4214,4.4002,0.9915,7.273,322.2383,0.0031,0.9915,17.951,4.1218,4.1031
"ELM-sliding_5-net_para_{'hidden_size': (20, False), 'activation': 0}",0.0116,,0.00166583,0.0147,0.9915,0.0068,0.0003,0.0001,0.9914,0.0168,4.4251,4.4033,0.9915,7.2847,323.7969,0.0031,0.9914,17.9944,4.125,4.106
"ELM-sliding_2-net_para_{'hidden_size': (40, False), 'activation': 0}",0.0041,,0.00094938,0.0059,0.9914,0.0067,0.0003,0.0001,0.9914,0.0168,4.3457,4.3229,0.9914,7.1808,326.212,0.003,0.9914,18.0613,4.0512,4.0313
"ELM-sliding_3-net_para_{'hidden_size': (40, False), 'activation': 0}",0.006,,0.00119281,0.0083,0.9915,0.0068,0.0003,0.0001,0.9915,0.0167,4.4214,4.4002,0.9915,7.273,322.2383,0.0031,0.9915,17.951,4.1218,4.1031
"ELM-sliding_5-net_para_{'hidden_size': (40, False), 'activation': 0}",0.0098,,0.00166154,0.0129,0.9915,0.0068,0.0003,0.0001,0.9914,0.0168,4.4251,4.4033,0.9915,7.2847,323.7969,0.0031,0.9914,17.9944,4.125,4.106
"ELM-sliding_2-net_para_{'hidden_size': (50, False), 'activation': 0}",0.0042,,0.0009737,0.006,0.9914,0.0067,0.0003,0.0001,0.9914,0.0168,4.3457,4.3229,0.9914,7.1808,326.212,0.003,0.9914,18.0613,4.0512,4.0313
"ELM-sliding_3-net_para_{'hidden_size': (50, False), 'activation': 0}",0.006,,0.00117993,0.0083,0.9915,0.0068,0.0003,0.0001,0.9915,0.0167,4.4214,4.4002,0.9915,7.273,322.2383,0.0031,0.9915,17.951,4.1218,4.1031
"ELM-sliding_5-net_para_{'hidden_size': (50, False), 'activation': 0}",0.0098,,0.00165749,0.0129,0.9915,0.0068,0.0003,0.0001,0.9914,0.0168,4.4251,4.4033,0.9915,7.2847,323.7969,0.0031,0.9914,17.9944,4.125,4.106
"ELM-sliding_2-net_para_{'hidden_size': (100, False), 'activation': 0}",0.0041,,0.00098038,0.006,0.9914,0.0067,0.0003,0.0001,0.9914,0.0168,4.3457,4.3229,0.9914,7.1808,326.212,0.003,0.9914,18.0613,4.0512,4.0313
"ELM-sliding_3-net_para_{'hidden_size': (100, False), 'activation': 0}",0.006,,0.00119638,0.0083,0.9915,0.0068,0.0003,0.0001,0.9915,0.0167,4.4214,4.4002,0.9915,7.273,322.2383,0.0031,0.9915,17.951,4.1218,4.1031
"ELM-sliding_5-net_para_{'hidden_size': (100, False), 'activation': 0}",0.0098,,0.00165415,0.0129,0.9915,0.0068,0.0003,0.0001,0.9914,0.0168,4.4251,4.4033,0.9915,7.2847,323.7969,0.0031,0.9914,17.9944,4.125,4.106
"ELM-sliding_2-net_para_{'hidden_size': (150, False), 'activation': 0}",0.0042,,0.00113988,0.0062,0.9914,0.0067,0.0003,0.0001,0.9914,0.0168,4.3438,4.3254,0.9914,7.1869,326.3637,0.003,0.9914,18.0655,4.0498,4.0335
"ELM-sliding_3-net_para_{'hidden_size': (150, False), 'activation': 0}",0.006,,0.00117898,0.0083,0.9915,0.0068,0.0003,0.0001,0.9915,0.0167,4.4214,4.4002,0.9915,7.273,322.2383,0.0031,0.9915,17.951,4.1218,4.1031
"ELM-sliding_5-net_para_{'hidden_size': (150, False), 'activation': 0}",0.0099,,0.00166321,0.0129,0.9915,0.0068,0.0003,0.0001,0.9914,0.0168,4.4251,4.4033,0.9915,7.2847,323.7969,0.0031,0.9914,17.9944,4.125,4.106
"ELM-sliding_2-net_para_{'hidden_size': (200, False), 'activation': 0}",0.0041,,0.00098109,0.006,0.9914,0.0067,0.0003,0.0001,0.9914,0.0168,4.3457,4.3229,0.9914,7.1808,326.212,0.003,0.9914,18.0613,4.0512,4.0313
"ELM-sliding_3-net_para_{'hidden_size': (200, False), 'activation': 0}",0.006,,0.0012114,0.0083,0.9915,0.0068,0.0003,0.0001,0.9915,0.0167,4.4214,4.4002,0.9915,7.273,322.2383,0.0031,0.9915,17.951,4.1218,4.1031
"ELM-sliding_5-net_para_{'hidden_size': (200, False), 'activation': 0}",0.0104,,0.00162816,0.0134,0.9915,0.0068,0.0003,0.0001,0.9914,0.0168,4.4251,4.4033,0.9915,7.2847,323.7969,0.0031,0.9914,17.9944,4.125,4.106
"ELM-sliding_2-net_para_{'hidden_size': (20, False), 'activation': 0}",0.0044,,0.00095868,0.0063,0.9914,0.0067,0.0003,0.0001,0.9914,0.0168,4.3457,4.3229,0.9914,7.1808,326.212,0.003,0.9914,18.0613,4.0512,4.0313
"ELM-sliding_3-net_para_{'hidden_size': (20, False), 'activation': 0}",0.0061,,0.00119162,0.0084,0.9915,0.0068,0.0003,0.0001,0.9915,0.0167,4.4214,4.4002,0.9915,7.273,322.2383,0.0031,0.9915,17.951,4.1218,4.1031
"ELM-sliding_5-net_para_{'hidden_size': (20, False), 'activation': 0}",0.012,,0.00161219,0.0153,0.9915,0.0068,0.0003,0.0001,0.9914,0.0168,4.4251,4.4033,0.9915,7.2847,323.7969,0.0031,0.9914,17.9944,4.125,4.106
"ELM-sliding_2-net_para_{'hidden_size': (40, False), 'activation': 0}",0.0041,,0.00095725,0.006,0.9914,0.0067,0.0003,0.0001,0.9914,0.0168,4.3457,4.3229,0.9914,7.1808,326.212,0.003,0.9914,18.0613,4.0512,4.0313
"ELM-sliding_3-net_para_{'hidden_size': (40, False), 'activation': 0}",0.0062,,0.00122976,0.0085,0.9915,0.0068,0.0003,0.0001,0.9915,0.0167,4.4214,4.4002,0.9915,7.273,322.2383,0.0031,0.9915,17.951,4.1218,4.1031
"ELM-sliding_5-net_para_{'hidden_size': (40, False), 'activation': 0}",0.0099,,0.00159717,0.0129,0.9915,0.0068,0.0003,0.0001,0.9914,0.0168,4.4251,4.4033,0.9915,7.2847,323.7969,0.0031,0.9914,17.9944,4.125,4.106
"ELM-sliding_2-net_para_{'hidden_size': (50, False), 'activation': 0}",0.0041,,0.00100541,0.0063,0.9914,0.0067,0.0003,0.0001,0.9914,0.0168,4.3457,4.3229,0.9914,7.1808,326.212,0.003,0.9914,18.0613,4.0512,4.0313
"ELM-sliding_3-net_para_{'hidden_size': (50, False), 'activation': 0}",0.006,,0.00121498,0.0083,0.9915,0.0068,0.0003,0.0001,0.9915,0.0167,4.4214,4.4002,0.9915,7.273,322.2383,0.0031,0.9915,17.951,4.1218,4.1031
"ELM-sliding_5-net_para_{'hidden_size': (50, False), 'activation': 0}",0.0099,,0.00161552,0.0129,0.9915,0.0068,0.0003,0.0001,0.9914,0.0168,4.4251,4.4033,0.9915,7.2847,323.7969,0.0031,0.9914,17.9944,4.125,4.106
"ELM-sliding_2-net_para_{'hidden_size': (100, False), 'activation': 0}",0.0041,,0.00099492,0.006,0.9914,0.0067,0.0003,0.0001,0.9914,0.0168,4.3457,4.3229,0.9914,7.1808,326.212,0.003,0.9914,18.0613,4.0512,4.0313
"ELM-sliding_3-net_para_{'hidden_size': (100, False), 'activation': 0}",0.006,,0.00121498,0.0083,0.9915,0.0068,0.0003,0.0001,0.9915,0.0167,4.4214,4.4002,0.9915,7.273,322.2383,0.0031,0.9915,17.951,4.1218,4.1031
"ELM-sliding_5-net_para_{'hidden_size': (100, False), 'activation': 0}",0.0101,,0.00160933,0.0131,0.9915,0.0068,0.0003,0.0001,0.9914,0.0168,4.4251,4.4033,0.9915,7.2847,323.7969,0.0031,0.9914,17.9944,4.125,4.106
"ELM-sliding_2-net_para_{'hidden_size': (150, False), 'activation': 0}",0.0043,,0.00100851,0.0062,0.9914,0.0067,0.0003,0.0001,0.9914,0.0168,4.3457,4.3229,0.9914,7.1808,326.212,0.003,0.9914,18.0613,4.0512,4.0313
"ELM-sliding_3-net_para_{'hidden_size': (150, False), 'activation': 0}",0.006,,0.0012269,0.0083,0.9915,0.0068,0.0003,0.0001,0.9915,0.0167,4.4214,4.4002,0.9915,7.273,322.2383,0.0031,0.9915,17.951,4.1218,4.1031
"ELM-sliding_5-net_para_{'hidden_size': (150, False), 'activation': 0}",0.01,,0.00159693,0.013,0.9915,0.0068,0.0003,0.0001,0.9914,0.0168,4.4253,4.4033,0.9915,7.2848,323.7905,0.0031,0.9914,17.9942,4.1253,4.106
"ELM-sliding_2-net_para_{'hidden_size': (200, False), 'activation': 0}",0.0041,,0.00099158,0.006,0.9914,0.0067,0.0003,0.0001,0.9914,0.0168,4.3457,4.3229,0.9914,7.1808,326.212,0.003,0.9914,18.0613,4.0512,4.0313
"ELM-sliding_3-net_para_{'hidden_size': (200, False), 'activation': 0}",0.0061,,0.00120592,0.0083,0.9915,0.0068,0.0003,0.0001,0.9915,0.0167,4.4214,4.4002,0.9915,7.273,322.2383,0.0031,0.9915,17.951,4.1218,4.1031
"ELM-sliding_5-net_para_{'hidden_size': (200, False), 'activation': 0}",0.0103,,0.00160718,0.0133,0.9915,0.0068,0.0003,0.0001,0.9914,0.0168,4.4251,4.4033,0.9915,7.2847,323.7969,0.0031,0.9914,17.9944,4.125,4.106
"ELM-sliding_2-net_para_{'hidden_size': (20, False), 'activation': 0}",0.0042,,0.00095391,0.0062,0.9914,0.0067,0.0003,0.0001,0.9914,0.0168,4.3457,4.3229,0.9914,7.1808,326.212,0.003,0.9914,18.0613,4.0512,4.0313
"ELM-sliding_3-net_para_{'hidden_size': (20, False), 'activation': 0}",0.0063,,0.00116014,0.0085,0.9915,0.0068,0.0003,0.0001,0.9915,0.0167,4.4214,4.4002,0.9915,7.273,322.2383,0.0031,0.9915,17.951,4.1218,4.1031
"ELM-sliding_5-net_para_{'hidden_size': (20, False), 'activation': 0}",0.0113,,0.00164866,0.0144,0.9915,0.0068,0.0003,0.0001,0.9914,0.0168,4.4251,4.4033,0.9915,7.2847,323.7969,0.0031,0.9914,17.9944,4.125,4.106
"ELM-sliding_2-net_para_{'hidden_size': (40, False), 'activation': 0}",0.0043,,0.000983,0.0062,0.9914,0.0067,0.0003,0.0001,0.9914,0.0168,4.347,4.3219,0.9914,7.1771,326.1304,0.003,0.9914,18.0591,4.0521,4.0304
"ELM-sliding_3-net_para_{'hidden_size': (40, False), 'activation': 0}",0.006,,0.0011847,0.0083,0.9915,0.0068,0.0003,0.0001,0.9915,0.0167,4.4199,4.403,0.9915,7.2807,322.3995,0.0031,0.9915,17.9555,4.1207,4.1057
"ELM-sliding_5-net_para_{'hidden_size': (40, False), 'activation': 0}",0.0099,,0.00165296,0.0129,0.9915,0.0068,0.0003,0.0001,0.9914,0.0168,4.4251,4.4033,0.9915,7.2847,323.7969,0.0031,0.9914,17.9944,4.125,4.106
"ELM-sliding_2-net_para_{'hidden_size': (50, False), 'activation': 0}",0.0043,,0.00096536,0.0061,0.9914,0.0067,0.0003,0.0001,0.9914,0.0168,4.3458,4.3229,0.9914,7.1807,326.2082,0.003,0.9914,18.0612,4.0513,4.0313
"ELM-sliding_3-net_para_{'hidden_size': (50, False), 'activation': 0}",0.006,,0.00120854,0.0083,0.9915,0.0068,0.0003,0.0001,0.9915,0.0167,4.4214,4.4002,0.9915,7.273,322.2383,0.0031,0.9915,17.951,4.1218,4.1031
"ELM-sliding_5-net_para_{'hidden_size': (50, False), 'activation': 0}",0.01,,0.00164771,0.0131,0.9915,0.0068,0.0003,0.0001,0.9914,0.0168,4.4251,4.4033,0.9915,7.2847,323.7969,0.0031,0.9914,17.9944,4.125,4.106
"ELM-sliding_2-net_para_{'hidden_size': (100, False), 'activation': 0}",0.0041,,0.00097823,0.006,0.9914,0.0067,0.0003,0.0001,0.9914,0.0168,4.3457,4.3229,0.9914,7.1808,326.212,0.003,0.9914,18.0613,4.0512,4.0313
"ELM-sliding_3-net_para_{'hidden_size': (100, False), 'activation': 0}",0.0062,,0.00120854,0.0086,0.9915,0.0068,0.0003,0.0001,0.9915,0.0167,4.4214,4.4002,0.9915,7.273,322.2383,0.0031,0.9915,17.951,4.1218,4.1031
"ELM-sliding_5-net_para_{'hidden_size': (100, False), 'activation': 0}",0.01,,0.0015955,0.013,0.9915,0.0068,0.0003,0.0001,0.9914,0.0168,4.4251,4.4033,0.9915,7.2847,323.7969,0.0031,0.9914,17.9944,4.125,4.106
"ELM-sliding_2-net_para_{'hidden_size': (150, False), 'activation': 0}",0.0041,,0.00099492,0.006,0.9914,0.0067,0.0003,0.0001,0.9914,0.0168,4.3457,4.3229,0.9914,7.1808,326.212,0.003,0.9914,18.0613,4.0512,4.0313
"ELM-sliding_3-net_para_{'hidden_size': (150, False), 'activation': 0}",0.0062,,0.00120115,0.0084,0.9915,0.0068,0.0003,0.0001,0.9915,0.0167,4.4214,4.4002,0.9915,7.273,322.2383,0.0031,0.9915,17.951,4.1218,4.1031
"ELM-sliding_5-net_para_{'hidden_size': (150, False), 'activation': 0}",0.0099,,0.00161195,0.0129,0.9915,0.0068,0.0003,0.0001,0.9914,0.0168,4.4251,4.4033,0.9915,7.2847,323.7969,0.0031,0.9914,17.9944,4.125,4.106
"ELM-sliding_2-net_para_{'hidden_size': (200, False), 'activation': 0}",0.0042,,0.00099897,0.0061,0.9914,0.0067,0.0003,0.0001,0.9914,0.0168,4.3457,4.3229,0.9914,7.1808,326.212,0.003,0.9914,18.0613,4.0512,4.0313
"ELM-sliding_3-net_para_{'hidden_size': (200, False), 'activation': 0}",0.0063,,0.00121117,0.0085,0.9915,0.0068,0.0003,0.0001,0.9915,0.0167,4.4214,4.4002,0.9915,7.273,322.2383,0.0031,0.9915,17.951,4.1218,4.1031
"ELM-sliding_5-net_para_{'hidden_size': (200, False), 'activation': 0}",0.0099,,0.00159407,0.0129,0.9915,0.0068,0.0003,0.0001,0.9914,0.0168,4.4251,4.4033,0.9915,7.2847,323.7969,0.0031,0.9914,17.9944,4.125,4.106
"ELM-sliding_2-net_para_{'hidden_size': (20, False), 'activation': 0}",0.0044,,0.00114942,0.0065,0.9914,0.0067,0.0003,0.0001,0.9914,0.0168,4.3457,4.3229,0.9914,7.1808,326.212,0.003,0.9914,18.0613,4.0512,4.0313
"ELM-sliding_3-net_para_{'hidden_size': (20, False), 'activation': 0}",0.0063,,0.00127792,0.0087,0.9915,0.0068,0.0003,0.0001,0.9915,0.0167,4.4214,4.4002,0.9915,7.273,322.2383,0.0031,0.9915,17.951,4.1218,4.1031
"ELM-sliding_5-net_para_{'hidden_size': (20, False), 'activation': 0}",0.0115,,0.00166321,0.0146,0.9915,0.0068,0.0003,0.0001,0.9914,0.0168,4.4251,4.4033,0.9915,7.2847,323.7969,0.0031,0.9914,17.9944,4.125,4.106
"ELM-sliding_2-net_para_{'hidden_size': (40, False), 'activation': 0}",0.0041,,0.00094652,0.006,0.9914,0.0067,0.0003,0.0001,0.9914,0.0168,4.3457,4.3229,0.9914,7.1808,326.212,0.003,0.9914,18.0613,4.0512,4.0313
"ELM-sliding_3-net_para_{'hidden_size': (40, False), 'activation': 0}",0.0061,,0.00116062,0.0084,0.9915,0.0068,0.0003,0.0001,0.9915,0.0167,4.4214,4.4002,0.9915,7.273,322.2383,0.0031,0.9915,17.951,4.1218,4.1031
"ELM-sliding_5-net_para_{'hidden_size': (40, False), 'activation': 0}",0.0098,,0.00161338,0.0129,0.9915,0.0068,0.0003,0.0001,0.9914,0.0168,4.4251,4.4033,0.9915,7.2847,323.7969,0.0031,0.9914,17.9944,4.125,4.106
"ELM-sliding_2-net_para_{'hidden_size': (50, False), 'activation': 0}",0.0041,,0.00094795,0.006,0.9914,0.0067,0.0003,0.0001,0.9914,0.0168,4.3457,4.3229,0.9914,7.1808,326.212,0.003,0.9914,18.0613,4.0512,4.0313
"ELM-sliding_3-net_para_{'hidden_size': (50, False), 'activation': 0}",0.0061,,0.00115728,0.0083,0.9915,0.0068,0.0003,0.0001,0.9915,0.0167,4.4214,4.4002,0.9915,7.273,322.2383,0.0031,0.9915,17.951,4.1218,4.1031
"ELM-sliding_5-net_para_{'hidden_size': (50, False), 'activation': 0}",0.0098,,0.00160408,0.0128,0.9915,0.0068,0.0003,0.0001,0.9914,0.0168,4.4251,4.4033,0.9915,7.2847,323.7969,0.0031,0.9914,17.9944,4.125,4.106
"ELM-sliding_2-net_para_{'hidden_size': (100, False), 'activation': 0}",0.0041,,0.00094438,0.006,0.9914,0.0067,0.0003,0.0001,0.9914,0.0168,4.3457,4.3229,0.9914,7.1808,326.212,0.003,0.9914,18.0613,4.0512,4.0313
"ELM-sliding_3-net_para_{'hidden_size': (100, False), 'activation': 0}",0.0061,,0.00115609,0.0082,0.9915,0.0068,0.0003,0.0001,0.9915,0.0167,4.4214,4.4002,0.9915,7.273,322.2383,0.0031,0.9915,17.951,4.1218,4.1031
"ELM-sliding_5-net_para_{'hidden_size': (100, False), 'activation': 0}",0.0098,,0.00161552,0.0128,0.9915,0.0068,0.0003,0.0001,0.9914,0.0168,4.4251,4.4033,0.9915,7.2847,323.7969,0.0031,0.9914,17.9944,4.125,4.106
"ELM-sliding_2-net_para_{'hidden_size': (150, False), 'activation': 0}",0.0041,,0.00094938,0.006,0.9914,0.0067,0.0003,0.0001,0.9914,0.0168,4.3457,4.3229,0.9914,7.1808,326.212,0.003,0.9914,18.0613,4.0512,4.0313
"ELM-sliding_3-net_para_{'hidden_size': (150, False), 'activation': 0}",0.0063,,0.00116229,0.0085,0.9915,0.0068,0.0003,0.0001,0.9915,0.0167,4.4214,4.4002,0.9915,7.273,322.2383,0.0031,0.9915,17.951,4.1218,4.1031
"ELM-sliding_5-net_para_{'hidden_size': (150, False), 'activation': 0}",0.01,,0.00163507,0.013,0.9915,0.0068,0.0003,0.0001,0.9914,0.0168,4.4251,4.4033,0.9915,7.2847,323.7969,0.0031,0.9914,17.9944,4.125,4.106
"ELM-sliding_2-net_para_{'hidden_size': (200, False), 'activation': 0}",0.0043,,0.00095248,0.0062,0.9914,0.0067,0.0003,0.0001,0.9914,0.0168,4.3457,4.3229,0.9914,7.1808,326.212,0.003,0.9914,18.0613,4.0512,4.0313
"ELM-sliding_3-net_para_{'hidden_size': (200, False), 'activation': 0}",0.0063,,0.00115824,0.0085,0.9915,0.0068,0.0003,0.0001,0.9915,0.0167,4.4214,4.4002,0.9915,7.273,322.2383,0.0031,0.9915,17.951,4.1218,4.1031
"ELM-sliding_5-net_para_{'hidden_size': (200, False), 'activation': 0}",0.0099,,0.00179076,0.0131,0.9915,0.0068,0.0003,0.0001,0.9914,0.0168,4.4251,4.4033,0.9915,7.2847,323.7969,0.0031,0.9914,17.9944,4.125,4.106
"ELM-sliding_2-net_para_{'hidden_size': (20, False), 'activation': 0}",0.0042,,0.0010078,0.0062,0.9914,0.0067,0.0003,0.0001,0.9914,0.0168,4.3457,4.3229,0.9914,7.1808,326.212,0.003,0.9914,18.0613,4.0512,4.0313
"ELM-sliding_3-net_para_{'hidden_size': (20, False), 'activation': 0}",0.0061,,0.00122762,0.0083,0.9915,0.0068,0.0003,0.0001,0.9915,0.0167,4.4214,4.4002,0.9915,7.273,322.2383,0.0031,0.9915,17.951,4.1218,4.1031
"ELM-sliding_5-net_para_{'hidden_size': (20, False), 'activation': 0}",0.0117,,0.00178123,0.0149,0.9915,0.0068,0.0003,0.0001,0.9914,0.0168,4.4251,4.4033,0.9915,7.2847,323.7969,0.0031,0.9914,17.9944,4.125,4.106
"ELM-sliding_2-net_para_{'hidden_size': (40, False), 'activation': 0}",0.0041,,0.00095415,0.0059,0.9914,0.0067,0.0003,0.0001,0.9914,0.0168,4.3457,4.3229,0.9914,7.1808,326.212,0.003,0.9914,18.0613,4.0512,4.0313
"ELM-sliding_3-net_para_{'hidden_size': (40, False), 'activation': 0}",0.006,,0.00105882,0.0081,0.9915,0.0068,0.0003,0.0001,0.9915,0.0167,4.4214,4.4002,0.9915,7.273,322.2383,0.0031,0.9915,17.951,4.1218,4.1031
"ELM-sliding_5-net_para_{'hidden_size': (40, False), 'activation': 0}",0.0099,,0.00162435,0.0129,0.9915,0.0068,0.0003,0.0001,0.9914,0.0168,4.4251,4.4033,0.9915,7.2847,323.7969,0.0031,0.9914,17.9944,4.125,4.106
"ELM-sliding_2-net_para_{'hidden_size': (50, False), 'activation': 0}",0.0041,,0.00094867,0.0059,0.9914,0.0067,0.0003,0.0001,0.9914,0.0168,4.3457,4.3229,0.9914,7.1808,326.212,0.003,0.9914,18.0613,4.0512,4.0313
"ELM-sliding_3-net_para_{'hidden_size': (50, False), 'activation': 0}",0.006,,0.00116444,0.0082,0.9915,0.0068,0.0003,0.0001,0.9915,0.0167,4.4214,4.4002,0.9915,7.273,322.2383,0.0031,0.9915,17.951,4.1218,4.1031
"ELM-sliding_5-net_para_{'hidden_size': (50, False), 'activation': 0}",0.0102,,0.00181413,0.0134,0.9915,0.0068,0.0003,0.0001,0.9914,0.0168,4.4251,4.4033,0.9915,7.2847,323.7969,0.0031,0.9914,17.9944,4.125,4.106
"ELM-sliding_2-net_para_{'hidden_size': (100, False), 'activation': 0}",0.0041,,0.00094986,0.006,0.9914,0.0067,0.0003,0.0001,0.9914,0.0168,4.3457,4.3229,0.9914,7.1808,326.212,0.003,0.9914,18.0613,4.0512,4.0313
"ELM-sliding_3-net_para_{'hidden_size': (100, False), 'activation': 0}",0.006,,0.00116754,0.0082,0.9915,0.0068,0.0003,0.0001,0.9915,0.0167,4.4214,4.4002,0.9915,7.273,322.2383,0.0031,0.9915,17.951,4.1218,4.1031
"ELM-sliding_5-net_para_{'hidden_size': (100, False), 'activation': 0}",0.01,,0.00163269,0.0131,0.9915,0.0068,0.0003,0.0001,0.9914,0.0168,4.4251,4.4033,0.9915,7.2847,323.7969,0.0031,0.9914,17.9944,4.125,4.106
"ELM-sliding_2-net_para_{'hidden_size': (150, False), 'activation': 0}",0.0043,,0.00094795,0.0061,0.9914,0.0067,0.0003,0.0001,0.9914,0.0168,4.3457,4.3229,0.9914,7.1808,326.212,0.003,0.9914,18.0613,4.0512,4.0313
"ELM-sliding_3-net_para_{'hidden_size': (150, False), 'activation': 0}",0.0061,,0.00116181,0.0084,0.9915,0.0068,0.0003,0.0001,0.9915,0.0167,4.4214,4.4002,0.9915,7.273,322.2383,0.0031,0.9915,17.951,4.1218,4.1031
"ELM-sliding_5-net_para_{'hidden_size': (150, False), 'activation': 0}",0.0099,,0.0018537,0.0132,0.9915,0.0068,0.0003,0.0001,0.9914,0.0168,4.4251,4.4033,0.9915,7.2847,323.7969,0.0031,0.9914,17.9944,4.125,4.106
"ELM-sliding_2-net_para_{'hidden_size': (200, False), 'activation': 0}",0.0042,,0.00094962,0.0061,0.9914,0.0067,0.0003,0.0001,0.9914,0.0168,4.3457,4.3229,0.9914,7.1808,326.212,0.003,0.9914,18.0613,4.0512,4.0313
"ELM-sliding_3-net_para_{'hidden_size': (200, False), 'activation': 0}",0.0061,,0.00117898,0.0083,0.9915,0.0068,0.0003,0.0001,0.9915,0.0167,4.4214,4.4002,0.9915,7.273,322.2383,0.0031,0.9915,17.951,4.1218,4.1031
"ELM-sliding_5-net_para_{'hidden_size': (200, False), 'activation': 0}",0.0099,,0.00184178,0.0131,0.9915,0.0068,0.0003,0.0001,0.9914,0.0168,4.4251,4.4033,0.9915,7.2847,323.7969,0.0031,0.9914,17.9944,4.125,4.106
"ELM-sliding_2-net_para_{'hidden_size': (20, False), 'activation': 0}",0.0045,,0.00096154,0.0064,0.9914,0.0067,0.0003,0.0001,0.9914,0.0168,4.3457,4.3229,0.9914,7.1808,326.212,0.003,0.9914,18.0613,4.0512,4.0313
"ELM-sliding_3-net_para_{'hidden_size': (20, False), 'activation': 0}",0.0063,,0.00116658,0.0085,0.9915,0.0068,0.0003,0.0001,0.9915,0.0167,4.4214,4.4002,0.9915,7.273,322.2383,0.0031,0.9915,17.951,4.1218,4.1031
"ELM-sliding_5-net_para_{'hidden_size': (20, False), 'activation': 0}",0.0114,,0.00166464,0.0146,0.9915,0.0068,0.0003,0.0001,0.9914,0.0168,4.4251,4.4033,0.9915,7.2847,323.7969,0.0031,0.9914,17.9944,4.125,4.106
"ELM-sliding_2-net_para_{'hidden_size': (40, False), 'activation': 0}",0.0041,,0.00096798,0.006,0.9914,0.0067,0.0003,0.0001,0.9914,0.0168,4.3457,4.3229,0.9914,7.1808,326.212,0.003,0.9914,18.0613,4.0512,4.0313
"ELM-sliding_3-net_para_{'hidden_size': (40, False), 'activation': 0}",0.006,,0.00119019,0.0082,0.9915,0.0068,0.0003,0.0001,0.9915,0.0167,4.4214,4.4002,0.9915,7.273,322.2383,0.0031,0.9915,17.951,4.1218,4.1031
"ELM-sliding_5-net_para_{'hidden_size': (40, False), 'activation': 0}",0.0099,,0.00164962,0.0129,0.9915,0.0068,0.0003,0.0001,0.9914,0.0168,4.4251,4.4033,0.9915,7.2847,323.7969,0.0031,0.9914,17.9944,4.125,4.106
"ELM-sliding_2-net_para_{'hidden_size': (50, False), 'activation': 0}",0.0041,,0.00097704,0.006,0.9914,0.0067,0.0003,0.0001,0.9914,0.0168,4.3457,4.3229,0.9914,7.1808,326.212,0.003,0.9914,18.0613,4.0512,4.0313
"ELM-sliding_3-net_para_{'hidden_size': (50, False), 'activation': 0}",0.006,,0.00118828,0.0083,0.9915,0.0068,0.0003,0.0001,0.9915,0.0167,4.4214,4.4002,0.9915,7.273,322.2383,0.0031,0.9915,17.951,4.1218,4.1031
"ELM-sliding_5-net_para_{'hidden_size': (50, False), 'activation': 0}",0.0101,,0.00165629,0.0132,0.9915,0.0068,0.0003,0.0001,0.9914,0.0168,4.4251,4.4033,0.9915,7.2847,323.7969,0.0031,0.9914,17.9944,4.125,4.106
"ELM-sliding_2-net_para_{'hidden_size': (100, False), 'activation': 0}",0.0041,,0.00096893,0.006,0.9914,0.0067,0.0003,0.0001,0.9914,0.0168,4.3457,4.3229,0.9914,7.1808,326.212,0.003,0.9914,18.0613,4.0512,4.0313
"ELM-sliding_3-net_para_{'hidden_size': (100, False), 'activation': 0}",0.006,,0.0011766,0.0083,0.9915,0.0068,0.0003,0.0001,0.9915,0.0167,4.4214,4.4002,0.9915,7.273,322.2383,0.0031,0.9915,17.951,4.1218,4.1031
"ELM-sliding_5-net_para_{'hidden_size': (100, False), 'activation': 0}",0.0098,,0.00164652,0.0129,0.9915,0.0068,0.0003,0.0001,0.9914,0.0168,4.4251,4.4033,0.9915,7.2847,323.7969,0.0031,0.9914,17.9944,4.125,4.106
"ELM-sliding_2-net_para_{'hidden_size': (150, False), 'activation': 0}",0.0041,,0.00094604,0.0059,0.9914,0.0067,0.0003,0.0001,0.9914,0.0168,4.3457,4.3229,0.9914,7.1808,326.212,0.003,0.9914,18.0613,4.0512,4.0313
"ELM-sliding_3-net_para_{'hidden_size': (150, False), 'activation': 0}",0.006,,0.00119019,0.0083,0.9915,0.0068,0.0003,0.0001,0.9915,0.0167,4.4214,4.4002,0.9915,7.273,322.2383,0.0031,0.9915,17.951,4.1218,4.1031
"ELM-sliding_5-net_para_{'hidden_size': (150, False), 'activation': 0}",0.0098,,0.00182939,0.013,0.9915,0.0068,0.0003,0.0001,0.9914,0.0168,4.4251,4.4033,0.9915,7.2847,323.7969,0.0031,0.9914,17.9944,4.125,4.106
"ELM-sliding_2-net_para_{'hidden_size': (200, False), 'activation': 0}",0.0041,,0.00094724,0.0059,0.9914,0.0067,0.0003,0.0001,0.9914,0.0168,4.3457,4.3229,0.9914,7.1808,326.212,0.003,0.9914,18.0613,4.0512,4.0313
"ELM-sliding_3-net_para_{'hidden_size': (200, False), 'activation': 0}",0.0061,,0.00115871,0.0083,0.9915,0.0068,0.0003,0.0001,0.9915,0.0167,4.4214,4.4002,0.9915,7.273,322.2383,0.0031,0.9915,17.951,4.1218,4.1031
"ELM-sliding_5-net_para_{'hidden_size': (200, False), 'activation': 0}",0.01,,0.00184512,0.0134,0.9915,0.0068,0.0003,0.0001,0.9914,0.0168,4.4251,4.4033,0.9915,7.2847,323.7969,0.0031,0.9914,17.9944,4.125,4.106
"ELM-sliding_2-net_para_{'hidden_size': (20, False), 'activation': 0}",0.0044,,0.0010078,0.0064,0.9914,0.0067,0.0003,0.0001,0.9914,0.0168,4.3457,4.3229,0.9914,7.1808,326.212,0.003,0.9914,18.0613,4.0512,4.0313
"ELM-sliding_3-net_para_{'hidden_size': (20, False), 'activation': 0}",0.0061,,0.00120926,0.0083,0.9915,0.0068,0.0003,0.0001,0.9915,0.0167,4.4214,4.4002,0.9915,7.273,322.2383,0.0031,0.9915,17.951,4.1218,4.1031
"ELM-sliding_5-net_para_{'hidden_size': (20, False), 'activation': 0}",0.0117,,0.00163531,0.0148,0.9915,0.0068,0.0003,0.0001,0.9914,0.0168,4.4251,4.4033,0.9915,7.2847,323.7969,0.0031,0.9914,17.9944,4.125,4.106
"ELM-sliding_2-net_para_{'hidden_size': (40, False), 'activation': 0}",0.0042,,0.00100088,0.006,0.9914,0.0067,0.0003,0.0001,0.9914,0.0168,4.3457,4.3229,0.9914,7.1808,326.212,0.003,0.9914,18.0613,4.0512,4.0313
"ELM-sliding_3-net_para_{'hidden_size': (40, False), 'activation': 0}",0.0052,,0.00076556,0.0071,0.9915,0.0068,0.0003,0.0001,0.9915,0.0167,4.4214,4.4002,0.9915,7.273,322.2383,0.0031,0.9915,17.951,4.1218,4.1031
"ELM-sliding_5-net_para_{'hidden_size': (40, False), 'activation': 0}",0.0076,,0.00124049,0.0098,0.9915,0.0068,0.0003,0.0001,0.9914,0.0168,4.4251,4.4033,0.9915,7.2847,323.7969,0.0031,0.9914,17.9944,4.125,4.106
"ELM-sliding_2-net_para_{'hidden_size': (50, False), 'activation': 0}",0.0042,,0.00097394,0.0061,0.9914,0.0067,0.0003,0.0001,0.9914,0.0168,4.3457,4.3229,0.9914,7.1808,326.212,0.003,0.9914,18.0613,4.0512,4.0313
"ELM-sliding_3-net_para_{'hidden_size': (50, False), 'activation': 0}",0.006,,0.00120926,0.0083,0.9915,0.0068,0.0003,0.0001,0.9915,0.0167,4.4214,4.4002,0.9915,7.273,322.2383,0.0031,0.9915,17.951,4.1218,4.1031
"ELM-sliding_5-net_para_{'hidden_size': (50, False), 'activation': 0}",0.0102,,0.00171471,0.0133,0.9915,0.0068,0.0003,0.0001,0.9914,0.0168,4.4251,4.4033,0.9915,7.2847,323.7969,0.0031,0.9914,17.9944,4.125,4.106
"ELM-sliding_2-net_para_{'hidden_size': (100, False), 'activation': 0}",0.0046,,0.00101304,0.0065,0.9914,0.0067,0.0003,0.0001,0.9914,0.0168,4.3457,4.3229,0.9914,7.1808,326.212,0.003,0.9914,18.0613,4.0512,4.0313
"ELM-sliding_3-net_para_{'hidden_size': (100, False), 'activation': 0}",0.0063,,0.00116086,0.0085,0.9915,0.0068,0.0003,0.0001,0.9915,0.0167,4.4214,4.4002,0.9915,7.273,322.2383,0.0031,0.9915,17.951,4.1218,4.1031
"ELM-sliding_5-net_para_{'hidden_size': (100, False), 'activation': 0}",0.0099,,0.00161076,0.0129,0.9915,0.0068,0.0003,0.0001,0.9914,0.0168,4.4251,4.4033,0.9915,7.2847,323.7969,0.0031,0.9914,17.9944,4.125,4.106
"ELM-sliding_2-net_para_{'hidden_size': (150, False), 'activation': 0}",0.0041,,0.00098991,0.0062,0.9914,0.0067,0.0003,0.0001,0.9914,0.0168,4.3457,4.3229,0.9914,7.1808,326.212,0.003,0.9914,18.0613,4.0512,4.0313
"ELM-sliding_3-net_para_{'hidden_size': (150, False), 'activation': 0}",0.0061,,0.00115561,0.0082,0.9915,0.0068,0.0003,0.0001,0.9915,0.0167,4.4214,4.4002,0.9915,7.273,322.2383,0.0031,0.9915,17.951,4.1218,4.1031
"ELM-sliding_5-net_para_{'hidden_size': (150, False), 'activation': 0}",0.01,,0.00158834,0.013,0.9915,0.0068,0.0003,0.0001,0.9914,0.0168,4.4251,4.4033,0.9915,7.2847,323.7969,0.0031,0.9914,17.9944,4.125,4.106
"ELM-sliding_2-net_para_{'hidden_size': (200, False), 'activation': 0}",0.0041,,0.00094843,0.006,0.9914,0.0067,0.0003,0.0001,0.9914,0.0168,4.3457,4.3229,0.9914,7.1808,326.212,0.003,0.9914,18.0613,4.0512,4.0313
"ELM-sliding_3-net_para_{'hidden_size': (200, False), 'activation': 0}",0.0063,,0.00118279,0.0085,0.9915,0.0068,0.0003,0.0001,0.9915,0.0167,4.4214,4.4002,0.9915,7.273,322.2383,0.0031,0.9915,17.951,4.1218,4.1031
"ELM-sliding_5-net_para_{'hidden_size': (200, False), 'activation': 0}",0.0099,,0.00197887,0.0136,0.9915,0.0068,0.0003,0.0001,0.9914,0.0168,4.4251,4.4033,0.9915,7.2847,323.7969,0.0031,0.9914,17.9944,4.125,4.106
