1.176299691200000108e+00,1.007505015179747110e+00
1.714609026910000056e+00,1.088238011026684049e+00
1.307337045669999975e+00,1.406026020552390454e+00
6.186890006069999393e-01,1.226542747517246568e+00
2.298435926440000276e+00,8.220486531867241542e-01
1.808241009709999902e+00,1.868950520463225962e+00
8.794149756429999742e-01,1.695266661627523819e+00
1.570945024490000064e+00,1.146392150726972758e+00
1.578516006470000121e+00,1.225064938019026828e+00
6.200309991839999535e-01,1.472257028569271320e+00
9.928810000419999726e-01,1.020275466990917757e+00
4.551869928839999413e-01,8.948935081697254601e-01
1.017398953439999865e+00,9.098476059193078003e-01
8.378469943999999892e-01,6.570969442771326108e-01
4.884769916529999589e-01,1.139063472740634575e+00
1.246340990070000210e+00,7.840420023789057558e-01
1.209630966189999990e+00,1.110945304485169371e+00
1.252451062200000020e+00,1.325381700682647823e+00
1.519726991650000025e+00,1.244117310338723081e+00
1.063797950739999942e+00,1.288610534805298524e+00
1.571495056150000069e+00,9.109823780081361955e-01
1.278105020519999968e+00,1.278793135889795263e+00
1.192077994349999948e+00,1.232763795882716007e+00
8.304439187050000060e-01,1.130530896672506058e+00
1.402015686039999931e+00,9.062321286593958414e-01
1.156504034999999986e+00,1.244855024628712004e+00
1.162554860120000200e+00,1.235507830611374924e+00
6.007519960399999581e-01,1.123598879665300476e+00
1.253835797310000055e+00,8.017415369534450775e-01
1.791844010350000183e+00,1.050960238656711621e+00
1.734062552449999961e+00,1.657635851991543285e+00
4.939970970150000085e+00,1.719184228737759224e+00
2.394351005549999911e+00,3.686124306138221840e+00
2.212575912479999740e+00,1.912753410912830132e+00
1.886527061460000043e+00,1.867489853576349113e+00
9.343829751010001017e-01,1.721500597640843955e+00
9.099829792980000942e-01,1.301588999506886779e+00
8.112999796870000724e-01,7.992000654578940155e-01
1.049708962440000004e+00,1.192343740526124130e+00
1.351788043980000076e+00,1.197176422555335185e+00
1.277305960659999906e+00,1.353522963845061433e+00
7.854449748989998925e-01,1.175670222986043845e+00
4.846229851250000165e-01,1.021658754034926453e+00
6.676359772680000582e-01,8.019411901753681349e-01
8.322510123249999836e-01,8.283436687455812963e-01
5.959370136259999340e-01,9.058222403566961178e-01
3.410890102390000123e-01,7.685809806809348332e-01
6.860110163689999707e-01,5.632225231022598422e-01
8.153510093690000682e-01,7.680565702107903236e-01
3.985430002210000322e-01,9.628445973432825378e-01
6.998159885410000225e-01,7.243041287732713274e-01
4.263690114019999533e-01,7.714902246809477449e-01
6.866139769550000382e-01,5.849241166952854343e-01
1.826770007609999913e-01,7.656234304952544978e-01
7.018824815749999946e-01,5.210299799330185833e-01
1.796682000159999681e+00,7.823461536790046189e-01
7.204269766809999753e-01,1.462820550117855722e+00
4.680640101429999755e-01,8.758380935656087107e-01
6.408870220180000743e-01,7.286060512170257075e-01
7.520520091060001189e-01,6.928471459576255320e-01
1.001817584040000098e+00,7.404515162911433634e-01
1.660804033279999814e+00,9.268673354264352904e-01
1.450595021250000061e+00,1.407064471271002759e+00
1.085010051729999869e+00,1.204164655687701035e+00
1.099555015560000015e+00,1.074004484955747518e+00
7.694180011750000325e-01,1.086787502724306798e+00
1.254430413249999932e+00,7.584066556662948377e-01
1.496320962910000052e+00,1.105100758657716176e+00
7.186369895940000196e-01,1.389459247513497475e+00
8.902019858359999649e-01,9.087528861662407254e-01
9.891759753229999452e-01,8.302812600109962249e-01
2.849014520649999938e+00,1.047890388493945890e+00
4.281075000759999583e+00,2.574382019371457275e+00
1.248739004139999942e+00,3.374313565404641668e+00
7.096589803699999699e-01,1.445307520805613644e+00
7.497439980509998936e-01,1.098696035677192873e+00
8.907449841499999188e-01,9.771755823342620495e-01
1.469527959819999952e+00,1.264866166269851711e+00
1.608888030049999918e+00,1.146089483109108409e+00
1.043460965159999976e+00,1.703653816500354967e+00
1.184751033780000018e+00,9.381345019141957842e-01
5.063725113870000127e-01,1.461446760292168356e+00
6.946156024930000283e-01,9.298561020957341050e-01
9.299110174179998634e-01,8.167270628238230135e-01
7.754629850390000190e-01,9.338994568183972556e-01
8.564696311949999696e-01,9.088857149495023213e-01
9.269009828569999554e-01,8.952324980181051162e-01
7.506660223010001021e-01,1.016103040044886052e+00
9.248849749570000611e-01,8.667859217731140875e-01
1.070162653919999984e+00,9.804023085545344740e-01
8.752880096439998869e-01,1.028364901264898768e+00
7.511039972310000756e-01,8.720277249202579295e-01
8.627579808239999037e-01,8.056017990632912129e-01
5.096570253369999692e-01,8.667270072739458042e-01
8.495249748229999343e-01,6.653931745277628096e-01
6.711369752879999817e-01,8.575430913387220855e-01
6.132180094720000030e-01,7.994416757501721094e-01
3.810549974440000098e-01,7.093604541546599807e-01
8.710420131680000067e-01,6.339996828652394445e-01
6.540319919589999698e-01,9.148669519386988247e-01
9.089673757550000843e-01,7.810913304014803771e-01
9.709029793739999414e-01,9.388638829903372951e-01
9.856920242310001079e-01,9.018708419874720272e-01
1.356256246570000101e+00,9.150643829702626020e-01
1.309872984889999925e+00,1.174078155866850937e+00
6.344919800760000506e-01,1.139122995696686846e+00
5.933508276940000492e-01,7.204505861437973113e-01
8.796380162239999523e-01,6.075317025887215783e-01
1.131836414339999930e+00,8.772632054067367458e-01
1.841274023059999765e+00,1.115679416499157917e+00
2.261745929719999992e+00,1.621300023787437095e+00
2.597975969309999744e+00,1.879794227414306684e+00
2.399192094800000064e+00,1.987692177671163352e+00
1.982298016549999931e+00,1.867610248675457774e+00
2.269547939300000206e+00,1.589018872894967238e+00
2.017889976500000238e+00,1.837910780342183248e+00
1.452262043950000026e+00,1.880376652925616732e+00
1.342797994609999934e+00,1.481580201767010330e+00
1.311915040020000145e+00,1.245037085510290575e+00
1.276762008670000226e+00,1.319133695031748488e+00
1.275267004970000118e+00,1.203765957700739131e+00
1.210446000100000141e+00,1.267282480829810209e+00
8.153480291369999966e-01,1.206973213300720715e+00
7.271119952200000291e-01,9.719853657490301613e-01
6.043019890790000126e-01,8.805160159090836824e-01
9.830358624459999417e-01,8.066997727379557892e-01
1.101529002189999940e+00,9.773544422035373991e-01
1.183724999429999869e+00,1.150043553397692930e+00
4.356400072569999726e-01,1.170903174936373192e+00
3.270040154459999959e-01,7.375558435251102773e-01
8.039849996569999879e-01,5.655189981106996111e-01
4.216859936710000145e-01,8.613838034643358510e-01
5.734559893609999515e-01,6.698897767197788955e-01
3.959457874300000291e-01,6.753453863250626910e-01
4.163750112060000119e-01,6.450301596250888059e-01
5.603970289230000290e-01,6.013721083685451552e-01
7.749050259590000156e-01,7.994444005788270413e-01
6.370840072629999629e-01,9.049652949720726758e-01
3.839260041709999793e-01,6.970042027536720308e-01
5.648739933969999516e-01,5.519941655818454418e-01
1.054715037350000051e+00,6.914936733009372505e-01
6.537709832190000681e-01,9.681894413410147004e-01
5.931029915809999942e-01,7.495976549902592101e-01
1.022608995439999946e+00,6.778003246698373063e-01
8.359869718549999273e-01,9.071295761087819765e-01
6.375340223309999832e-01,8.219412208647115525e-01
9.755985140799999789e-01,7.946007663257023124e-01
4.898079931740000337e-01,8.996254509026487822e-01
1.098647952079999879e+00,5.992790166872744573e-01
1.151165962220000116e+00,9.842117248325883416e-01
8.061249852179999120e-01,1.096986245378251956e+00
4.744769930839999872e-01,8.433163376574519532e-01
7.896029949189999897e-01,6.609821002099320886e-01
4.762530028819999539e-01,8.249718652404239849e-01
5.455229878430000179e-01,6.449469068505570002e-01
6.212809681889999158e-01,6.301213522314005333e-01
7.707700133319999036e-01,7.184073085630806599e-01
9.337069988249999675e-01,8.113088865442342756e-01
8.110550045970000843e-01,1.021367514824624179e+00
6.005529761310000048e-01,9.189707290754167701e-01
1.002521038060000036e+00,6.946775959021462832e-01
8.921650052069998171e-01,9.116174482672436685e-01
9.160850048070000584e-01,8.789840802028270339e-01
7.413420081139999729e-01,8.938760624409378686e-01
9.283249974250000758e-01,7.717916753850437850e-01
6.429409980770000033e-01,8.697549003663563871e-01
9.950090050700001187e-01,7.619027166490421887e-01
6.271365880970000140e-01,9.809859509796127197e-01
1.038689017300000073e+00,7.440838980705740680e-01
6.888009905820000611e-01,9.416962762404249565e-01
5.214130282399999095e-01,8.224656842441502302e-01
6.510270237919999481e-01,6.513644074256462746e-01
1.159701943399999990e+00,7.379931123875942411e-01
6.456400156020000169e-01,1.115476959084638509e+00
1.195862650870000099e+00,8.135018445184372116e-01
1.304703950880000018e+00,1.065662064891220506e+00
8.844429850579998975e-01,1.085785691691975696e+00
7.697709798810000725e-01,8.775358734547507034e-01
7.702100276950000213e-01,8.840990068623145737e-01
6.418280005459999771e-01,7.751369713337724621e-01
8.937159776689999058e-01,7.130771468945079627e-01
5.247250199319999364e-01,8.668916345430629500e-01
5.142210125920000374e-01,7.185788669497469305e-01
7.172748446459999982e-01,6.034452797005237512e-01
6.410769820210000525e-01,8.533668549235031708e-01
4.689820110800000941e-01,8.149954738956433076e-01
1.203750014310000171e+00,6.831216769409141909e-01
7.911959886550000709e-01,1.120408184674425156e+00
1.136301159859999910e+00,8.261483827624305221e-01
8.642929792399999256e-01,1.066919454269516843e+00
8.814030289650001126e-01,8.311493692567103464e-01
5.817409753800000249e-01,8.030589519260891151e-01
8.651199936869999885e-01,6.724830993237133070e-01
9.078124761579999813e-01,8.558633799735728687e-01
7.377740144730000615e-01,8.786807776734315567e-01
1.120375037189999867e+00,7.813671200978561382e-01
9.422479867940000142e-01,1.038595124948933579e+00
1.060060024260000011e+00,9.732145015641868735e-01
7.158420085910000008e-01,1.056569946581553010e+00
4.040209949019999969e-01,8.228909426968350482e-01
2.920779883859999648e-01,5.911154035827287379e-01
6.317924261089999938e-01,4.830586460791245207e-01
1.124665260310000026e+00,7.280958733470395128e-01
1.115690946580000009e+00,1.105818870054178449e+00
1.247418999670000028e+00,1.159336859298817357e+00
6.976169943809999996e-01,1.139918513390664412e+00
3.693974971769999893e+00,7.814827004511861741e-01
8.204839825630000361e-01,3.113340376158752587e+00
8.573070168499999921e-01,7.974768097435617209e-01
6.902359724040000311e-01,1.097574887731638693e+00
8.385969996449998964e-01,8.606788135728522526e-01
1.287726998329999928e+00,8.314059793339136917e-01
9.632229804989999034e-01,1.142165174298549912e+00
1.343299984930000024e+00,1.083225331578370643e+00
7.316169738770000874e-01,9.304726011925533724e-01
6.809219717980000697e-01,9.607444158165797665e-01
7.014784216880000089e-01,1.047484494842963354e+00
6.698030233380000142e-01,7.738979943898817160e-01
1.365643024439999964e+00,7.863825772841184225e-01
9.781420230869999344e-01,1.185846770191043120e+00
6.786789894100000442e-01,1.110509543537572252e+00
5.976330041890000055e-01,8.130375390065820440e-01
8.193774819369999962e-01,7.598128788893689922e-01
7.911109924320000042e-01,8.791900296307680884e-01
1.044147372249999872e+00,8.572581218797906688e-01
1.400015950200000026e+00,1.005028410478969514e+00
8.748620152470000244e-01,1.191486292503205036e+00
6.228179931639999944e-01,9.455192108431644815e-01
7.164059877399998610e-01,8.343021547382422076e-01
6.523500084880000660e-01,7.701649526781048083e-01
9.379299879070001067e-01,7.338669281647534071e-01
5.936999917030000296e-01,9.120145325207305032e-01
5.393440127369999448e-01,7.616572704329295229e-01
9.370089769359999377e-01,6.487117470481894577e-01
8.087720274930000341e-01,9.803460395200797040e-01
5.654280185700000239e-01,9.472069644210425743e-01
6.020820140839999723e-01,7.474717860011890203e-01
1.146679997439999932e+00,6.953412636348060838e-01
9.824249744419999431e-01,1.043296750656240945e+00
5.671510100359999917e-01,1.000994526519980665e+00
7.866399884220000027e-01,7.596499976269627252e-01
7.388439774510000557e-01,7.586998260658378568e-01
6.810299754140000106e-01,7.538091554501082925e-01
7.086979746820000203e-01,8.185484652790238069e-01
6.642330288889999323e-01,7.879943266607795094e-01
5.124790072439999733e-01,7.302425621434044389e-01
6.040380001070000393e-01,6.508442826083374877e-01
6.728799939159999521e-01,7.759634674195442505e-01
8.265414834020000656e-01,7.792771500649472438e-01
4.546860158440000355e-01,8.558863690619326059e-01
5.594509840010000179e-01,6.660837995458525063e-01
1.332218050960000122e-01,6.811124464910593979e-01
1.633069962260000063e-01,4.436107725500733068e-01
1.797860413789999778e-01,4.322792948151291670e-01
5.747918486599999932e-01,4.827876182192329946e-01
8.508148789409999413e-01,7.408275691001582341e-01
8.527640104289999634e-01,9.182218509243372795e-01
1.687628030779999788e+00,9.206584826532947519e-01
2.149522066120000297e+00,1.270632088886021638e+00
8.122850060459999577e-01,1.381876552005375069e+00
1.239639997479999867e+00,6.226094493590098589e-01
2.128437280650000041e+00,9.704278219443474018e-01
2.139239072800000141e+00,1.561664450302271190e+00
9.779880046840000452e-01,1.851020222001733551e+00
6.937779784199998856e-01,1.272726185843883417e+00
7.218790054320000094e-01,8.306677094963350605e-01
7.631160020829999002e-01,7.880646166582154777e-01
8.565329909319999713e-01,7.993518886777981614e-01
1.109338045120000116e+00,9.353908904598911001e-01
6.476340293879999654e-01,1.118060996107428817e+00
9.241870045659998922e-01,8.622869386628558841e-01
7.877320051189998784e-01,1.075985620570345525e+00
1.305567026139999864e+00,9.582356951741810569e-01
9.107710123059999940e-01,1.218624554174166263e+00
8.699640035629999657e-01,9.406651270044218416e-01
5.743020176890000217e-01,8.442321181773021488e-01
8.599532246590000373e-01,6.935287763956894391e-01
4.775849878790000003e-01,8.328108269153368104e-01
1.108017444610000179e+00,6.996670481702755851e-01
1.290724992749999966e+00,9.941497040297299082e-01
8.591579794879999898e-01,1.167595576859810969e+00
3.058980107309999807e-01,9.353221612866360335e-01
9.039019942279999942e-01,6.742551638620085663e-01
6.352750062940000220e-01,8.808933914504554208e-01
1.023422956470000145e+00,7.410493648617327844e-01
6.730669736859999919e-01,9.750035499859424082e-01
8.504790067669999454e-01,7.552528649081717838e-01
5.141969919200000128e-01,7.812677564432194410e-01
1.527956604959999964e+00,7.594848412649028990e-01
4.094385623930000051e+00,1.454820955825543161e+00
9.952359795569999390e-01,3.118073773897268364e+00
8.670449852940000923e-01,1.254065844940071450e+00
1.141056060789999993e+00,1.230949642000829902e+00
1.622257947919999888e+00,1.147596286900587348e+00
1.980204939840000566e+00,1.572585828097338378e+00
1.375547051430000112e+00,1.632736658744740277e+00
1.851865053180000054e+00,1.424367397775703648e+00
1.420923948290000016e+00,1.133345882764779100e+00
1.589177966120000285e+00,1.600168183929744137e+00
1.673199415210000041e+00,1.800256399615606018e+00
2.123934030530000072e+00,1.531102983746770674e+00
1.648401975629999905e+00,1.803086094491685998e+00
1.204741954800000014e+00,1.636938582622326610e+00
7.920839786529999538e-01,1.213931076498176331e+00
1.227027416229999890e+00,1.000884210641430183e+00
1.226951003070000157e+00,1.090730885335449152e+00
1.131343960759999989e+00,1.329206407746745366e+00
1.252465009690000075e+00,1.119617746272697500e+00
1.116891980170000132e+00,1.140463082301925057e+00
1.122387051579999850e+00,1.145094259283913729e+00
1.040153026579999862e+00,1.223070601535508617e+00
8.091310262680000420e-01,1.124589844292306573e+00
7.681059837340000751e-01,8.887899978014739411e-01
7.982919812199998910e-01,8.005483265490968003e-01
7.666722536090000428e-01,8.716138155111937680e-01
1.057360053060000027e+00,8.606493960052389314e-01
8.607699871060000563e-01,1.044140839082356997e+00
1.070777058600000053e+00,9.605353447402769085e-01
5.301510095600000527e-01,1.043824467957277236e+00
6.604189872739999467e-01,7.511393789159556134e-01
9.909179806709998983e-01,7.471266322200269538e-01
3.561530113220000016e-01,9.503597499025744355e-01
9.618239998820000691e-01,6.122927983427869369e-01
1.244829058649999931e+00,8.891190407025311160e-01
8.381230235100001202e-01,1.213627112602602587e+00
9.245989918709998090e-01,9.357790594972936749e-01
8.131660223010001021e-01,9.795006812709010635e-01
1.003061056139999963e+00,8.075351046758704188e-01
8.752340078350000496e-01,9.113804675382141118e-01
7.991399765009998823e-01,9.119672051570071325e-01
8.812961578369999938e-01,8.440124123328512917e-01
1.063080191609999892e+00,8.410842003508429698e-01
9.057049751279999672e-01,1.050734977336362341e+00
6.909559965129999926e-01,9.806176229275610501e-01
1.355970025060000195e+00,7.846503269897604493e-01
7.572399973869999856e-01,1.177477948388676365e+00
2.043754577640000125e+00,8.866482824787702555e-01
8.576130270960000690e-01,1.742312759542565148e+00
2.364957094190000220e+00,9.730709321941886092e-01
4.179231166840000178e+00,1.871089934231628948e+00
2.233561992649999883e+00,2.990513751068209825e+00
8.013390302660000630e-01,1.770577063268800488e+00
8.372840285299999463e-01,1.627382608529805319e+00
8.851529955859999133e-01,9.117327905287495593e-01
9.040349721909999303e-01,1.174936794348890867e+00
1.302939534190000082e+00,5.996630587997240358e-01
7.228699922560000157e-01,1.160187984661071203e+00
8.009120225910000279e-01,1.051154997768914745e+00
1.032919287679999965e+00,7.752502236781546596e-01
1.321628212929999879e+00,1.342856053300779395e+00
9.367759823799999275e-01,1.338947220458794662e+00
7.007700204850000336e-01,1.013107686168450927e+00
7.624319791789999634e-01,7.565669995045712914e-01
1.144938945770000105e+00,7.700421502061070012e-01
7.721610069269999599e-01,1.088188302744718561e+00
8.772150278090000697e-01,9.528990785717075251e-01
1.243505001070000171e+00,8.486376370192345586e-01
6.381840109830000385e-01,1.113530240965962204e+00
7.468199729919999807e-01,8.117537214357986031e-01
6.839929819109999976e-01,8.915534237864822797e-01
1.419505119320000119e+00,7.778674877377456109e-01
6.141470074649999500e-01,1.265210685139482649e+00
7.347676754000000976e-01,8.873652563254057490e-01
6.770560145379999062e-01,8.013550610134592134e-01
1.074026942249999950e+00,7.439690849020109686e-01
6.156389713290000287e-01,1.010569415685202976e+00
9.692379832269999440e-01,8.309684723796055827e-01
9.916120171550001361e-01,8.951701444148094655e-01
8.089560270310000023e-01,9.008475233270206717e-01
2.435143947599999859e+00,8.254078113705511921e-01
8.223479986189999869e-01,1.964018760499330885e+00
5.938220024110000272e-01,9.508863561084309746e-01
5.762249827380000466e-01,8.089731792940942912e-01
4.224239885809999429e-01,7.667348431306633127e-01
6.765879988670000511e-01,6.917936954540880867e-01
5.520349740979999531e-01,6.960374441287938696e-01
9.015229940410001142e-01,7.517606133946118652e-01
7.489960193629999763e-01,8.567489757410428064e-01
8.627583980560000754e-01,9.903782766249610292e-01
9.480749964710000199e-01,9.759205209649136625e-01
1.055613875389999956e+00,9.047616470984323200e-01
1.970020055770000278e+00,9.686158373435264091e-01
9.391199946399999554e-01,1.543516562368098644e+00
1.009042978289999892e+00,9.346973554306167165e-01
7.824029922490001177e-01,9.375430818228600582e-01
1.016265034679999957e+00,8.013800342003539745e-01
8.782749772069999850e-01,9.883091263993468711e-01
7.353619933130000064e-01,9.405283564787371153e-01
1.109990954399999952e+00,8.137038786586023864e-01
7.727199792860000027e-01,9.749100857176166146e-01
1.164981961250000086e+00,9.364260343476116244e-01
7.157210111620000426e-01,1.190320594931876697e+00
1.475479006770000101e+00,8.614158929513099361e-01
8.354520201680000202e-01,1.284026420640562050e+00
7.344660162930000125e-01,9.469109898289033156e-01
7.861927747729999805e-01,7.977407213033740341e-01
1.143465042110000107e+00,7.977417530346122554e-01
9.246990084650000830e-01,1.069080402120687223e+00
2.958764553069999970e+00,1.005300708161923406e+00
2.138324022289999959e+00,2.515031150798751280e+00
2.038712024690000124e+00,1.621989960984701273e+00
1.480209946629999829e+00,1.564931943133777592e+00
9.367650747299998137e-01,1.259181459420384286e+00
1.715939760209999942e+00,8.255953219094395168e-01
1.001402020450000041e+00,1.464675893885329927e+00
8.896229863169999863e-01,1.350055473881219159e+00
7.492939829829999843e-01,9.808433075222642294e-01
1.115183949470000213e+00,9.149199405969089538e-01
9.457820057870001129e-01,1.140806146165963542e+00
6.452180147170000213e-01,1.189954780071302620e+00
1.164842009540000056e+00,8.501745991084467269e-01
1.244351029399999975e+00,9.981770801455238651e-01
9.045109748840000075e-01,1.254807606791071617e+00
5.575259923929999362e-01,1.100169612431871169e+00
5.778343677520000332e-01,7.296495547732405607e-01
7.199835777280000348e-01,6.741295836520616591e-01
7.607790231700000128e-01,7.658945377190874426e-01
5.404400229450000426e-01,8.920064331640110700e-01
8.009672760959999360e-01,7.018134459655219759e-01
7.710149884220000027e-01,8.104601950095168261e-01
6.709719896319999988e-01,8.987541141899842989e-01
2.768970489500000021e+00,8.545777634867842698e-01
3.086133003230000060e+00,2.254582266204418151e+00
1.116358041760000086e+00,2.190585882230976722e+00
1.018260955809999979e+00,1.176382540814783662e+00
7.442610263819999794e-01,1.031937812997571369e+00
1.114386796949999869e+00,6.706588397666218837e-01
1.380516409870000238e+00,1.094330542716374755e+00
1.229098439219999950e+00,1.269652605575871895e+00
1.573238968849999919e+00,1.367927995393369844e+00
1.245597958560000107e+00,1.307376720752295274e+00
8.298619985580000247e-01,1.580146460429750599e+00
5.376980304720000436e-01,1.141122146925983571e+00
8.593800067899999284e-01,7.187028334262185458e-01
7.949647903440000274e-01,8.937424664729093360e-01
8.122889995569999577e-01,9.084545306558593492e-01
1.209460973739999945e+00,8.635713646905234242e-01
1.043611049649999956e+00,1.105336866383390459e+00
9.914460182190000248e-01,1.106832797314897254e+00
1.377645969390000058e+00,1.107697520365778177e+00
7.495359778399999229e-01,1.251607679128346362e+00
7.549669742579999676e-01,7.969519759990630892e-01
8.522210121150000095e-01,7.548775792839237386e-01
1.312628030780000010e+00,8.752960378458256585e-01
9.499999880790001017e-01,1.217410550417170390e+00
8.433979749680000637e-01,1.069729202341657359e+00
6.329939961430000039e-01,8.852539903015537170e-01
6.848490238189999246e-01,7.264488070164540900e-01
8.296039700509999504e-01,7.280440222386561633e-01
1.117776036259999994e+00,9.308160089670044490e-01
1.060515046120000138e+00,1.081313427775323355e+00
9.966710209849999336e-01,1.030391856328333411e+00
6.726049780850000825e-01,9.986749301499454612e-01
8.499810099600000335e-01,8.093685704501645262e-01
7.929700016980000266e-01,8.594520586759376579e-01
7.509549856190000927e-01,8.451506235258071653e-01
9.556260704989999466e-01,8.070331012918486868e-01
6.085839867589999397e-01,9.189990355478505624e-01
7.782499790189999489e-01,7.553304828428640816e-01
5.098140239720000411e-01,8.455004333248649084e-01
6.364319920540000286e-01,7.204162480118169176e-01
6.015599966049999248e-01,7.491616824054849744e-01
6.556333899499999784e-01,7.229082493172267476e-01
6.385549902920000243e-01,7.678450917615983196e-01
8.762890100480000832e-01,7.505477207327956313e-01
7.967479825020000739e-01,9.125934395639717644e-01
6.824830174449999509e-01,8.483449692579871915e-01
8.025500178340000401e-01,7.592304269234116942e-01
7.950311899190000142e-01,8.168874308947514651e-01
1.584897041320000088e+00,7.940779960436802343e-01
1.017485976220000143e+00,1.355949066624459354e+00
9.177780151369999695e-01,9.970389747711564388e-01
1.230221033100000083e+00,8.791150571607893038e-01
1.027899026870000121e+00,1.044203404322829876e+00
9.125559926030000213e-01,9.878242656266682520e-01
7.935979962350000472e-01,9.660077265918438627e-01
1.030437946320000187e+00,8.222231215845752228e-01
5.325379967690000438e-01,9.577853577160128085e-01
6.127780079839999505e-01,7.472557838073369263e-01
8.741289973260000234e-01,7.731923166775725997e-01
3.667230010029999820e-01,8.919513016793830795e-01
7.391750216480000857e-01,6.139534094527051566e-01
5.604230165479999748e-01,8.313617736185521245e-01
7.758178114889999755e-01,7.589970175717452028e-01
8.102909922600001202e-01,8.367236279543918132e-01
6.437510252000000488e-01,8.982111061029044441e-01
7.236457467079999706e-01,7.628311953995169370e-01
9.113870263100001257e-01,7.459720191458477645e-01
6.627830266949999993e-01,9.025732128688893630e-01
1.002035975460000117e+00,7.512960433362853019e-01
8.224419951440000709e-01,9.099942440283734779e-01
1.030576944350000135e+00,8.316007384461168161e-01
6.781139969830000114e-01,9.546981268500798201e-01
5.333459973340000104e-01,7.868567503793547635e-01
3.209959864620000047e-01,6.533382944669294812e-01
7.608630061149999069e-01,5.287913501278862505e-01
7.439860105509998878e-01,7.912494916267213130e-01
5.468400120740000148e-01,8.462795226829717965e-01
7.004669904709999173e-01,7.013445637997125504e-01
8.356525897980000561e-01,7.913425326206928734e-01
1.274258971210000091e+00,8.818684832891808822e-01
8.934450149539999719e-01,1.192356332938160124e+00
6.211659908290000365e-01,8.971364125177180293e-01
7.900159955019999680e-01,6.699014961284593950e-01
1.067494988440000014e+00,7.346419170525545494e-01
6.698009967800000464e-01,1.014317033907551124e+00
1.265694975850000015e+00,8.157050404410811639e-01
6.380620002750000408e-01,1.079091343234625411e+00
9.348030090330000652e-01,7.690361857941757640e-01
8.006410002709999363e-01,8.680076238324260229e-01
1.085708975790000030e+00,9.055657096434341913e-01
3.527039885520000251e-01,1.044524854740159547e+00
5.883709788319999578e-01,6.342091507612492851e-01
4.875420033929999120e-01,6.153976480037114394e-01
4.636880159380000199e-01,6.372057215514528306e-01
3.637039959430000136e-01,5.555437707703927419e-01
8.750243186949999696e-01,6.228391815147246158e-01
6.435279846190000708e-01,9.086017772218092370e-01
4.834130108360000233e-01,7.778182556394286351e-01
2.120890021319999930e-01,6.815556941037956840e-01
4.560469985010000560e-01,5.150800917006762569e-01
4.367910027499999903e-01,5.676431210930589222e-01
7.238804101939999569e-01,6.029839635637948003e-01
5.560690164570000205e-01,8.106120711387151401e-01
4.748429954049999679e-01,6.660544613421804927e-01
2.674640119080000100e-01,6.076906685633519656e-01
9.588437080380001198e-01,5.558003808475960872e-01
7.868980169300000549e-01,9.735578299746966424e-01
1.794360995290000149e+00,7.557943650803651270e-01
1.337677955630000026e+00,1.473321034477015345e+00
1.210453987120000185e+00,9.778113933234893196e-01
5.654799938200000264e-01,9.437338131627135418e-01
4.008429944520000565e-01,6.532288515917347160e-01
2.727654874320000200e-01,4.786261964064092989e-01
5.836449861529999783e-01,4.837870483333220895e-01
8.533802628519999711e-01,6.106827685181897003e-01
8.660610318179999823e-01,9.206317899143362515e-01
1.158349990839999899e+00,1.002745850614922496e+00
7.764859795569999390e-01,1.168898203684707093e+00
1.068807005880000105e+00,9.145077507399084205e-01
5.888479948040000744e-01,1.037884129852550519e+00
1.588868498799999918e+00,6.308839603443427979e-01
4.327859878540000205e-01,1.346926497582108029e+00
3.996030092239999942e-01,6.702335019499956470e-01
5.545349717140000134e-01,4.949038995160651710e-01
6.221979856490000849e-01,6.860668463517356486e-01
1.149551987649999996e+00,7.152077248107681084e-01
1.121260046960000034e+00,1.090728319234677057e+00
9.776459932329999436e-01,1.164547181415871435e+00
1.732741951940000025e+00,8.719719056148045322e-01
2.302707910540000125e+00,1.460197466035895175e+00
1.053477048870000043e+00,1.722445954456190531e+00
7.962800264360000435e-01,1.040985355226817566e+00
5.203329920770000117e-01,7.710998334531860010e-01
6.104800105090000262e-01,6.633673041048604446e-01
4.453057944770000276e-01,6.156498666094903927e-01
6.522138714790000069e-01,6.435408423553656831e-01
1.175541162490000069e+00,8.177335827833440707e-01
1.032202124599999937e+00,1.197182798125294489e+00
7.193930149079998948e-01,1.290631775664952352e+00
8.200139999390000378e-01,9.442159755613843686e-01
9.497330188750000568e-01,8.646746292946149159e-01
1.039114952089999822e+00,8.769059618518343369e-01
5.883830189700000046e-01,9.811371392879856268e-01
9.508559703829998488e-01,7.185114340542014810e-01
5.277600288389999728e-01,8.470595114990813190e-01
7.736063003540000205e-01,7.033724712304442184e-01
9.703559875489998765e-01,8.507970505008711770e-01
1.383889913560000018e+00,9.630363141710651664e-01
7.795230150220000542e-01,1.271546070489866676e+00
6.069999933240000090e-01,9.134087982432999020e-01
4.660570025440000097e-01,7.060353960109891913e-01
9.455270171170000459e-01,6.044895504415055409e-01
6.238729953770000280e-01,8.873874253197043815e-01
3.923240005969999555e-01,7.995889487707691368e-01
5.156549811360000568e-01,5.530239920854919111e-01
9.679385423660000765e-01,6.496713100090470983e-01
1.356565952299999989e+00,1.003006799254255732e+00
9.072690010070000310e-01,1.322774436479673632e+00
8.162760138510000152e-01,9.514460306232055409e-01
2.479866981509999846e+00,7.671893075137845575e-01
1.133080005649999888e+00,1.962946315559150889e+00
1.045583963389999926e+00,1.075807924705544094e+00
8.474370241169999485e-01,1.110502003963139028e+00
1.536522984499999911e+00,8.226823478041807025e-01
9.008989930149998715e-01,1.291570942092869378e+00
4.812009930610000596e-01,1.173743345852718445e+00
8.572540283199999722e-01,6.765895483797917942e-01
8.617479801180000232e-01,7.965054480100821621e-01
1.008694052699999899e+00,8.567445842696185254e-01
1.127727031710000105e+00,1.213069554459598631e+00
7.795569896699999779e-01,1.113423231918303724e+00
9.895502924920001053e-01,8.108357716348832955e-01
8.363329768179998958e-01,9.588758182708911892e-01
9.099559783939998869e-01,9.606123013087907170e-01
5.511059761050000061e-01,9.210532388978337481e-01
1.239764332770000088e+00,6.872096077439986406e-01
1.211838960649999963e+00,1.100834682260829034e+00
1.379981994630000042e+00,1.172260695154073051e+00
1.148460984229999982e+00,1.310062713985141292e+00
7.663900256160000035e-01,1.068954054725973490e+00
9.660840034479999394e-01,7.527304672132046903e-01
8.156750202179999798e-01,9.319592729975630929e-01
1.142272949220000111e+00,8.900847675961710559e-01
1.299479961400000105e+00,1.076648917937945482e+00
8.583310246469999516e-01,1.230342666576979216e+00
7.149469852449999996e-01,9.489623360769959826e-01
8.764400482179999230e-01,8.311611944839794042e-01
8.305460214609999836e-01,9.290344736650351098e-01
8.535240292550000385e-01,9.094270828484599667e-01
9.092410206789999227e-01,8.932727906676858343e-01
5.202720165249999917e-01,9.142684155472838858e-01
7.411040067669999454e-01,6.806652042266059244e-01
5.853319764140000325e-01,8.211685070765639693e-01
5.047770142559999673e-01,7.724440469833772083e-01
5.519493222240000607e-01,6.654817711410158099e-01
9.697520136830000137e-01,6.881774510094093023e-01
1.116515994070000017e+00,9.831418724478275806e-01
1.049844980239999837e+00,1.085004565326039394e+00
6.342629790310000404e-01,1.055551733667998482e+00
5.644329786300000817e-01,7.177893280060219094e-01
9.184709787370000100e-01,6.084164518074831607e-01
9.593539834020000656e-01,8.832304214329520509e-01
5.984159708020000412e-01,9.688402785698143616e-01
9.383450150489999197e-01,7.265635672757229102e-01
4.542250037189999867e-01,8.657847456523141139e-01
7.079470157619999204e-01,6.588637972499423734e-01
3.876500129699999575e-01,8.159723117410796478e-01
4.484339952470000057e-01,6.388947184977461502e-01
8.405709862710000202e-01,6.111022863124464521e-01
5.337110161779999862e-01,8.511429979214472086e-01
7.211350202559999589e-01,7.470133798756447563e-01
5.215386152269999576e-01,8.222601051812691297e-01
7.050759792330000275e-01,6.909630195340691339e-01
6.405649781229999506e-01,7.879398036330356181e-01
5.168589949609999623e-01,7.053174433424096446e-01
1.660409450529999997e+00,6.662396174174738395e-01
2.465307950970000217e+00,1.339480757782200548e+00
1.622156023979999917e+00,2.021968643869095139e+00
1.866270065310000170e+00,1.301282654693070695e+00
3.623536109919999415e+00,1.340837140450073406e+00
7.948709726329999947e-01,2.576635928852657464e+00
9.065989851950000400e-01,1.024987119009489023e+00
8.571879863740000660e-01,1.025984803116867239e+00
7.756379842759999477e-01,1.231870237266458723e+00
7.006700038909999817e-01,6.990858131180864854e-01
6.443409919740000769e-01,8.717743687646521966e-01
7.579550147059999077e-01,9.003064728838287012e-01
5.499600172040000068e-01,8.099603609065602061e-01
4.964669942859999408e-01,8.135073735396882721e-01
1.367677569390000070e+00,7.645076528430685414e-01
1.397894024850000250e+00,1.230071532898499020e+00
8.148130178450000427e-01,1.314489608181958369e+00
1.278898954390000009e+00,9.403844696529732872e-01
8.623980283740000363e-01,1.078998222876712321e+00
1.093865990639999897e+00,7.608310653482762698e-01
8.134710192680000285e-01,1.035796038099588090e+00
1.466687083240000078e+00,8.681843408752836222e-01
9.060310125349999577e-01,1.262923469257539955e+00
7.652140259739999006e-01,1.046784240333316740e+00
1.311033964160000176e+00,8.332896295738216885e-01
7.892500162119999718e-01,1.117381799496901085e+00
1.474902033810000068e+00,9.007623658178951498e-01
9.167850017550001063e-01,1.339272400981370348e+00
1.186140060420000086e+00,1.046309538145137719e+00
1.411391973500000008e+00,1.072138691602655181e+00
2.092472076419999993e+00,1.300276293461432475e+00
7.189220190049999681e-01,1.893060889041776607e+00
1.301861047739999888e+00,1.029803743067889465e+00
1.268974781040000055e+00,9.742398572324676431e-01
1.221997022629999874e+00,1.127431496668891198e+00
9.061110019680000960e-01,1.096273239728686510e+00
1.078873991970000112e+00,1.040889430676308347e+00
1.028025031089999874e+00,1.036188625063062085e+00
7.863690257070000689e-01,1.020035576250703402e+00
1.276852965350000035e+00,8.994559295238118146e-01
7.093420028689999546e-01,1.148228050328803151e+00
5.201929807659999572e-01,8.892502557523175311e-01
5.645610094070000473e-01,6.932036752370552835e-01
9.855200052259999177e-01,7.367343473676469801e-01
1.092841982840000004e+00,1.008986105054211491e+00
4.786899983879999709e-01,1.116185837809250847e+00
3.955059945579999514e-01,7.309740595913166716e-01
1.850703001020000071e+00,5.970064566798441996e-01
1.195796012879999815e+00,1.629444351454221840e+00
1.702510833739999896e+00,1.235940284728080263e+00
2.998351097109999586e+00,1.468818691626571082e+00
2.407080888749999925e+00,2.042054599252331126e+00
2.585943937299999718e+00,1.643846711083169820e+00
2.233839035029999920e+00,2.205849578715972648e+00
1.655773043629999997e+00,1.707228738786209732e+00
1.430611014370000156e+00,1.408375272581863236e+00
8.921740055079999676e-01,1.272411163905807552e+00
1.231696963309999893e+00,1.350119652855167107e+00
8.955079913140001624e-01,1.064432796802828207e+00
1.602033019070000064e+00,1.065139506246375545e+00
1.585399031639999956e+00,1.294957877656187417e+00
1.232059955600000034e+00,1.662418905102730271e+00
1.210371017459999976e+00,1.323727015413687758e+00
1.242141008379999967e+00,1.265890331479011532e+00
9.857040047650000858e-01,1.208258962060744901e+00
7.289689779279999726e-01,1.082680498120638601e+00
6.761519908910000876e-01,8.097181686120450417e-01
1.071573019029999907e+00,8.004618463076145218e-01
9.457439780239998983e-01,1.007147427714431887e+00
4.376370012759999706e-01,1.099428220945930512e+00
5.141820311550000522e-01,7.247231174745853988e-01
3.387190103530000052e-01,6.664098530717834645e-01
7.144280076029999593e-01,5.831225816800825745e-01
4.996199905870000180e-01,8.427914774583061819e-01
7.917379736899999854e-01,7.277183655324321876e-01
8.646243214609999894e-01,8.320519753622876991e-01
6.024960279459999901e-01,9.118795609110509348e-01
1.260069966320000123e+00,7.690880369025591135e-01
1.012339949610000067e+00,1.121274045275132636e+00
1.004528999329999950e+00,8.975852156063525156e-01
6.310235261919999727e-01,9.395304871888290332e-01
1.141221046449999887e+00,6.812386880671845724e-01
5.426099896430000014e-01,1.011547073624700532e+00
8.547459840769999762e-01,6.983865903396780928e-01
7.744219899179999311e-01,8.273340006830511850e-01
3.084340095520000102e-01,8.041169790835808184e-01
8.376209735870000506e-01,4.723532704779093705e-01
7.293469905850000767e-01,8.792818272563243109e-01
7.503905892370000830e-01,8.899352194759204693e-01
1.134822010990000019e+00,8.505730590035844862e-01
1.614240050320000064e+00,1.074874551845349524e+00
1.244793057440000128e+00,1.360627729698054234e+00
7.141630053519999466e-01,1.114190072774787543e+00
7.293040156360000026e-01,8.217083141513406019e-01
6.486989855770000091e-01,7.097567712233798787e-01
3.427990078929999962e-01,6.517648249646719183e-01
3.861860036850000011e-01,5.821662726408224353e-01
6.366299986840000535e-01,5.469716450047983347e-01
3.990480005740000280e-01,7.799083314909259768e-01
4.178859889509999870e-01,6.767952861705557321e-01
1.103790521619999909e+00,7.110339751323797586e-01
6.956189870829999622e-01,1.105805193001609954e+00
8.070139884950000564e-01,7.841164722105889995e-01
5.947690010070000310e-01,8.825649283296400638e-01
1.107607960700000005e+00,6.474625321558576951e-01
9.713580012320000012e-01,9.590477999319116931e-01
7.170349955560000321e-01,8.768105663942679096e-01
6.764810085300000386e-01,7.837776146354449303e-01
1.687772989270000190e+00,6.779106140937404268e-01
9.907569885250000485e-01,1.432296887253110107e+00
8.082039952280000161e-01,1.062692081021387125e+00
1.087718963619999979e+00,8.518809238486131363e-01
1.564818024639999861e+00,9.265227901021574342e-01
6.673809885979999912e-01,1.357810971144423062e+00
1.256489992140000123e+00,1.004882486645376272e+00
1.091886043549999963e+00,1.064031506260447069e+00
7.375509738919999725e-01,1.005343194325221345e+00
6.224380135540000802e-01,7.064311046228248792e-01
8.364729881290000613e-01,8.508614940212905209e-01
5.774260163309999916e-01,9.010205896285736760e-01
1.015761017800000054e+00,7.358991212483209088e-01
1.106158971790000001e+00,9.872182425701143682e-01
6.945540308949998964e-01,1.034066724271061943e+00
1.130903959270000092e+00,7.923907451040976824e-01
9.518219828609999489e-01,1.116709057820274298e+00
7.524570226669999862e-01,9.453517793814510961e-01
5.585229992869999993e-01,8.206628529512377535e-01
1.415836334229999771e+00,6.793453289717782395e-01
1.855298042299999839e+00,1.244945525976558498e+00
7.845479845999999702e-01,1.621995119640892380e+00
8.210539817810000862e-01,1.061329719603261834e+00
5.835890173909999978e-01,8.423850547143809653e-01
8.359720110889999889e-01,6.643832419187614136e-01
2.184663057329999880e+00,8.856719737262765957e-01
6.805480122570000123e-01,1.842063234029628349e+00
1.238904953000000031e+00,1.031602870710203179e+00
1.030328035349999949e+00,9.115809673088454135e-01
7.914109826090000022e-01,1.217838613062451669e+00
8.423720002169999832e-01,9.712243449149159380e-01
4.464710056780000769e-01,8.599619190901581778e-01
5.589337944979999584e-01,7.302840959394053533e-01
7.099329829220000221e-01,6.469310582949283628e-01
7.334340214730000751e-01,7.995765415412631194e-01
7.833399772640000647e-01,8.841925769492288145e-01
8.426809906959999985e-01,8.602388992456549976e-01
1.099761009220000085e+00,9.360131037604912940e-01
8.706315755840000614e-01,1.044003830464848237e+00
5.862460136410000411e-01,9.063490846543769131e-01
8.863990306849999223e-01,7.108757498878691683e-01
1.019399046900000050e+00,8.162084988306952393e-01
8.493610024450000129e-01,9.694565395748092618e-01
1.010666966439999870e+00,9.124361402321108372e-01
1.331516027449999973e+00,9.565566451752102184e-01
1.215008974079999859e+00,1.164775405656699458e+00
1.645591020579999952e+00,1.160624512793435370e+00
9.708780050280000351e-01,1.455462031289550096e+00
1.411272048950000135e+00,9.419283364050875518e-01
7.953929901119999313e-01,1.154893854221895610e+00
1.046331048010000098e+00,9.353158650806180363e-01
8.879339694979999642e-01,1.003817898735395397e+00
8.349300026890000836e-01,9.582952710395276075e-01
9.847199916839999290e-01,8.635122120995309958e-01
1.090394020079999970e+00,9.718258971361041221e-01
4.901649951929999416e-01,1.107732070134935576e+00
6.141669750209999279e-01,7.520496039599076088e-01
6.314740180969999894e-01,6.738637409030084902e-01
8.252440094949999860e-01,7.618942247073120511e-01
1.051450967789999913e+00,8.672626609691224120e-01
1.047114968300000060e+00,1.058469496064388782e+00
3.921430110930000379e-01,1.028102947348974228e+00
4.695149958129999912e-01,6.308609712559830607e-01
7.720900177959999500e-01,6.365706248376981069e-01
7.520099878309999264e-01,8.281406822381193189e-01
6.877393722529999698e-01,8.291237633802793772e-01
6.718119978899999012e-01,7.751392199787788817e-01
1.185933232310000029e+00,7.461022289190430978e-01
6.571980118750000432e-01,1.087085858234688285e+00
8.213180303569999063e-01,8.518337287581254635e-01
7.795739769939998842e-01,8.995602137428154732e-01
1.030122995379999962e+00,7.449890967315705437e-01
6.211889982220000217e-01,9.448674741563622970e-01
8.660820126530001106e-01,7.738665927237332598e-01
9.608931541439998947e-01,8.502907614640137224e-01
6.760399937630000577e-01,8.979848395059641941e-01
7.402380108830000083e-01,7.609298205460288678e-01
5.984709858890000511e-01,8.396968392911756673e-01
6.151059865950000427e-01,7.040133086026270082e-01
9.358735680580000382e-01,7.121388005606521521e-01
5.818247795100000008e-01,9.459392312757167742e-01
7.156659960750000327e-01,7.483218002682632264e-01
6.529520154000000298e-01,7.599602312739073273e-01
9.700022935870000751e-01,7.805687188473411364e-01
7.834500074390000623e-01,9.732424641262078513e-01
7.448130249979999506e-01,8.426263740055406348e-01
8.276180028919999376e-01,7.981301601638389753e-01
8.943400979040000420e-01,8.021154204813949473e-01
2.505017042159999985e+00,8.812248946336960209e-01
1.620712041850000062e+00,2.064191054334951314e+00
1.417585968970000110e+00,1.422762738244474523e+00
1.049872040749999957e+00,1.205642306458037938e+00
1.226507544519999993e+00,9.468948789487984241e-01
1.043179035189999881e+00,1.051132405500261990e+00
9.694439768789999690e-01,1.120689635665287565e+00
8.192250132559999454e-01,9.808081757508698706e-01
8.129550218580000598e-01,9.087104000029428974e-01
6.712080240250000163e-01,7.644774680906882836e-01
5.289899706839999993e-01,8.936643723545687479e-01
3.461930155749999849e-01,7.338969541892509385e-01
4.789490103719999947e-01,6.077057212575713852e-01
1.153810977940000093e+00,6.357762711481946827e-01
9.671270251270001062e-01,1.150187784133869462e+00
7.845839858059999727e-01,1.076668018193176479e+00
4.701859951020000428e-01,8.832328023511941684e-01
5.632782578470000301e-01,6.428410375747203309e-01
2.416239976880000528e-01,6.387768101354682759e-01
2.709859907630000064e-01,4.839974421419816486e-01
1.994680017229999991e-01,4.915169904073941609e-01
1.327169984580000017e-01,4.850934581727582851e-01
4.732620120049999546e-01,4.161316162961387066e-01
6.585559844969999244e-01,7.285457346215593599e-01
9.621880054470001165e-01,8.614904950562287667e-01
5.111979842189999790e-01,9.580403805143880014e-01
9.829789996150001263e-01,6.238146172638628917e-01
9.100099802019999684e-01,8.852927199049583917e-01
1.026576042179999870e+00,6.856419318094635340e-01
8.309389948840000262e-01,9.062824983075397078e-01
9.651920199390001676e-01,7.165705095032476324e-01
1.000543951989999902e+00,8.320848320340284987e-01
1.983185052870000131e+00,9.025994823334938522e-01
1.274855017659999978e+00,1.705697570264719909e+00
1.286525964740000028e+00,1.179793444288405491e+00
1.382244944570000245e+00,1.083457365288386320e+00
1.736924052240000016e+00,1.165239446622083452e+00
1.257668018339999971e+00,1.516030924725616291e+00
7.533379793170000838e-01,1.343123747875132112e+00
1.084908962249999886e+00,8.326021526587409349e-01
1.062494039539999990e+00,9.775395453695365777e-01
7.787629961969999570e-01,1.090722790213425997e+00
8.256469964979999965e-01,1.002960159711357990e+00
9.891830086709999525e-01,8.445578807021146828e-01
1.418092012410000047e+00,9.846863212021788048e-01
1.151677966120000063e+00,1.373452678082321521e+00
1.250364065170000094e+00,1.291809880465786931e+00
8.794019818310000458e-01,1.129235280329100588e+00
1.089423060420000144e+00,8.932561771492855129e-01
1.809062957759999701e+00,1.024439243267336375e+00
8.687390089040000207e-01,1.558267382609100693e+00
8.521729707719999380e-01,1.063975634045699170e+00
1.307837963100000112e+00,8.305426319246836941e-01
1.262575984000000151e+00,1.216866431234910895e+00
7.601559758189999627e-01,1.271847045010314314e+00
1.069887042049999959e+00,1.011811461368161469e+00
8.579840064049999437e-01,9.812913434261317791e-01
1.149323940279999956e+00,8.965590398440106412e-01
1.067142963410000034e+00,1.087008531301114411e+00
7.400619983670000401e-01,1.125147164343486272e+00
6.799880266190000411e-01,8.140007262540970290e-01
7.323921322820000634e-01,7.562200468074040671e-01
8.352749943730000126e-01,8.381430255917388106e-01
6.000829935070000065e-01,9.082363591809422543e-01
1.010563969610000168e+00,7.505885402533238882e-01
7.613970041280000434e-01,9.639396345521151765e-01
7.260069847110000030e-01,8.735182326491022220e-01
1.064324021340000037e+00,8.497786524047867829e-01
5.901079773899998715e-01,1.020684958473910608e+00
7.744659781460000447e-01,7.071791097705489859e-01
7.406870126719998781e-01,8.035539977379144716e-01
8.908360004430001533e-01,8.157367066537010158e-01
7.620100975040000613e-01,8.972749290501136343e-01
7.774500250820000069e-01,8.343163079744591037e-01
5.811070203779999943e-01,8.420508267024854332e-01
7.908779978749999051e-01,6.891814313228055155e-01
8.903719782829999652e-01,8.156685859373300485e-01
7.882059812549999656e-01,9.189808347506220887e-01
7.301949858670000459e-01,8.370251315677821324e-01
9.248933196070000529e-01,7.949027461227411440e-01
1.265586972239999941e+00,9.066167263194352399e-01
7.884140014650000694e-01,1.155770349590751200e+00
9.180610179899999501e-01,8.825893459689451159e-01
6.569269895549999516e-01,8.834033290066222177e-01
8.252680301670000107e-01,7.179391142180966412e-01
4.257229864599999525e-01,8.267944581547459482e-01
9.114630222319999309e-01,6.615219601940031113e-01
7.238519787790000937e-01,8.844958265693300126e-01
9.657319784160000031e-01,8.313788633206009582e-01
7.194200158119999911e-01,9.677078344899336937e-01
7.146480083470000411e-01,8.384573861636365200e-01
6.188799738879999790e-01,7.565921843286431692e-01
8.502969741820000094e-01,7.230310253345773042e-01
6.113014817240000065e-01,8.582449331271967408e-01
8.405809998509999881e-01,7.231102305480975323e-01
5.909900069240000553e-01,8.139283727941845070e-01
1.191807866100000002e+00,7.242907162671742283e-01
1.072478055950000009e+00,1.095070611469958433e+00
7.976800203319999172e-01,1.029275867038970338e+00
7.140370011329999489e-01,8.428118739912467960e-01
8.885610103609999921e-01,7.503820088231459851e-01
7.367290258409999737e-01,8.438480496102054307e-01
9.655410051350000744e-01,8.196764914328330542e-01
8.569459915160000385e-01,9.289152690250477296e-01
5.838339924809999859e-01,8.661344231781361591e-01
3.047562122340000457e+00,6.760501910340164233e-01
8.865389823909999301e-01,2.601735198595737764e+00
1.186460971829999878e+00,1.085749422370754447e+00
8.750730156899999557e-01,1.170774182076946168e+00
1.111973047260000014e+00,9.205140402799412147e-01
6.929270029070000447e-01,1.055476628924784110e+00
5.632749795910000357e-01,8.672926869936199434e-01
5.519689917560000048e-01,6.944669640016625234e-01
9.211350083349998386e-01,6.961633682491534802e-01
5.465030074119999748e-01,7.329613855933442279e-01
9.997850060459999577e-01,8.081392494524778369e-01
7.512239813800000166e-01,9.565807189041024561e-01
8.402569890019999654e-01,8.362703540303916272e-01
7.843149900439999600e-01,8.695897704589437005e-01
5.915480256080000165e-01,8.647124594400170672e-01
6.109840273859999948e-01,6.813696121158525632e-01
9.328789710999999540e-01,6.809072113385910008e-01
7.992020249369999885e-01,9.137583170412391098e-01
9.833549857140000405e-01,8.605879947692399723e-01
5.405290126799999761e-01,9.457722230883575110e-01
1.093670010570000128e+00,7.053283162023818997e-01
9.266330003740002041e-01,9.971161429768473639e-01
7.972419857979999858e-01,9.303785813766377588e-01
5.896059870719999596e-01,8.581026335802609539e-01
7.799540162090000672e-01,6.829466000861790231e-01
5.182790160179999717e-01,7.720460103625935711e-01
7.263879776000000676e-01,6.926785240367910879e-01
6.216366887090000182e-01,7.826318374134085820e-01
8.810679912569999717e-01,7.293132897535157255e-01
7.315016984940000411e-01,8.660442921953493967e-01
9.703850150110000516e-01,8.655193261776150671e-01
8.715350031849999901e-01,9.775725078598660467e-01
5.505740046500000595e-01,8.543055451677716849e-01
2.576299905780000121e-01,6.534972868962070081e-01
6.952109932899999123e-01,5.143426155025117019e-01
3.547430038449999601e-01,7.263269569117531965e-01
1.308350920679999918e+00,5.974517148457626492e-01
1.424710035319999957e+00,1.183528179097599109e+00
2.422243118290000385e+00,1.259170031012822211e+00
1.588093161580000023e+00,1.912436060965806206e+00
2.882889986040000352e+00,1.170033981050126570e+00
1.510810017590000109e+00,2.016282799469800935e+00
5.103110075000000245e-01,9.470407498730973872e-01
6.637499928469999810e-01,5.317876034623241210e-01
5.865659713749999948e-01,7.516492657848232728e-01
9.182999730109998593e-01,9.005258612725139944e-01
1.126363039020000123e+00,8.798544645481947146e-01
9.455379843710000065e-01,1.213219129034496468e+00
7.979699969290000583e-01,9.167990670921569718e-01
8.895260095600000527e-01,1.021881237617326299e+00
5.017459988589999531e-01,1.129677152300185838e+00
7.889080047609999813e-01,7.136203930734120737e-01
5.571460127830000220e-01,7.763829587591537518e-01
8.079270124439998924e-01,7.046200194800065209e-01
7.382910251620000697e-01,8.035963516279766017e-01
6.742079854009999096e-01,8.641668852521651178e-01
8.787713646889999675e-01,7.990325546322392114e-01
7.401880025859999268e-01,8.974807991141131591e-01
8.886500000949999478e-01,8.236537095376601503e-01
7.983270287510000340e-01,8.986188515791863063e-01
5.137799978260000344e-01,8.162465141586272566e-01
7.760372757910000141e-01,6.514520781262495008e-01
8.528280258179999906e-01,7.788568650859236664e-01
7.851629853249999513e-01,8.947192514090513971e-01
8.431609868999999646e-01,8.515680447369550210e-01
1.024798870089999925e+00,8.688185645856827399e-01
8.044279813770001120e-01,9.729815154868745042e-01
8.841310143469999216e-01,8.490685567664062461e-01
3.615649938579999501e-01,9.152784539748738402e-01
1.171491026879999842e+00,5.689768321283378283e-01
4.477910101410000343e-01,1.015735135267188616e+00
7.665730118750000432e-01,7.079703682663377462e-01
7.735599875449999940e-01,7.981523556127847474e-01
1.054823040959999902e+00,8.234989498519241780e-01
7.843300104139999673e-01,1.014241929164336531e+00
1.034250974660000155e+00,8.899435791444149091e-01
1.096979022029999973e+00,9.852239589958904364e-01
7.633029818529999400e-01,9.110856040412544932e-01
5.883730053899999257e-01,7.520789950728739015e-01
6.365630030629999547e-01,7.436186666460691264e-01
5.750700235369999858e-01,6.785809483974780676e-01
5.399640202519999654e-01,6.958285846896681281e-01
1.324671149250000068e+00,6.785951809976362714e-01
8.178460001949999780e-01,1.206482506051025361e+00
6.359609961509999909e-01,9.460162672081720014e-01
8.135920166969999867e-01,8.005752838345266964e-01
9.872140288350000903e-01,8.623609323108907265e-01
9.839289784429998686e-01,9.304003535512294087e-01
5.904790163040000150e-01,9.652603034463568266e-01
8.986790180209999201e-01,7.118196781522703187e-01
6.268000006680000125e-01,8.165161663768678579e-01
6.926850080490000172e-01,7.334522251162751694e-01
5.757049918169999669e-01,8.521685916815522344e-01
6.764680147170000213e-01,7.085830049846753020e-01
8.279470205309999997e-01,7.380803598138433452e-01
6.547859907149999881e-01,8.756870639851186411e-01
1.085815548900000094e+00,8.132834349516959715e-01
8.509550094600001335e-01,1.022023986893263459e+00
8.879359960559999321e-01,8.756750800299667459e-01
6.557850241659999302e-01,9.096267096157357734e-01
6.597809791559999804e-01,7.272060977453222996e-01
8.856279850010000398e-01,7.113985201698912464e-01
7.502999901769999980e-01,8.554162435277078425e-01
9.303160309790000637e-01,8.353121667111850224e-01
7.259460091590000941e-01,9.116487441148036774e-01
7.123904824259998936e-01,8.163107195872223443e-01
9.326570034029998402e-01,7.996495299127068801e-01
6.544970273969999974e-01,9.330137816869858991e-01
4.987269937989999846e-01,7.742842586926905746e-01
9.782410264020000579e-01,6.413712967438766066e-01
5.593240261080000275e-01,9.351140425776300891e-01
8.733990192409999409e-01,7.251272386642099166e-01
6.232500076290000690e-01,8.893465771225338434e-01
6.319249868390000024e-01,7.607500612187508837e-01
8.335350155830000274e-01,7.025922972318047188e-01
8.613430261610000027e-01,8.581154111748268143e-01
1.036013007159999999e+00,9.205826636346077230e-01
6.160370111469999355e-01,9.584487873568483529e-01
9.874529838560001105e-01,7.275888700347094007e-01
6.686739921569999634e-01,9.381328881807206033e-01
6.455339789389999972e-01,7.424728894240327781e-01
1.007030010220000049e+00,7.537857166327471825e-01
7.763000130650000719e-01,9.236970105138533338e-01
9.358490109440000815e-01,8.480334922426271405e-01
6.626719832419999401e-01,9.369660530595653736e-01
1.113351941109999910e+00,8.004536982762971986e-01
5.495319962500000432e-01,1.030361539302717455e+00
9.273632764820001206e-01,7.228440967979259391e-01
8.215330243109999486e-01,9.311739403427323758e-01
9.193540215490000334e-01,8.255090797597814944e-01
6.899859905239998925e-01,8.897355927086445515e-01
6.497738957409999738e-01,8.108432318453752119e-01
9.705049991610000815e-01,7.164830504398214117e-01
8.034440279009998909e-01,9.174844540901140322e-01
8.920990228650002019e-01,8.761192271007055554e-01
7.462270259859999921e-01,9.260605480527787092e-01
1.495407462120000197e+00,7.980436005584153891e-01
7.597569823270000633e-01,1.309600471935762567e+00
9.677280187610000084e-01,8.941352650735603369e-01
1.126011013979999920e+00,9.500199664147807033e-01
7.641419768330000029e-01,9.731580208925549869e-01
1.423818945879999909e+00,7.874818472364926158e-01
8.309190273280000483e-01,1.243835092163093625e+00
5.316870212550000030e-01,9.542469692978504670e-01
6.942920088770000442e-01,6.913040199356310644e-01
1.097100019450000019e+00,7.633002892025033681e-01
8.623710274700000511e-01,1.122253607949223797e+00
9.711959958080000899e-01,9.695496863873693805e-01
7.501904964450000213e-01,9.658921197838667982e-01
5.659890174870000346e-01,7.709080901707561218e-01
7.235890030859999378e-01,6.395442859034832228e-01
1.088876962660000114e+00,8.775191805724088523e-01
2.614549994470000138e-01,1.057178932558586082e+00
1.923168003559999895e-01,5.740149609471942860e-01
2.048390060660000012e-01,3.988974454193400243e-01
3.752999901769999980e-01,5.268226746520884296e-01
1.878910064700000104e-01,5.722265738916171296e-01
4.178839921949999980e-01,5.399425923519040049e-01
6.128349900249999704e-01,6.271199931500657243e-01
4.822100102900000462e-01,7.516172821164378570e-01
8.136649727820000066e-01,7.012388774844108275e-01
8.997989892959999958e-01,8.663126481358802700e-01
7.667459845540000041e-01,7.679234504264103034e-01
6.762999892229999421e-01,6.888931285783351788e-01
9.804093837739999984e-01,6.575305623983118686e-01
1.075533032420000090e+00,8.565049316212283159e-01
6.459739804270000496e-01,9.114962066194269852e-01
7.601699829100000416e-01,7.279351613656982467e-01
8.707180023190000950e-01,7.592827277607963055e-01
1.045557022089999899e+00,8.426166386953951593e-01
4.832339882850000268e-01,1.030161542170381805e+00
1.085988998409999962e+00,7.233796975838081567e-01
7.320979833600000930e-01,9.668788252126842009e-01
7.128990292550000385e-01,8.235970701381455372e-01
1.045389056210000112e+00,8.034965117896915032e-01
7.359200119969999676e-01,9.814381667177275448e-01
8.956930041310000590e-01,7.984408435397849502e-01
8.745509982110000191e-01,8.987222098855403019e-01
9.237470030779999508e-01,9.316500446272095726e-01
9.997780323029999971e-01,9.075146499524697763e-01
1.739534020420000049e+00,9.496953149851478093e-01
8.107889890670000321e-01,1.520066316599491874e+00
7.049050331119999235e-01,9.030904805843075200e-01
8.328269720080000438e-01,7.270115238156491522e-01
8.276600241660000412e-01,8.394245416082216638e-01
8.953109979629999549e-01,8.551181261091507224e-01
1.459501028060000039e+00,9.405264517441435101e-01
1.179519057270000060e+00,1.303614843475141782e+00
1.443411946299999915e+00,1.119323411868680562e+00
1.306735038760000078e+00,1.336366490266896356e+00
7.634999752040000365e-01,1.201189513161676325e+00
1.145148038860000161e+00,7.949651790899782133e-01
7.253450155259999477e-01,1.012896578084318655e+00
7.633590102199999672e-01,8.748542981479759950e-01
6.174820065499999622e-01,8.046854100865569182e-01
1.029322981830000039e+00,7.735365974553791713e-01
1.302055954929999926e+00,1.018182639856118232e+00
3.164124965670000122e+00,1.281439817516999646e+00
9.734439849849999549e-01,2.780138857481328607e+00
1.229671001429999855e+00,1.088646708870262714e+00
7.441530227660000385e-01,1.016793003696797371e+00
1.063034057620000139e+00,7.822089598789658815e-01
1.123872041700000102e+00,1.005744961051250774e+00
8.984770178789999173e-01,1.039819684110136144e+00
7.175139784810000698e-01,1.037143770097848305e+00
5.367509722709999931e-01,7.960359044780943583e-01
1.175443053249999981e+00,5.801933115121888918e-01
1.101048946379999949e+00,1.200087227379528887e+00
5.734490156170000130e-01,1.178181509729214538e+00
1.431144952770000200e+00,7.906643941960506128e-01
1.037794947620000130e+00,1.180760890734109170e+00
6.568620204930000206e-01,1.050620375804976359e+00
1.074908018110000141e+00,8.823634497370647090e-01
1.385972023009999887e+00,9.824177823011129851e-01
1.004804968829999812e+00,1.246081514979155314e+00
1.609539985660000116e+00,1.063447916744663102e+00
2.817575931549999524e+00,1.418594253040865949e+00
1.962562561039999931e+00,2.165672324110779812e+00
1.279752016069999998e+00,1.736242529120408662e+00
1.995329976079999845e+00,1.433002168145712352e+00
2.033385992049999924e+00,1.515499794775099662e+00
1.307443976400000096e+00,1.770836583357188632e+00
1.611258029939999892e+00,1.548429878161775353e+00
2.040218114850000042e+00,1.334583896779041545e+00
2.183244943620000100e+00,1.758391550160417705e+00
1.351415991779999937e+00,1.930735163662998799e+00
7.242180109020001089e-01,1.728038678497571645e+00
1.363389015200000109e+00,1.042671045342218994e+00
1.526808977129999967e+00,1.150780632776150503e+00
1.784019589419999940e+00,1.639010854496302683e+00
1.103597044940000105e+00,1.698627089634413334e+00
1.763007998470000004e+00,1.214022530213319850e+00
1.157549023629999896e+00,1.372037910008222950e+00
1.153326034550000045e+00,1.423036252841196836e+00
2.362811088559999551e+00,1.288163398359433609e+00
2.580787897110000007e+00,1.850083039672351548e+00
1.242146968839999976e+00,2.324812105772835036e+00
1.712821006770000265e+00,1.604459974243646059e+00
6.676509976389999323e-01,1.403771079339951600e+00
8.271329998970000652e-01,9.350427737582500676e-01
9.642647504810000214e-01,6.270250209668534191e-01
1.394161701200000048e+00,1.024375275930565543e+00
7.584049701689999923e-01,1.446425864558571694e+00
6.900759935379999765e-01,1.120071787381464512e+00
6.740249991419999809e-01,7.379696735702331312e-01
8.615220189090000424e-01,7.712702013807313239e-01
7.907469868659999790e-01,8.911861010110216919e-01
7.285000085830000138e-01,9.519647268895690129e-01
2.411980032920000017e-01,7.855678270616743841e-01
3.354600071909999981e-01,5.235283568083877181e-01
5.912460088730000507e-01,5.078552746589877209e-01
1.058426976200000036e+00,7.798824853006757207e-01
7.669919729230000316e-01,1.082682032490172253e+00
5.881239771840000019e-01,8.718118814542886730e-01
5.922303199769999305e-01,7.025805778231242193e-01
8.753510117530000079e-01,6.973564992895603387e-01
7.038279771799998974e-01,8.779162648258956869e-01
5.677499771120000371e-01,7.784161835739594748e-01
7.133870124819999825e-01,6.397107120886055265e-01
1.077505946160000061e+00,7.227599181107443593e-01
6.909419894220000247e-01,1.018384991452049082e+00
7.724580168719999973e-01,8.588100043899866698e-01
7.237120270730000859e-01,8.209275316958170032e-01
9.752489924429997847e-01,7.394377477583073954e-01
9.151769876480000399e-01,9.209853827279340654e-01
7.574009895319999686e-01,9.476502120337787494e-01
6.912069916730000374e-01,8.037093129712402639e-01
1.183527946470000147e+00,7.262503177990049519e-01
7.705749869349999281e-01,1.083018879512134269e+00
8.947700262070000798e-01,8.858695899403703500e-01
6.143350005150000070e-01,8.834568203031278877e-01
7.692319750789999855e-01,7.189175128877138832e-01
9.070749878880000061e-01,7.647186021993179761e-01
4.068099856379999713e-01,9.415077868795925786e-01
5.138880014419999753e-01,6.409552974176887519e-01
2.481469959019999838e-01,6.286857908046543653e-01
2.568759918210000159e-01,5.216395479122885037e-01
5.980659723279999618e-01,5.456812931361726404e-01
5.981699824330000137e-01,7.425318832871424801e-01
8.801140189170000294e-01,7.829609596784071757e-01
1.085649013520000095e+00,9.166334080918016047e-01
9.920129775999999566e-01,1.058494654433813631e+00
8.743849992749999078e-01,8.699829129700075159e-01
8.770260214810000621e-01,7.893031703277521016e-01
1.008928894999999937e+00,7.852253187452258310e-01
8.088759779930000393e-01,8.604988690630444026e-01
6.714209914210000907e-01,7.942343694628913875e-01
7.449629902840000373e-01,7.331346106227800696e-01
6.942679882050000195e-01,7.692756003507418283e-01
1.001886010170000008e+00,7.881401975850783614e-01
7.935580015180000446e-01,1.015342363121184643e+00
8.450049161910000439e-01,8.956318309165983704e-01
8.031240105629999793e-01,8.640401145830972629e-01
5.744469761850000689e-01,8.615957845518235070e-01
5.679720044139999757e-01,7.152361900110846271e-01
4.538080096239999195e-01,6.930923011726196625e-01
8.494881391529999215e-01,6.182522631573919014e-01
4.064599871639999473e-01,8.631013449748872191e-01
2.453519999980000310e-01,6.611619653557986309e-01
2.323218107220000217e+00,5.243546412569823900e-01
2.027115583420000089e+00,1.982429713444607389e+00
1.581117987629999888e+00,1.694369452269961940e+00
1.727049946780000012e+00,1.374658745445177077e+00
1.150642037389999928e+00,1.142810641233981350e+00
1.607933998109999818e+00,6.621674271294343272e-01
1.331233978270000007e+00,1.388586508704534817e+00
1.221642017359999999e+00,1.373694341283894005e+00
1.583541989330000010e+00,1.244929256368570991e+00
1.608662128450000006e+00,1.355487433031964839e+00
2.185653924939999992e+00,1.596213584548217046e+00
2.989559888840000124e+00,1.947580160225803825e+00
7.574499845500000106e-01,2.639687855468754840e+00
1.811344027520000122e+00,1.250572270694154664e+00
1.527951955800000094e+00,1.350423325749622316e+00
8.892235755919999374e-01,1.694758838221132713e+00
