1.176299691200000108e+00,9.515884657502079458e-01
1.714609026910000056e+00,1.044616536626634451e+00
1.307337045669999975e+00,1.371665574077130412e+00
6.186890006069999393e-01,1.101215906953358692e+00
2.298435926440000276e+00,8.487449073065335137e-01
1.808241009709999902e+00,1.947798420985155099e+00
8.794149756429999742e-01,1.530799406750411151e+00
1.570945024490000064e+00,1.030118718710332892e+00
1.578516006470000121e+00,1.518246696526141637e+00
6.200309991839999535e-01,1.252775770845240499e+00
9.928810000419999726e-01,7.895215501330152819e-01
4.551869928839999413e-01,1.128594614912124205e+00
1.017398953439999865e+00,4.903667919524554719e-01
8.378469943999999892e-01,9.186021926930187931e-01
4.884769916529999589e-01,1.045115672988272904e+00
1.246340990070000210e+00,6.881435824474155805e-01
1.209630966189999990e+00,1.196726868816088141e+00
1.252451062200000020e+00,1.119009672980990633e+00
1.519726991650000025e+00,1.083337320713352314e+00
1.063797950739999942e+00,1.289438347009765229e+00
1.571495056150000069e+00,8.764653398628262648e-01
1.278105020519999968e+00,1.288777688493216944e+00
1.192077994349999948e+00,1.193958475971080402e+00
8.304439187050000060e-01,1.043055950537531418e+00
1.402015686039999931e+00,9.650804647551374238e-01
1.156504034999999986e+00,1.319738851698608828e+00
1.162554860120000200e+00,1.203946652861159539e+00
6.007519960399999581e-01,1.192381120942525019e+00
1.253835797310000055e+00,8.985898506722652668e-01
1.791844010350000183e+00,1.211310508914524409e+00
1.734062552449999961e+00,1.576935239939529776e+00
4.939970970150000085e+00,1.531855079444307766e+00
2.394351005549999911e+00,3.631782469579355244e+00
2.212575912479999740e+00,1.919964838596237788e+00
1.886527061460000043e+00,1.928153975475021875e+00
9.343829751010001017e-01,1.762137161136414498e+00
9.099829792980000942e-01,1.135680320269360610e+00
8.112999796870000724e-01,4.080289530451751689e-01
1.049708962440000004e+00,1.029079283382822618e+00
1.351788043980000076e+00,1.114948968556699782e+00
1.277305960659999906e+00,1.016390479706493544e+00
7.854449748989998925e-01,1.270534858137310152e+00
4.846229851250000165e-01,1.067138240814979655e+00
6.676359772680000582e-01,8.379400258569533744e-01
8.322510123249999836e-01,8.094908173745724023e-01
5.959370136259999340e-01,9.071180551099549128e-01
3.410890102390000123e-01,7.711611123364418008e-01
6.860110163689999707e-01,6.145643332326408137e-01
8.153510093690000682e-01,8.231624169788970269e-01
3.985430002210000322e-01,8.984643432125980489e-01
6.998159885410000225e-01,6.871845750341477599e-01
4.263690114019999533e-01,7.896525766934409107e-01
6.866139769550000382e-01,5.737909562225840254e-01
1.826770007609999913e-01,7.756492854165147888e-01
7.018824815749999946e-01,6.198331862564795403e-01
1.796682000159999681e+00,7.199058651183154467e-01
7.204269766809999753e-01,1.387075981421471704e+00
4.680640101429999755e-01,7.507588354305895217e-01
6.408870220180000743e-01,7.209799767012649019e-01
7.520520091060001189e-01,7.777173510015963354e-01
1.001817584040000098e+00,7.209507277820269566e-01
1.660804033279999814e+00,1.031391534454739523e+00
1.450595021250000061e+00,1.213590532439277503e+00
1.085010051729999869e+00,9.699552129801228828e-01
1.099555015560000015e+00,1.032786848442701633e+00
7.694180011750000325e-01,1.065141946687573560e+00
1.254430413249999932e+00,7.521601182483114156e-01
1.496320962910000052e+00,1.100429516112642725e+00
7.186369895940000196e-01,1.309744553864549133e+00
8.902019858359999649e-01,8.252010716100269816e-01
9.891759753229999452e-01,1.045327296938024286e+00
2.849014520649999938e+00,1.062389383642044827e+00
4.281075000759999583e+00,2.263155036802036335e+00
1.248739004139999942e+00,3.306156840952078291e+00
7.096589803699999699e-01,1.371450782183384787e+00
7.497439980509998936e-01,1.278108287905273643e+00
8.907449841499999188e-01,9.855926656800793051e-01
1.469527959819999952e+00,9.908557763920744499e-01
1.608888030049999918e+00,1.315314919802240023e+00
1.043460965159999976e+00,1.067362826715119173e+00
1.184751033780000018e+00,1.173597119444098613e+00
5.063725113870000127e-01,1.138215353287661324e+00
6.946156024930000283e-01,5.686216950247134916e-01
9.299110174179998634e-01,7.791849390855295487e-01
7.754629850390000190e-01,9.592635805680940209e-01
8.564696311949999696e-01,7.746600072732634512e-01
9.269009828569999554e-01,9.624222654359368967e-01
7.506660223010001021e-01,9.877240984121249401e-01
9.248849749570000611e-01,8.499349762215345772e-01
1.070162653919999984e+00,9.773219691241800122e-01
8.752880096439998869e-01,9.927804148008863017e-01
7.511039972310000756e-01,8.392023887089108403e-01
8.627579808239999037e-01,8.472764396055830760e-01
5.096570253369999692e-01,8.870940234419989467e-01
8.495249748229999343e-01,6.881249550690020644e-01
6.711369752879999817e-01,9.038232974577455892e-01
6.132180094720000030e-01,7.943529656459947796e-01
3.810549974440000098e-01,7.138345732034427904e-01
8.710420131680000067e-01,7.125139770594807187e-01
6.540319919589999698e-01,8.966900597907744297e-01
9.089673757550000843e-01,8.104704296511269224e-01
9.709029793739999414e-01,8.943398057915414867e-01
9.856920242310001079e-01,9.385213449124106821e-01
1.356256246570000101e+00,8.546484833722362007e-01
1.309872984889999925e+00,1.160620485073409203e+00
6.344919800760000506e-01,1.085109421626787363e+00
5.933508276940000492e-01,7.055800487040198021e-01
8.796380162239999523e-01,7.521873301597199468e-01
1.131836414339999930e+00,8.747432580734604279e-01
1.841274023059999765e+00,1.061095334736482210e+00
2.261745929719999992e+00,1.524989374316975566e+00
2.597975969309999744e+00,1.659910908656296868e+00
2.399192094800000064e+00,1.857804823794613647e+00
1.982298016549999931e+00,1.849696639789476293e+00
2.269547939300000206e+00,1.564483525290942145e+00
2.017889976500000238e+00,1.774000699694771255e+00
1.452262043950000026e+00,1.780927056234197892e+00
1.342797994609999934e+00,1.486669608475782667e+00
1.311915040020000145e+00,1.471020724836471949e+00
1.276762008670000226e+00,1.495628651333271719e+00
1.275267004970000118e+00,1.412716719508497754e+00
1.210446000100000141e+00,1.422357841603005824e+00
8.153480291369999966e-01,1.367776264764730909e+00
7.271119952200000291e-01,1.091451260257656930e+00
6.043019890790000126e-01,9.685270952297141411e-01
9.830358624459999417e-01,8.390199475417795538e-01
1.101529002189999940e+00,1.027250806789636650e+00
1.183724999429999869e+00,1.121224264242887569e+00
4.356400072569999726e-01,1.106754293149526003e+00
3.270040154459999959e-01,7.797335125690003643e-01
8.039849996569999879e-01,6.998910429743930850e-01
4.216859936710000145e-01,9.000353425121795370e-01
5.734559893609999515e-01,6.679580253177188620e-01
3.959457874300000291e-01,7.166895322675359559e-01
4.163750112060000119e-01,5.953692447053163805e-01
5.603970289230000290e-01,6.107306844978118709e-01
7.749050259590000156e-01,8.160118812795308374e-01
6.370840072629999629e-01,8.309341011793162091e-01
3.839260041709999793e-01,7.049301340810391059e-01
5.648739933969999516e-01,6.084099439642881579e-01
1.054715037350000051e+00,7.248596234537987293e-01
6.537709832190000681e-01,9.575934689330236615e-01
5.931029915809999942e-01,7.645410915170464117e-01
1.022608995439999946e+00,6.912039287781981400e-01
8.359869718549999273e-01,8.989493891678066451e-01
6.375340223309999832e-01,7.993916433987793280e-01
9.755985140799999789e-01,7.853353833046282650e-01
4.898079931740000337e-01,8.995034718315431110e-01
1.098647952079999879e+00,5.514200567502282047e-01
1.151165962220000116e+00,1.018849978171068038e+00
8.061249852179999120e-01,1.082103277561152099e+00
4.744769930839999872e-01,7.527276564069466103e-01
7.896029949189999897e-01,7.704084577844838577e-01
4.762530028819999539e-01,8.720284425025615072e-01
5.455229878430000179e-01,6.660719710117525283e-01
6.212809681889999158e-01,7.332792051103547148e-01
7.707700133319999036e-01,7.395049128005506400e-01
9.337069988249999675e-01,7.262162442134959539e-01
8.110550045970000843e-01,9.706194362603725034e-01
6.005529761310000048e-01,8.595715212487345935e-01
1.002521038060000036e+00,7.134071818448326496e-01
8.921650052069998171e-01,9.486746219484244458e-01
9.160850048070000584e-01,8.734756538945395166e-01
7.413420081139999729e-01,8.703350706189982855e-01
9.283249974250000758e-01,8.058377844362223374e-01
6.429409980770000033e-01,8.612822672218033437e-01
9.950090050700001187e-01,8.017282633342454057e-01
6.271365880970000140e-01,9.820815701906823181e-01
1.038689017300000073e+00,7.648608984394228427e-01
6.888009905820000611e-01,9.505209711358729718e-01
5.214130282399999095e-01,8.711505714920548815e-01
6.510270237919999481e-01,6.959430638683111736e-01
1.159701943399999990e+00,8.278284181970071431e-01
6.456400156020000169e-01,1.038850481737228826e+00
1.195862650870000099e+00,8.185422914257488580e-01
1.304703950880000018e+00,1.060119439337850133e+00
8.844429850579998975e-01,1.096351178425975403e+00
7.697709798810000725e-01,8.399105432375578717e-01
7.702100276950000213e-01,8.909659950400328210e-01
6.418280005459999771e-01,7.722916847500377324e-01
8.937159776689999058e-01,7.040597596561640747e-01
5.247250199319999364e-01,9.471411452589721947e-01
5.142210125920000374e-01,6.973738965268820866e-01
7.172748446459999982e-01,6.797361037919235072e-01
6.410769820210000525e-01,8.835162308269298714e-01
4.689820110800000941e-01,7.741067447035880900e-01
1.203750014310000171e+00,7.127519167694689184e-01
7.911959886550000709e-01,1.055198352491577785e+00
1.136301159859999910e+00,7.860335743517984364e-01
8.642929792399999256e-01,1.001510392139100647e+00
8.814030289650001126e-01,9.079050444870624403e-01
5.817409753800000249e-01,7.882484929899538084e-01
8.651199936869999885e-01,7.798658717822753994e-01
9.078124761579999813e-01,8.869002034697689441e-01
7.377740144730000615e-01,8.876736546812054041e-01
1.120375037189999867e+00,7.880105896551052869e-01
9.422479867940000142e-01,1.059941776541357461e+00
1.060060024260000011e+00,9.108171555094585203e-01
7.158420085910000008e-01,9.986524304725575840e-01
4.040209949019999969e-01,8.558210227766798184e-01
2.920779883859999648e-01,6.034575116679925522e-01
6.317924261089999938e-01,5.971569968493622982e-01
1.124665260310000026e+00,7.737937002503854078e-01
1.115690946580000009e+00,1.040114917972155606e+00
1.247418999670000028e+00,9.905895500506378681e-01
6.976169943809999996e-01,1.068124589106060895e+00
3.693974971769999893e+00,8.103033387929954312e-01
8.204839825630000361e-01,2.818976270186769106e+00
8.573070168499999921e-01,1.085865783136175100e+00
6.902359724040000311e-01,9.355336099743500888e-01
8.385969996449998964e-01,1.050887313115054678e+00
1.287726998329999928e+00,1.023116471228647573e+00
9.632229804989999034e-01,1.196170383739708853e+00
1.343299984930000024e+00,9.330320453140013015e-01
7.316169738770000874e-01,1.098047476854877802e+00
6.809219717980000697e-01,7.264130932428226606e-01
7.014784216880000089e-01,6.778124640460410077e-01
6.698030233380000142e-01,8.484782643044045392e-01
1.365643024439999964e+00,7.541457379255988025e-01
9.781420230869999344e-01,1.181941045770096732e+00
6.786789894100000442e-01,9.572739331707804666e-01
5.976330041890000055e-01,8.192197122680875410e-01
8.193774819369999962e-01,8.604183609581527170e-01
7.911109924320000042e-01,8.689055573859532089e-01
1.044147372249999872e+00,8.793072303312350346e-01
1.400015950200000026e+00,9.747350551585138856e-01
8.748620152470000244e-01,1.104628536592705990e+00
6.228179931639999944e-01,8.749167476493675544e-01
7.164059877399998610e-01,8.243072649814527919e-01
6.523500084880000660e-01,8.259400623367401106e-01
9.379299879070001067e-01,7.226605544561076622e-01
5.936999917030000296e-01,9.466572070921124293e-01
5.393440127369999448e-01,7.313809485983976399e-01
9.370089769359999377e-01,6.865262709811945641e-01
8.087720274930000341e-01,9.949264389242419293e-01
5.654280185700000239e-01,8.730627067732646962e-01
6.020820140839999723e-01,7.431460841364918579e-01
1.146679997439999932e+00,7.403516599187037750e-01
9.824249744419999431e-01,9.774060882884054724e-01
5.671510100359999917e-01,9.736201571233451535e-01
7.866399884220000027e-01,7.403097722917973966e-01
7.388439774510000557e-01,8.126965849006525522e-01
6.810299754140000106e-01,7.653610136230052374e-01
7.086979746820000203e-01,8.067969075885713659e-01
6.642330288889999323e-01,8.143372690476168296e-01
5.124790072439999733e-01,6.668195098963208833e-01
6.040380001070000393e-01,7.066191674024722147e-01
6.728799939159999521e-01,7.951208481542094697e-01
8.265414834020000656e-01,7.717011343552264702e-01
4.546860158440000355e-01,8.332864616298273353e-01
5.594509840010000179e-01,6.851897689806429881e-01
1.332218050960000122e-01,7.118623627254215824e-01
1.633069962260000063e-01,5.327834291307410597e-01
1.797860413789999778e-01,5.347099821946392773e-01
5.747918486599999932e-01,5.878922950354520394e-01
8.508148789409999413e-01,6.718753038058012939e-01
8.527640104289999634e-01,8.776295295192680923e-01
1.687628030779999788e+00,7.988834959229607069e-01
2.149522066120000297e+00,1.231167297610127997e+00
8.122850060459999577e-01,1.401458738156893036e+00
1.239639997479999867e+00,7.086492871030705132e-01
2.128437280650000041e+00,1.028665591397889711e+00
2.139239072800000141e+00,1.498701080617456105e+00
9.779880046840000452e-01,1.711628034172403945e+00
6.937779784199998856e-01,1.195489057530086940e+00
7.218790054320000094e-01,9.051205473756115394e-01
7.631160020829999002e-01,8.504408452908688298e-01
8.565329909319999713e-01,8.907175346475624256e-01
1.109338045120000116e+00,9.568570988697924218e-01
6.476340293879999654e-01,9.375794536558389458e-01
9.241870045659998922e-01,8.646216009544340775e-01
7.877320051189998784e-01,1.017313551788460169e+00
1.305567026139999864e+00,9.001566006941507103e-01
9.107710123059999940e-01,1.130459393068132590e+00
8.699640035629999657e-01,9.768917603456501730e-01
5.743020176890000217e-01,8.536106245763536160e-01
8.599532246590000373e-01,7.859991304012294844e-01
4.775849878790000003e-01,9.178347929821143447e-01
1.108017444610000179e+00,7.297746687200316051e-01
1.290724992749999966e+00,1.015302367001548411e+00
8.591579794879999898e-01,1.149312469303642281e+00
3.058980107309999807e-01,8.446423603109073364e-01
9.039019942279999942e-01,7.218483405729576585e-01
6.352750062940000220e-01,9.713617768067789315e-01
1.023422956470000145e+00,7.491492652554861964e-01
6.730669736859999919e-01,9.954805248948094265e-01
8.504790067669999454e-01,7.984861768844805363e-01
5.141969919200000128e-01,7.524092416603757050e-01
1.527956604959999964e+00,8.201275828484445585e-01
4.094385623930000051e+00,1.362143058499572179e+00
9.952359795569999390e-01,2.986136161719989079e+00
8.670449852940000923e-01,1.063339677555912743e+00
1.141056060789999993e+00,1.156870466091833638e+00
1.622257947919999888e+00,1.262585325957868543e+00
1.980204939840000566e+00,1.541174995413618465e+00
1.375547051430000112e+00,1.737461834554031803e+00
1.851865053180000054e+00,1.082316088663193510e+00
1.420923948290000016e+00,1.493459191492708893e+00
1.589177966120000285e+00,1.272380096229579038e+00
1.673199415210000041e+00,1.192197768743483044e+00
2.123934030530000072e+00,1.512647801938316272e+00
1.648401975629999905e+00,1.826805336072601316e+00
1.204741954800000014e+00,1.679246292791036543e+00
7.920839786529999538e-01,1.409137187913733547e+00
1.227027416229999890e+00,1.012762987076536447e+00
1.226951003070000157e+00,1.277539086410699909e+00
1.131343960759999989e+00,1.279274412057787247e+00
1.252465009690000075e+00,1.225665313008417634e+00
1.116891980170000132e+00,1.312918711394134519e+00
1.122387051579999850e+00,1.181571299087592397e+00
1.040153026579999862e+00,1.134013264068530313e+00
8.091310262680000420e-01,1.100402218223630824e+00
7.681059837340000751e-01,8.796404894416792741e-01
7.982919812199998910e-01,8.793072898541911542e-01
7.666722536090000428e-01,9.150019665371799116e-01
1.057360053060000027e+00,8.808741225468489366e-01
8.607699871060000563e-01,1.050691988534769195e+00
1.070777058600000053e+00,9.337998881402452822e-01
5.301510095600000527e-01,1.025656444729804662e+00
6.604189872739999467e-01,7.756775555138086808e-01
9.909179806709998983e-01,7.923677031064436660e-01
3.561530113220000016e-01,9.920346979801393239e-01
9.618239998820000691e-01,5.932484417811724198e-01
1.244829058649999931e+00,9.405847280249495235e-01
8.381230235100001202e-01,1.070614331845971545e+00
9.245989918709998090e-01,8.199149238606241452e-01
8.131660223010001021e-01,1.000263359755157566e+00
1.003061056139999963e+00,8.001208723606997308e-01
8.752340078350000496e-01,8.922597099556754952e-01
7.991399765009998823e-01,9.535761455831408551e-01
8.812961578369999938e-01,7.924931113611841660e-01
1.063080191609999892e+00,8.671372890895218122e-01
9.057049751279999672e-01,1.028301380350298277e+00
6.909559965129999926e-01,9.500917808612577842e-01
1.355970025060000195e+00,8.138113407420930479e-01
7.572399973869999856e-01,1.171086307231160806e+00
2.043754577640000125e+00,8.441851413376533220e-01
8.576130270960000690e-01,1.616529718509337910e+00
2.364957094190000220e+00,9.967336980637185873e-01
4.179231166840000178e+00,1.843697767471133897e+00
2.233561992649999883e+00,3.226704332697216682e+00
8.013390302660000630e-01,1.765033042232793559e+00
8.372840285299999463e-01,1.177367422526364393e+00
8.851529955859999133e-01,1.191257277929793856e+00
9.040349721909999303e-01,7.432957116206837522e-01
1.302939534190000082e+00,9.110409849720314535e-01
7.228699922560000157e-01,1.199657577868773695e+00
8.009120225910000279e-01,7.594604401597523369e-01
1.032919287679999965e+00,8.689391614014756460e-01
1.321628212929999879e+00,1.027278058383015891e+00
9.367759823799999275e-01,1.185203958640818067e+00
7.007700204850000336e-01,1.006892986918293653e+00
7.624319791789999634e-01,8.117953478230645059e-01
1.144938945770000105e+00,8.462965197937556416e-01
7.721610069269999599e-01,1.095164184863703705e+00
8.772150278090000697e-01,9.094874093644189639e-01
1.243505001070000171e+00,8.781103162762879943e-01
6.381840109830000385e-01,1.098474861599826102e+00
7.468199729919999807e-01,7.781611541619224415e-01
6.839929819109999976e-01,8.756764358306323714e-01
1.419505119320000119e+00,7.892712164208446346e-01
6.141470074649999500e-01,1.150811270564363165e+00
7.347676754000000976e-01,8.975925766119177140e-01
6.770560145379999062e-01,8.465825904273739377e-01
1.074026942249999950e+00,8.467641354433335099e-01
6.156389713290000287e-01,1.025588294251955634e+00
9.692379832269999440e-01,8.687371404886341519e-01
9.916120171550001361e-01,9.025750680010197202e-01
8.089560270310000023e-01,9.402370808932951629e-01
2.435143947599999859e+00,8.397580817992916780e-01
8.223479986189999869e-01,1.862189526136082351e+00
5.938220024110000272e-01,8.179268835831239315e-01
5.762249827380000466e-01,7.690807221926264647e-01
4.224239885809999429e-01,8.899539129909518342e-01
6.765879988670000511e-01,5.804926160830361503e-01
5.520349740979999531e-01,8.076933067725647897e-01
9.015229940410001142e-01,6.529667753230672389e-01
7.489960193629999763e-01,7.722186203214834732e-01
8.627583980560000754e-01,8.131178553152819122e-01
9.480749964710000199e-01,8.848783442327384785e-01
1.055613875389999956e+00,9.408124529343130371e-01
1.970020055770000278e+00,9.291367208762094654e-01
9.391199946399999554e-01,1.465094780074886360e+00
1.009042978289999892e+00,8.851416308015123136e-01
7.824029922490001177e-01,9.511843147991053682e-01
1.016265034679999957e+00,8.807957109727426737e-01
8.782749772069999850e-01,9.796696669431336213e-01
7.353619933130000064e-01,9.947727010492515287e-01
1.109990954399999952e+00,8.031664834530285457e-01
7.727199792860000027e-01,1.053668076814428867e+00
1.164981961250000086e+00,8.807107551803015077e-01
7.157210111620000426e-01,1.094979018867917597e+00
1.475479006770000101e+00,8.688921448798561098e-01
8.354520201680000202e-01,1.227271930183534643e+00
7.344660162930000125e-01,9.886209837002594147e-01
7.861927747729999805e-01,8.489278775666074806e-01
1.143465042110000107e+00,9.220554004542393933e-01
9.246990084650000830e-01,1.052685227150431224e+00
2.958764553069999970e+00,1.013990772051273970e+00
2.138324022289999959e+00,2.274979222419365676e+00
2.038712024690000124e+00,1.691587584089069951e+00
1.480209946629999829e+00,1.587861528378471387e+00
9.367650747299998137e-01,1.446506888529082380e+00
1.715939760209999942e+00,9.638018322951922290e-01
1.001402020450000041e+00,1.264693125596238144e+00
8.896229863169999863e-01,1.180292644306538685e+00
7.492939829829999843e-01,9.383900182570816817e-01
1.115183949470000213e+00,1.040587330179941983e+00
9.457820057870001129e-01,1.214526416837534262e+00
6.452180147170000213e-01,1.079266555669427197e+00
1.164842009540000056e+00,9.025129128075775053e-01
1.244351029399999975e+00,1.113507900016457386e+00
9.045109748840000075e-01,1.127947173798650393e+00
5.575259923929999362e-01,9.644265025711450390e-01
5.778343677520000332e-01,7.944797759970333439e-01
7.199835777280000348e-01,7.061112844731249893e-01
7.607790231700000128e-01,8.201622053678816471e-01
5.404400229450000426e-01,8.910957484705651632e-01
8.009672760959999360e-01,7.027396859914829541e-01
7.710149884220000027e-01,8.164447752047448992e-01
6.709719896319999988e-01,8.695078503372613010e-01
2.768970489500000021e+00,8.060081655910912302e-01
3.086133003230000060e+00,2.066004662589739915e+00
1.116358041760000086e+00,2.053050701505060083e+00
1.018260955809999979e+00,1.038953585417604186e+00
7.442610263819999794e-01,1.240533195062988980e+00
1.114386796949999869e+00,6.376416643747490065e-01
1.380516409870000238e+00,8.875035546069623971e-01
1.229098439219999950e+00,1.368108992302109250e+00
1.573238968849999919e+00,8.592349238925051091e-01
1.245597958560000107e+00,1.404634539181431885e+00
8.298619985580000247e-01,1.231504346348774259e+00
5.376980304720000436e-01,8.465087852686999925e-01
8.593800067899999284e-01,7.639566157705833804e-01
7.949647903440000274e-01,8.797571709696963005e-01
8.122889995569999577e-01,8.916449072631037476e-01
1.209460973739999945e+00,9.156525226853536870e-01
1.043611049649999956e+00,1.142514884892680938e+00
9.914460182190000248e-01,1.003288256858779981e+00
1.377645969390000058e+00,1.010701387999263678e+00
7.495359778399999229e-01,1.225500808092043536e+00
7.549669742579999676e-01,7.631109367588082559e-01
8.522210121150000095e-01,8.249218295822002833e-01
1.312628030780000010e+00,9.045147855586980201e-01
9.499999880790001017e-01,1.115194988921325958e+00
8.433979749680000637e-01,1.053729851722318367e+00
6.329939961430000039e-01,9.284764624861991944e-01
6.848490238189999246e-01,8.200932248754788656e-01
8.296039700509999504e-01,8.255558350417606661e-01
1.117776036259999994e+00,9.139207948702765538e-01
1.060515046120000138e+00,1.013177576039348882e+00
9.966710209849999336e-01,9.788270269089481834e-01
6.726049780850000825e-01,9.729218867122336745e-01
8.499810099600000335e-01,8.344522782470679134e-01
7.929700016980000266e-01,8.973273588539030232e-01
7.509549856190000927e-01,8.565580360185196529e-01
9.556260704989999466e-01,7.995418330442228827e-01
6.085839867589999397e-01,9.357224002567936516e-01
7.782499790189999489e-01,7.385188059081246870e-01
5.098140239720000411e-01,8.729929293346169183e-01
6.364319920540000286e-01,7.503597273965970649e-01
6.015599966049999248e-01,7.450403526103933638e-01
6.556333899499999784e-01,7.856632291329026518e-01
6.385549902920000243e-01,7.447371856610645047e-01
8.762890100480000832e-01,7.844839338729471256e-01
7.967479825020000739e-01,8.726364066688490073e-01
6.824830174449999509e-01,8.425625720103143701e-01
8.025500178340000401e-01,7.679894613846722784e-01
7.950311899190000142e-01,8.385873611518385173e-01
1.584897041320000088e+00,7.972098261378507411e-01
1.017485976220000143e+00,1.265825398547620217e+00
9.177780151369999695e-01,9.620492780591586301e-01
1.230221033100000083e+00,8.717034107873760096e-01
1.027899026870000121e+00,1.130272196678179020e+00
9.125559926030000213e-01,9.484025193684930688e-01
7.935979962350000472e-01,9.328050247596177957e-01
1.030437946320000187e+00,8.488897332722705746e-01
5.325379967690000438e-01,9.231046082937427455e-01
6.127780079839999505e-01,7.785300443752257715e-01
8.741289973260000234e-01,8.144467780594295547e-01
3.667230010029999820e-01,9.202099408043007411e-01
7.391750216480000857e-01,6.158751312366703701e-01
5.604230165479999748e-01,8.694187676198671388e-01
7.758178114889999755e-01,7.314280510976203242e-01
8.102909922600001202e-01,7.862873339407729922e-01
6.437510252000000488e-01,9.335840182196288861e-01
7.236457467079999706e-01,7.124188825235253653e-01
9.113870263100001257e-01,8.012494408347752284e-01
6.627830266949999993e-01,9.016055746269939775e-01
1.002035975460000117e+00,7.402624978373683051e-01
8.224419951440000709e-01,9.290428763223311792e-01
1.030576944350000135e+00,8.223356232783449737e-01
6.781139969830000114e-01,9.219759240805860401e-01
5.333459973340000104e-01,8.342140475359611784e-01
3.209959864620000047e-01,6.808157642371093221e-01
7.608630061149999069e-01,6.197389085077544824e-01
7.439860105509998878e-01,8.372483757212871858e-01
5.468400120740000148e-01,8.534650909488057380e-01
7.004669904709999173e-01,6.826084171045369020e-01
8.356525897980000561e-01,8.310624591272122164e-01
1.274258971210000091e+00,8.408536084190962878e-01
8.934450149539999719e-01,1.105414659580119974e+00
6.211659908290000365e-01,8.958532662336056163e-01
7.900159955019999680e-01,6.699373322548337617e-01
1.067494988440000014e+00,8.297106597269552353e-01
6.698009967800000464e-01,9.954186706229783965e-01
1.265694975850000015e+00,8.084422675944166192e-01
6.380620002750000408e-01,1.074885229602299042e+00
9.348030090330000652e-01,7.239411147984627926e-01
8.006410002709999363e-01,9.351927550733474259e-01
1.085708975790000030e+00,9.554091417874482906e-01
3.527039885520000251e-01,9.758701347826153061e-01
5.883709788319999578e-01,7.252978876723810142e-01
4.875420033929999120e-01,7.747959081024236028e-01
4.636880159380000199e-01,7.204666176599607841e-01
3.637039959430000136e-01,6.587861330196176368e-01
8.750243186949999696e-01,7.048074440412916974e-01
6.435279846190000708e-01,8.124160928907486756e-01
4.834130108360000233e-01,7.799511152690040694e-01
2.120890021319999930e-01,6.966366418863871868e-01
4.560469985010000560e-01,5.996239389902741079e-01
4.367910027499999903e-01,6.325331298193753726e-01
7.238804101939999569e-01,7.074494961052475439e-01
5.560690164570000205e-01,7.780157924895808597e-01
4.748429954049999679e-01,6.652783349045525707e-01
2.674640119080000100e-01,6.088080136533806641e-01
9.588437080380001198e-01,6.432138232348142415e-01
7.868980169300000549e-01,9.466663438658664553e-01
1.794360995290000149e+00,8.312624165775772678e-01
1.337677955630000026e+00,1.280830223083082586e+00
1.210453987120000185e+00,1.070225035179235062e+00
5.654799938200000264e-01,9.396524331916257244e-01
4.008429944520000565e-01,7.812721611419674028e-01
2.727654874320000200e-01,6.051544152469481297e-01
5.836449861529999783e-01,4.675567387240074368e-01
8.533802628519999711e-01,6.771518650524488425e-01
8.660610318179999823e-01,8.690822380536710190e-01
1.158349990839999899e+00,8.004452063345670609e-01
7.764859795569999390e-01,1.086759758413124777e+00
1.068807005880000105e+00,8.559605082105267160e-01
5.888479948040000744e-01,9.823832854412497539e-01
1.588868498799999918e+00,7.219386534314434778e-01
4.327859878540000205e-01,1.244274612977414929e+00
3.996030092239999942e-01,7.188464391713565993e-01
5.545349717140000134e-01,6.413338171225489992e-01
6.221979856490000849e-01,8.483520491829265042e-01
1.149551987649999996e+00,7.350322719051766152e-01
1.121260046960000034e+00,1.125103735733384180e+00
9.776459932329999436e-01,9.407962593834359177e-01
1.732741951940000025e+00,8.599921038425385467e-01
2.302707910540000125e+00,1.388187308079277260e+00
1.053477048870000043e+00,1.681394806958053767e+00
7.962800264360000435e-01,9.644721864399151690e-01
5.203329920770000117e-01,8.779225114294502141e-01
6.104800105090000262e-01,6.019939281562692868e-01
4.453057944770000276e-01,6.885994224721877499e-01
6.522138714790000069e-01,7.076330516743892796e-01
1.175541162490000069e+00,6.893619842894974648e-01
1.032202124599999937e+00,1.049349600375230063e+00
7.193930149079998948e-01,9.787115027717432358e-01
8.200139999390000378e-01,8.571322076799238188e-01
9.497330188750000568e-01,9.025061106564330471e-01
1.039114952089999822e+00,8.810336738305470927e-01
5.883830189700000046e-01,9.815059732851637575e-01
9.508559703829998488e-01,7.217270294816920950e-01
5.277600288389999728e-01,8.502932911896460277e-01
7.736063003540000205e-01,7.227434037972707559e-01
9.703559875489998765e-01,8.705270916752230193e-01
1.383889913560000018e+00,1.003568927437552105e+00
7.795230150220000542e-01,1.098684293120696154e+00
6.069999933240000090e-01,9.294162605188164283e-01
4.660570025440000097e-01,8.013748788509936771e-01
9.455270171170000459e-01,6.847559954384117020e-01
6.238729953770000280e-01,9.518978726894296027e-01
3.923240005969999555e-01,8.280759080346108414e-01
5.156549811360000568e-01,5.687471264272700999e-01
9.679385423660000765e-01,7.330952295736896662e-01
1.356565952299999989e+00,9.422426506813527114e-01
9.072690010070000310e-01,1.204271314211285082e+00
8.162760138510000152e-01,8.864076576220978332e-01
2.479866981509999846e+00,7.955877759829618201e-01
1.133080005649999888e+00,1.839766057973039493e+00
1.045583963389999926e+00,1.058884473579831065e+00
8.474370241169999485e-01,9.807124000077507286e-01
1.536522984499999911e+00,8.714053595054367385e-01
9.008989930149998715e-01,1.267850038829430703e+00
4.812009930610000596e-01,1.122064959860508804e+00
8.572540283199999722e-01,7.943352707938927670e-01
8.617479801180000232e-01,9.031034102930944885e-01
1.008694052699999899e+00,8.606485957521630148e-01
1.127727031710000105e+00,9.944844379867519013e-01
7.795569896699999779e-01,1.089833216328393251e+00
9.895502924920001053e-01,7.814187794100477813e-01
8.363329768179998958e-01,1.006731038182198779e+00
9.099559783939998869e-01,9.238537179229846519e-01
5.511059761050000061e-01,8.756483707568537556e-01
1.239764332770000088e+00,7.397659374969945967e-01
1.211838960649999963e+00,1.093204305558078016e+00
1.379981994630000042e+00,1.133936462921068422e+00
1.148460984229999982e+00,1.194380850867227561e+00
7.663900256160000035e-01,1.126670088935562752e+00
9.660840034479999394e-01,8.202371546900442123e-01
8.156750202179999798e-01,9.610596725396490791e-01
1.142272949220000111e+00,8.952502094043616188e-01
1.299479961400000105e+00,1.027906326490978905e+00
8.583310246469999516e-01,1.169691647995715345e+00
7.149469852449999996e-01,9.275879467870518091e-01
8.764400482179999230e-01,9.147122418554262113e-01
8.305460214609999836e-01,9.691076490747395633e-01
8.535240292550000385e-01,8.755029429478943248e-01
9.092410206789999227e-01,9.198239278206397085e-01
5.202720165249999917e-01,9.101934078393245642e-01
7.411040067669999454e-01,6.998796807034488587e-01
5.853319764140000325e-01,8.802112319194487222e-01
5.047770142559999673e-01,7.792868027043203805e-01
5.519493222240000607e-01,6.733455968774040290e-01
9.697520136830000137e-01,7.544740963126613797e-01
1.116515994070000017e+00,9.046963305746575923e-01
1.049844980239999837e+00,1.019299819604602364e+00
6.342629790310000404e-01,9.686893085122803004e-01
5.644329786300000817e-01,7.527959755331711245e-01
9.184709787370000100e-01,7.094897512425292208e-01
9.593539834020000656e-01,9.180165926240525520e-01
5.984159708020000412e-01,9.366399300901855351e-01
9.383450150489999197e-01,7.160372069648350823e-01
4.542250037189999867e-01,8.949749521077594583e-01
7.079470157619999204e-01,6.715157223214583970e-01
3.876500129699999575e-01,8.303946512422759607e-01
4.484339952470000057e-01,6.969883729541930251e-01
8.405709862710000202e-01,5.806839294774500670e-01
5.337110161779999862e-01,9.134497169687549878e-01
7.211350202559999589e-01,6.803321534465078813e-01
5.215386152269999576e-01,8.084361036616342089e-01
7.050759792330000275e-01,7.089947517263363030e-01
6.405649781229999506e-01,7.488536511079142421e-01
5.168589949609999623e-01,8.055888561271806747e-01
1.660409450529999997e+00,6.531465379571761432e-01
2.465307950970000217e+00,1.255961528737594479e+00
1.622156023979999917e+00,1.714220546602769790e+00
1.866270065310000170e+00,1.236523917232665859e+00
3.623536109919999415e+00,1.474980511343937595e+00
7.948709726329999947e-01,2.583778868761465564e+00
9.065989851950000400e-01,8.588280282717624114e-01
8.571879863740000660e-01,9.244666803641650166e-01
7.756379842759999477e-01,6.943418550151178037e-01
7.006700038909999817e-01,8.053468771232581425e-01
6.443409919740000769e-01,8.768209688575456795e-01
7.579550147059999077e-01,8.906699014019815452e-01
5.499600172040000068e-01,9.773600406682372288e-01
4.964669942859999408e-01,5.890416932373148118e-01
1.367677569390000070e+00,6.145860558047689937e-01
1.397894024850000250e+00,1.167035376558924753e+00
8.148130178450000427e-01,1.163061488432805657e+00
1.278898954390000009e+00,8.604381953298416708e-01
8.623980283740000363e-01,1.146532707574028365e+00
1.093865990639999897e+00,7.672741971696078744e-01
8.134710192680000285e-01,9.903082577876581860e-01
1.466687083240000078e+00,9.009310075797148931e-01
9.060310125349999577e-01,1.111147285716040267e+00
7.652140259739999006e-01,1.039090306340825443e+00
1.311033964160000176e+00,9.383172638439235547e-01
7.892500162119999718e-01,1.219262570819598324e+00
1.474902033810000068e+00,8.414223072753745925e-01
9.167850017550001063e-01,1.264775443364335450e+00
1.186140060420000086e+00,9.822699868012351176e-01
1.411391973500000008e+00,1.040899903409742588e+00
2.092472076419999993e+00,1.343983401554255774e+00
7.189220190049999681e-01,1.736501821037465199e+00
1.301861047739999888e+00,1.016875618252967239e+00
1.268974781040000055e+00,1.335780010580912780e+00
1.221997022629999874e+00,1.168259337183735758e+00
9.061110019680000960e-01,1.198665207425284596e+00
1.078873991970000112e+00,1.070977008524029328e+00
1.028025031089999874e+00,1.030189170742482618e+00
7.863690257070000689e-01,1.083377392890099156e+00
1.276852965350000035e+00,9.504854656925878498e-01
7.093420028689999546e-01,1.174481169268126513e+00
5.201929807659999572e-01,8.178123812566646667e-01
5.645610094070000473e-01,7.599752508998178779e-01
9.855200052259999177e-01,8.243359848077480567e-01
1.092841982840000004e+00,9.579111925519382398e-01
4.786899983879999709e-01,1.090441957599940448e+00
3.955059945579999514e-01,7.162496443949858405e-01
1.850703001020000071e+00,6.876994089220296313e-01
1.195796012879999815e+00,1.523708780906311677e+00
1.702510833739999896e+00,1.163739451595410479e+00
2.998351097109999586e+00,1.321297103165102405e+00
2.407080888749999925e+00,2.066465003211356066e+00
2.585943937299999718e+00,1.535241542130808545e+00
2.233839035029999920e+00,1.906932360118863024e+00
1.655773043629999997e+00,1.790605033372348887e+00
1.430611014370000156e+00,1.288466949727853583e+00
8.921740055079999676e-01,1.329264525299668653e+00
1.231696963309999893e+00,1.078336599592251588e+00
8.955079913140001624e-01,1.229596740392501442e+00
1.602033019070000064e+00,1.180309187968136442e+00
1.585399031639999956e+00,1.584176159594246069e+00
1.232059955600000034e+00,1.644298058778175475e+00
1.210371017459999976e+00,1.310570593607657708e+00
1.242141008379999967e+00,1.291875709548349960e+00
9.857040047650000858e-01,1.245760792064621869e+00
7.289689779279999726e-01,9.921997551372723212e-01
6.761519908910000876e-01,8.943781484957318284e-01
1.071573019029999907e+00,8.038641817823957147e-01
9.457439780239998983e-01,1.050522311734880310e+00
4.376370012759999706e-01,1.052545447408635093e+00
5.141820311550000522e-01,7.519502237711164216e-01
3.387190103530000052e-01,7.898966604952261106e-01
7.144280076029999593e-01,6.389779679654470357e-01
4.996199905870000180e-01,8.383604993253377380e-01
7.917379736899999854e-01,7.505201450699888754e-01
8.646243214609999894e-01,7.440511604447452854e-01
6.024960279459999901e-01,9.038278906458543371e-01
1.260069966320000123e+00,7.335041225202910686e-01
1.012339949610000067e+00,1.096684893879082523e+00
1.004528999329999950e+00,8.766022294344230081e-01
6.310235261919999727e-01,8.659754505898439314e-01
1.141221046449999887e+00,7.777615401828034125e-01
5.426099896430000014e-01,9.859493520339763784e-01
8.547459840769999762e-01,7.558254922795495379e-01
7.744219899179999311e-01,9.102198724069515690e-01
3.084340095520000102e-01,8.667545796299216398e-01
8.376209735870000506e-01,5.312591751926460937e-01
7.293469905850000767e-01,9.447693075745084990e-01
7.503905892370000830e-01,8.051486375715413146e-01
1.134822010990000019e+00,7.866188437376754328e-01
1.614240050320000064e+00,1.069524208587844027e+00
1.244793057440000128e+00,1.204092854468547413e+00
7.141630053519999466e-01,1.073695977474528274e+00
7.293040156360000026e-01,8.381193486825535555e-01
6.486989855770000091e-01,7.571496895623527346e-01
3.427990078929999962e-01,7.094614943725587874e-01
3.861860036850000011e-01,6.035665874849583945e-01
6.366299986840000535e-01,5.967969557155253790e-01
3.990480005740000280e-01,6.909480726584381616e-01
4.178859889509999870e-01,6.634726299755950851e-01
1.103790521619999909e+00,7.172421863803272180e-01
6.956189870829999622e-01,1.018639921659159286e+00
8.070139884950000564e-01,7.368874800925842017e-01
5.947690010070000310e-01,8.435686356271723252e-01
1.107607960700000005e+00,7.216642856723511912e-01
9.713580012320000012e-01,8.968093272605488497e-01
7.170349955560000321e-01,9.857280489902048304e-01
6.764810085300000386e-01,7.522537247103654456e-01
1.687772989270000190e+00,7.418718662957872745e-01
9.907569885250000485e-01,1.341798955362768497e+00
8.082039952280000161e-01,1.033616846462387828e+00
1.087718963619999979e+00,8.757190112783642677e-01
1.564818024639999861e+00,1.027667692346503348e+00
6.673809885979999912e-01,1.248369782433321529e+00
1.256489992140000123e+00,9.100447095746132531e-01
1.091886043549999963e+00,1.185956900887063625e+00
7.375509738919999725e-01,9.436762313163946647e-01
6.224380135540000802e-01,8.145285030780893276e-01
8.364729881290000613e-01,8.458033489550459416e-01
5.774260163309999916e-01,8.363830309861987056e-01
1.015761017800000054e+00,7.541558865896056396e-01
1.106158971790000001e+00,1.040173448878940254e+00
6.945540308949998964e-01,1.039052720900909277e+00
1.130903959270000092e+00,7.581075461984700947e-01
9.518219828609999489e-01,1.109340962409706144e+00
7.524570226669999862e-01,9.161227507313360885e-01
5.585229992869999993e-01,7.873467631945627598e-01
1.415836334229999771e+00,7.651403124224559482e-01
1.855298042299999839e+00,1.158682090248087437e+00
7.845479845999999702e-01,1.494543425285018046e+00
8.210539817810000862e-01,9.321032292667755792e-01
5.835890173909999978e-01,9.692956159562909901e-01
8.359720110889999889e-01,7.273885157646373667e-01
2.184663057329999880e+00,8.641402917181332244e-01
6.805480122570000123e-01,1.847419632094496444e+00
1.238904953000000031e+00,7.322338166605314447e-01
1.030328035349999949e+00,1.140288412187389522e+00
7.914109826090000022e-01,1.186219030065025271e+00
8.423720002169999832e-01,8.412755931091983053e-01
4.464710056780000769e-01,9.375375759494252170e-01
5.589337944979999584e-01,5.475319676584275985e-01
7.099329829220000221e-01,6.614472621909882610e-01
7.334340214730000751e-01,8.385208111801411013e-01
7.833399772640000647e-01,8.191409071811052156e-01
8.426809906959999985e-01,8.619055023331491094e-01
1.099761009220000085e+00,8.883603280363794319e-01
8.706315755840000614e-01,9.953955095794122521e-01
5.862460136410000411e-01,8.948210852663642800e-01
8.863990306849999223e-01,7.151298191817881955e-01
1.019399046900000050e+00,8.612580612196754082e-01
8.493610024450000129e-01,9.354820664012397646e-01
1.010666966439999870e+00,8.845018086264132551e-01
1.331516027449999973e+00,9.691375527464940465e-01
1.215008974079999859e+00,1.096625790890553453e+00
1.645591020579999952e+00,1.089732926761106890e+00
9.708780050280000351e-01,1.380379913412057569e+00
1.411272048950000135e+00,9.325871012970174956e-01
7.953929901119999313e-01,1.201271281169137950e+00
1.046331048010000098e+00,9.339040070177042629e-01
8.879339694979999642e-01,1.044309477537346043e+00
8.349300026890000836e-01,1.014502322256080058e+00
9.847199916839999290e-01,9.138349528471564343e-01
1.090394020079999970e+00,1.075447212285036036e+00
4.901649951929999416e-01,1.084725283616241986e+00
6.141669750209999279e-01,7.663882012756000339e-01
6.314740180969999894e-01,8.294880670191357996e-01
8.252440094949999860e-01,7.851300787087112099e-01
1.051450967789999913e+00,8.626663809735349853e-01
1.047114968300000060e+00,1.050566791917205700e+00
3.921430110930000379e-01,9.216885538624272067e-01
4.695149958129999912e-01,6.738905692220336086e-01
7.720900177959999500e-01,7.583991127850305825e-01
7.520099878309999264e-01,8.405002536973226190e-01
6.877393722529999698e-01,8.096947397151766923e-01
6.718119978899999012e-01,7.965804171732300265e-01
1.185933232310000029e+00,7.103727776023961438e-01
6.571980118750000432e-01,1.026671631893093073e+00
8.213180303569999063e-01,8.236480085612026825e-01
7.795739769939998842e-01,8.531448276837662048e-01
1.030122995379999962e+00,7.882502588376499864e-01
6.211889982220000217e-01,9.059760609024588573e-01
8.660820126530001106e-01,8.282325922959259401e-01
9.608931541439998947e-01,8.652415589963660114e-01
6.760399937630000577e-01,9.201547630240403119e-01
7.402380108830000083e-01,7.743321581381582552e-01
5.984709858890000511e-01,8.583284735960161616e-01
6.151059865950000427e-01,7.071511372880353585e-01
9.358735680580000382e-01,7.311485180686750907e-01
5.818247795100000008e-01,9.659028074613090764e-01
7.156659960750000327e-01,7.123819981317582872e-01
6.529520154000000298e-01,7.874593177976267899e-01
9.700022935870000751e-01,8.045291557132577820e-01
7.834500074390000623e-01,9.135902473611635655e-01
7.448130249979999506e-01,8.818990119519738435e-01
8.276180028919999376e-01,7.788001330951440648e-01
8.943400979040000420e-01,8.454040160565527984e-01
2.505017042159999985e+00,8.779824675803493683e-01
1.620712041850000062e+00,1.876001884304147049e+00
1.417585968970000110e+00,1.316100137338020337e+00
1.049872040749999957e+00,1.174150681281969755e+00
1.226507544519999993e+00,1.122568388488644819e+00
1.043179035189999881e+00,1.131119800265533160e+00
9.694439768789999690e-01,9.931675818685284929e-01
8.192250132559999454e-01,1.016330105241486592e+00
8.129550218580000598e-01,8.720067182770178116e-01
6.712080240250000163e-01,9.128350068674482287e-01
5.289899706839999993e-01,8.747369949357514107e-01
3.461930155749999849e-01,7.857388332075817550e-01
4.789490103719999947e-01,6.634437580350788233e-01
1.153810977940000093e+00,7.073279899109594648e-01
9.671270251270001062e-01,1.078923303316027926e+00
7.845839858059999727e-01,9.537253530998095474e-01
4.701859951020000428e-01,8.345164506073541322e-01
5.632782578470000301e-01,7.240991515536124856e-01
2.416239976880000528e-01,7.132193340091933509e-01
2.709859907630000064e-01,5.856212627838937035e-01
1.994680017229999991e-01,5.384232622850069205e-01
1.327169984580000017e-01,4.733244536425206817e-01
4.732620120049999546e-01,4.512500082527833856e-01
6.585559844969999244e-01,7.429644432224363770e-01
9.621880054470001165e-01,7.846721256189991278e-01
5.111979842189999790e-01,8.846783900892042363e-01
9.829789996150001263e-01,6.817100701971482435e-01
9.100099802019999684e-01,8.764716955918002705e-01
1.026576042179999870e+00,8.423794926248209247e-01
8.309389948840000262e-01,8.834870116691699860e-01
9.651920199390001676e-01,8.181665296178524116e-01
1.000543951989999902e+00,7.897871547902443057e-01
1.983185052870000131e+00,9.364809971838641278e-01
1.274855017659999978e+00,1.580828702631529525e+00
1.286525964740000028e+00,1.167750670535467217e+00
1.382244944570000245e+00,1.129072941386960460e+00
1.736924052240000016e+00,1.267649575433939191e+00
1.257668018339999971e+00,1.468774558661489094e+00
7.533379793170000838e-01,1.242326856513838562e+00
1.084908962249999886e+00,9.103662195148989333e-01
1.062494039539999990e+00,1.058547977081943703e+00
7.787629961969999570e-01,1.102578430406197851e+00
8.256469964979999965e-01,9.444934583551767293e-01
9.891830086709999525e-01,9.697192904369786870e-01
1.418092012410000047e+00,9.968177312503408993e-01
1.151677966120000063e+00,1.273818623883635315e+00
1.250364065170000094e+00,1.167564687752450814e+00
8.794019818310000458e-01,1.124378587400784113e+00
1.089423060420000144e+00,9.363085459528569521e-01
1.809062957759999701e+00,1.061113724023071470e+00
8.687390089040000207e-01,1.522091135450170496e+00
8.521729707719999380e-01,9.405485413745006129e-01
1.307837963100000112e+00,9.431313416425373131e-01
1.262575984000000151e+00,1.258633963963784241e+00
7.601559758189999627e-01,1.163371560045036501e+00
1.069887042049999959e+00,9.567422774341520775e-01
8.579840064049999437e-01,1.071520585386022573e+00
1.149323940279999956e+00,8.562763899246345067e-01
1.067142963410000034e+00,1.108482823259130834e+00
7.400619983670000401e-01,1.110615441490051092e+00
6.799880266190000411e-01,7.817286327714398908e-01
7.323921322820000634e-01,8.649449957883280637e-01
8.352749943730000126e-01,8.810916062009405136e-01
6.000829935070000065e-01,8.886342758279484055e-01
1.010563969610000168e+00,7.767796891817351224e-01
7.613970041280000434e-01,9.624964773348104741e-01
7.260069847110000030e-01,8.473463162491576828e-01
1.064324021340000037e+00,8.332343922706051398e-01
5.901079773899998715e-01,1.039096863786483915e+00
7.744659781460000447e-01,6.768136523093287726e-01
7.406870126719998781e-01,8.313202431293821304e-01
8.908360004430001533e-01,8.340925446485040196e-01
7.620100975040000613e-01,8.347746248155692994e-01
7.774500250820000069e-01,8.837049615864173147e-01
5.811070203779999943e-01,8.275673075229600384e-01
7.908779978749999051e-01,7.347817034080125209e-01
8.903719782829999652e-01,8.599921170698621165e-01
7.882059812549999656e-01,9.149569506482498893e-01
7.301949858670000459e-01,8.075156406692413080e-01
9.248933196070000529e-01,8.195537352564677969e-01
1.265586972239999941e+00,9.018992245170163180e-01
7.884140014650000694e-01,1.099358982520718175e+00
9.180610179899999501e-01,8.606350509728302178e-01
6.569269895549999516e-01,8.985938420171516450e-01
8.252680301670000107e-01,7.538844090007128518e-01
4.257229864599999525e-01,8.565350237823435853e-01
9.114630222319999309e-01,7.145545033568955207e-01
7.238519787790000937e-01,8.820634242770830635e-01
9.657319784160000031e-01,8.458578752896207531e-01
7.194200158119999911e-01,9.346301639337263323e-01
7.146480083470000411e-01,8.987559296401439468e-01
6.188799738879999790e-01,7.778940978059318834e-01
8.502969741820000094e-01,7.910877346868182558e-01
6.113014817240000065e-01,8.781132295943037125e-01
8.405809998509999881e-01,7.463679493153533295e-01
5.909900069240000553e-01,8.268241534961542349e-01
1.191807866100000002e+00,7.568754143945254365e-01
1.072478055950000009e+00,1.046557586837162157e+00
7.976800203319999172e-01,1.045468482082949402e+00
7.140370011329999489e-01,8.048482219055144160e-01
8.885610103609999921e-01,8.370985365999181749e-01
7.367290258409999737e-01,8.717276200963348654e-01
9.655410051350000744e-01,8.187315942669805002e-01
8.569459915160000385e-01,9.531464890453699157e-01
5.838339924809999859e-01,8.449774877808055029e-01
3.047562122340000457e+00,7.128908962581893549e-01
8.865389823909999301e-01,2.347964280418517014e+00
1.186460971829999878e+00,1.023784920638776796e+00
8.750730156899999557e-01,1.136306230529393835e+00
1.111973047260000014e+00,1.122777697656771823e+00
6.929270029070000447e-01,1.110915023834693205e+00
5.632749795910000357e-01,9.121486178997310068e-01
5.519689917560000048e-01,7.529790747596498690e-01
9.211350083349998386e-01,6.689185406458733052e-01
5.465030074119999748e-01,8.004121777076197430e-01
9.997850060459999577e-01,7.299521430271633804e-01
7.512239813800000166e-01,9.622145997627630232e-01
8.402569890019999654e-01,8.590314099455159669e-01
7.843149900439999600e-01,8.563498710138811587e-01
5.915480256080000165e-01,9.100924238375509567e-01
6.109840273859999948e-01,6.813605282513928163e-01
9.328789710999999540e-01,7.394311241760311848e-01
7.992020249369999885e-01,9.153077227350970846e-01
9.833549857140000405e-01,8.278866018865482790e-01
5.405290126799999761e-01,9.298652587104735412e-01
1.093670010570000128e+00,7.306117797329660934e-01
9.266330003740002041e-01,9.962252992687522513e-01
7.972419857979999858e-01,9.675403864940658183e-01
5.896059870719999596e-01,8.187779791838997179e-01
7.799540162090000672e-01,7.723660983655957768e-01
5.182790160179999717e-01,8.005749300036212324e-01
7.263879776000000676e-01,7.325562822749448477e-01
6.216366887090000182e-01,8.359561091975752367e-01
8.810679912569999717e-01,7.506620907860191982e-01
7.315016984940000411e-01,8.333333921738436123e-01
9.703850150110000516e-01,8.756803511184082511e-01
8.715350031849999901e-01,9.258672373325060878e-01
5.505740046500000595e-01,8.893619902613204564e-01
2.576299905780000121e-01,6.882797676640323159e-01
6.952109932899999123e-01,5.844779921396733302e-01
3.547430038449999601e-01,7.811846623965704728e-01
1.308350920679999918e+00,6.192998175814492523e-01
1.424710035319999957e+00,1.104681922070623212e+00
2.422243118290000385e+00,1.177491179019074297e+00
1.588093161580000023e+00,1.580955489834751981e+00
2.882889986040000352e+00,1.362062957134880348e+00
1.510810017590000109e+00,2.113132852581670384e+00
5.103110075000000245e-01,1.208489048047365122e+00
6.637499928469999810e-01,6.754757283714937222e-01
5.865659713749999948e-01,5.445707799587663489e-01
9.182999730109998593e-01,6.701891970297073620e-01
1.126363039020000123e+00,9.594804458448088491e-01
9.455379843710000065e-01,1.131566816012070431e+00
7.979699969290000583e-01,1.032855842162428095e+00
8.895260095600000527e-01,9.493202178502605504e-01
5.017459988589999531e-01,9.530181740862755380e-01
7.889080047609999813e-01,6.762576450700131803e-01
5.571460127830000220e-01,8.349748567328983961e-01
8.079270124439998924e-01,6.961777529635327921e-01
7.382910251620000697e-01,7.930864890964078873e-01
6.742079854009999096e-01,8.910527828167880138e-01
8.787713646889999675e-01,7.744990538932671198e-01
7.401880025859999268e-01,9.263469526763170592e-01
8.886500000949999478e-01,8.061628359923931342e-01
7.983270287510000340e-01,8.737589500970395218e-01
5.137799978260000344e-01,8.378967195995943307e-01
7.760372757910000141e-01,6.561920630719016989e-01
8.528280258179999906e-01,8.432875053989064007e-01
7.851629853249999513e-01,8.694493359646309205e-01
8.431609868999999646e-01,8.200369459205313349e-01
1.024798870089999925e+00,8.848928347657062377e-01
8.044279813770001120e-01,9.306592684895642620e-01
8.841310143469999216e-01,8.482577052975835974e-01
3.615649938579999501e-01,9.174212175629702370e-01
1.171491026879999842e+00,5.997312621868672311e-01
4.477910101410000343e-01,1.034003001639777208e+00
7.665730118750000432e-01,7.363378021275955865e-01
7.735599875449999940e-01,8.187827608613692520e-01
1.054823040959999902e+00,9.388214199748557975e-01
7.843300104139999673e-01,9.306390703664771946e-01
1.034250974660000155e+00,9.631421691347424874e-01
1.096979022029999973e+00,9.768856592426548024e-01
7.633029818529999400e-01,9.639063942879908531e-01
5.883730053899999257e-01,8.017157932749524596e-01
6.365630030629999547e-01,7.480653886009134279e-01
5.750700235369999858e-01,7.181453281925089804e-01
5.399640202519999654e-01,7.096352088129666003e-01
1.324671149250000068e+00,7.388467707823110908e-01
8.178460001949999780e-01,1.134332214521705851e+00
6.359609961509999909e-01,8.372261571245251943e-01
8.135920166969999867e-01,7.898362017060314155e-01
9.872140288350000903e-01,9.302864001586981235e-01
9.839289784429998686e-01,8.867015224561280995e-01
5.904790163040000150e-01,9.781290640331096187e-01
8.986790180209999201e-01,7.150703623623537730e-01
6.268000006680000125e-01,8.150563857206701845e-01
6.926850080490000172e-01,7.691490909213143379e-01
5.757049918169999669e-01,8.209999545991781833e-01
6.764680147170000213e-01,7.607151642323497498e-01
8.279470205309999997e-01,7.132647334905067860e-01
6.547859907149999881e-01,9.004558225942257410e-01
1.085815548900000094e+00,7.838418696665034879e-01
8.509550094600001335e-01,9.866750559141662658e-01
8.879359960559999321e-01,8.530690880290204836e-01
6.557850241659999302e-01,8.669947316097764700e-01
6.597809791559999804e-01,7.979050873328507043e-01
8.856279850010000398e-01,7.271474808609343921e-01
7.502999901769999980e-01,8.995313550296227811e-01
9.303160309790000637e-01,8.117626366518828629e-01
7.259460091590000941e-01,9.010176002534474593e-01
7.123904824259998936e-01,8.121121653703147203e-01
9.326570034029998402e-01,8.042571424177604733e-01
6.544970273969999974e-01,9.587334625078303141e-01
4.987269937989999846e-01,7.550177955273976727e-01
9.782410264020000579e-01,6.823909731324160344e-01
5.593240261080000275e-01,9.513718253379936929e-01
8.733990192409999409e-01,6.945274889274750674e-01
6.232500076290000690e-01,8.931613570802942048e-01
6.319249868390000024e-01,7.860537129519293842e-01
8.335350155830000274e-01,6.897867202629014427e-01
8.613430261610000027e-01,9.316596476641192393e-01
1.036013007159999999e+00,8.585962078523394769e-01
6.160370111469999355e-01,9.413890055139593205e-01
9.874529838560001105e-01,7.386902419420480204e-01
6.686739921569999634e-01,9.261965679278508778e-01
6.455339789389999972e-01,7.940473615622986037e-01
1.007030010220000049e+00,7.531343370836813822e-01
7.763000130650000719e-01,9.785042339182764559e-01
9.358490109440000815e-01,7.639534279856036170e-01
6.626719832419999401e-01,9.329429824375925495e-01
1.113351941109999910e+00,8.112380707606864361e-01
5.495319962500000432e-01,9.838076929273978921e-01
9.273632764820001206e-01,7.792780263751335479e-01
8.215330243109999486e-01,9.318489108233802831e-01
9.193540215490000334e-01,8.889658749092849144e-01
6.899859905239998925e-01,8.751311328029135472e-01
6.497738957409999738e-01,8.803243222291171621e-01
9.705049991610000815e-01,7.555848575023844660e-01
8.034440279009998909e-01,9.471145980205729620e-01
8.920990228650002019e-01,8.596885367666716737e-01
7.462270259859999921e-01,8.968308944116251125e-01
1.495407462120000197e+00,8.118940071227211952e-01
7.597569823270000633e-01,1.220233654779283139e+00
9.677280187610000084e-01,8.999957134507722278e-01
1.126011013979999920e+00,9.565382128998193290e-01
7.641419768330000029e-01,1.052484598413395034e+00
1.423818945879999909e+00,7.821464541614491228e-01
8.309190273280000483e-01,1.246100337460591234e+00
5.316870212550000030e-01,8.542166972353709697e-01
6.942920088770000442e-01,6.780400203070290344e-01
1.097100019450000019e+00,9.052855582371122090e-01
8.623710274700000511e-01,1.038837545414780239e+00
9.711959958080000899e-01,9.645784249959759027e-01
7.501904964450000213e-01,9.797045771568583250e-01
5.659890174870000346e-01,8.187394149220396100e-01
7.235890030859999378e-01,7.349301834218850971e-01
1.088876962660000114e+00,8.618217634544761419e-01
2.614549994470000138e-01,9.916107027368551430e-01
1.923168003559999895e-01,5.673676753070959755e-01
2.048390060660000012e-01,5.796167754666970984e-01
3.752999901769999980e-01,5.951692806412894887e-01
1.878910064700000104e-01,6.228973089881406633e-01
4.178839921949999980e-01,6.430388521986675210e-01
6.128349900249999704e-01,5.883738291362534678e-01
4.822100102900000462e-01,7.006862266784503745e-01
8.136649727820000066e-01,6.871363548260835952e-01
8.997989892959999958e-01,8.733600206319152015e-01
7.667459845540000041e-01,7.877929009774984337e-01
6.762999892229999421e-01,7.139185964695723419e-01
9.804093837739999984e-01,7.521438618676473675e-01
1.075533032420000090e+00,8.422460553846752296e-01
6.459739804270000496e-01,9.139445809048812874e-01
7.601699829100000416e-01,7.445330847515919670e-01
8.707180023190000950e-01,7.939439900286211493e-01
1.045557022089999899e+00,8.382219067358317455e-01
4.832339882850000268e-01,9.888194398493995729e-01
1.085988998409999962e+00,7.426204170706084406e-01
7.320979833600000930e-01,9.770546581422108190e-01
7.128990292550000385e-01,8.200963597511642389e-01
1.045389056210000112e+00,8.186813701193960124e-01
7.359200119969999676e-01,1.049530054136995405e+00
8.956930041310000590e-01,7.074850246963489964e-01
8.745509982110000191e-01,9.129577068276882867e-01
9.237470030779999508e-01,9.292236243920458660e-01
9.997780323029999971e-01,8.512917292544674996e-01
1.739534020420000049e+00,9.865538638688128303e-01
8.107889890670000321e-01,1.402087052560488711e+00
7.049050331119999235e-01,8.758230706328672399e-01
8.328269720080000438e-01,8.519837762098406708e-01
8.276600241660000412e-01,9.138086899962137855e-01
8.953109979629999549e-01,8.434944105009750670e-01
1.459501028060000039e+00,9.727415486895496510e-01
1.179519057270000060e+00,1.212487677882216675e+00
1.443411946299999915e+00,1.036593116617746446e+00
1.306735038760000078e+00,1.261178454595939469e+00
7.634999752040000365e-01,1.195379404671130352e+00
1.145148038860000161e+00,7.963866236556472744e-01
7.253450155259999477e-01,1.070885829275849854e+00
7.633590102199999672e-01,8.110192511469146437e-01
6.174820065499999622e-01,8.168428812689771945e-01
1.029322981830000039e+00,8.493208282814794785e-01
1.302055954929999926e+00,1.007662615433219111e+00
3.164124965670000122e+00,1.231386070928267351e+00
9.734439849849999549e-01,2.387525326928009228e+00
1.229671001429999855e+00,1.167960207874925826e+00
7.441530227660000385e-01,1.298489073717160158e+00
1.063034057620000139e+00,8.943164298039673055e-01
1.123872041700000102e+00,1.161852878116994336e+00
8.984770178789999173e-01,1.139462152540026585e+00
7.175139784810000698e-01,8.051029239412931249e-01
5.367509722709999931e-01,9.735697973956940476e-01
1.175443053249999981e+00,7.408022949916522881e-01
1.101048946379999949e+00,1.035789808030187942e+00
5.734490156170000130e-01,1.104041269880970288e+00
1.431144952770000200e+00,7.585826915019886485e-01
1.037794947620000130e+00,1.243928959864788242e+00
6.568620204930000206e-01,9.569879518215961278e-01
1.074908018110000141e+00,7.757964691526776368e-01
1.385972023009999887e+00,1.072691077862144127e+00
1.004804968829999812e+00,1.045167752267987860e+00
1.609539985660000116e+00,1.017208070496673722e+00
2.817575931549999524e+00,1.426263699950603536e+00
1.962562561039999931e+00,2.012568963831843583e+00
1.279752016069999998e+00,1.575299016707438549e+00
1.995329976079999845e+00,1.301857120662424316e+00
2.033385992049999924e+00,1.675177181162557316e+00
1.307443976400000096e+00,1.676357680108957471e+00
1.611258029939999892e+00,1.366538024417421227e+00
2.040218114850000042e+00,1.551636972553750882e+00
2.183244943620000100e+00,1.766985219929272377e+00
1.351415991779999937e+00,1.974347142498142471e+00
7.242180109020001089e-01,1.539714439305576610e+00
1.363389015200000109e+00,1.084833580674532838e+00
1.526808977129999967e+00,1.374401745161928590e+00
1.784019589419999940e+00,1.537244625182035529e+00
1.103597044940000105e+00,1.719617102821987986e+00
1.763007998470000004e+00,1.321982119797999511e+00
1.157549023629999896e+00,1.653441861201266239e+00
1.153326034550000045e+00,1.244808963781220079e+00
2.362811088559999551e+00,1.215357906237952701e+00
2.580787897110000007e+00,1.933781285660700400e+00
1.242146968839999976e+00,2.084258992450072956e+00
1.712821006770000265e+00,1.483643727073277407e+00
6.676509976389999323e-01,1.825920426472541491e+00
8.271329998970000652e-01,7.786450410729033322e-01
9.642647504810000214e-01,8.393685271997455288e-01
1.394161701200000048e+00,1.018684702763096084e+00
7.584049701689999923e-01,1.194545068089314155e+00
6.900759935379999765e-01,1.174838621153375229e+00
6.740249991419999809e-01,1.006686898603455171e+00
8.615220189090000424e-01,8.912349362896316851e-01
7.907469868659999790e-01,9.448355764655801403e-01
7.285000085830000138e-01,9.114045611080917597e-01
2.411980032920000017e-01,7.627732729496161657e-01
3.354600071909999981e-01,5.831257066352752982e-01
5.912460088730000507e-01,6.649002550082009355e-01
1.058426976200000036e+00,7.909690591397735560e-01
7.669919729230000316e-01,9.788697280162539371e-01
5.881239771840000019e-01,8.409292620962387499e-01
5.922303199769999305e-01,6.959604478783093517e-01
8.753510117530000079e-01,7.760384994124790436e-01
7.038279771799998974e-01,9.008600429887769767e-01
5.677499771120000371e-01,8.098201182084391325e-01
7.133870124819999825e-01,6.354698072884666926e-01
1.077505946160000061e+00,7.221732962310325465e-01
6.909419894220000247e-01,9.676851463231850303e-01
7.724580168719999973e-01,8.315176047174971385e-01
7.237120270730000859e-01,8.241391589262374584e-01
9.752489924429997847e-01,7.642969448854742831e-01
9.151769876480000399e-01,9.098533366572432168e-01
7.574009895319999686e-01,9.601325462830090363e-01
6.912069916730000374e-01,7.778215988454602048e-01
1.183527946470000147e+00,7.724817911511761004e-01
7.705749869349999281e-01,1.073719717213500457e+00
8.947700262070000798e-01,8.653887460393598907e-01
6.143350005150000070e-01,8.954642572611566376e-01
7.692319750789999855e-01,7.636292097508176058e-01
9.070749878880000061e-01,8.067193227221880480e-01
4.068099856379999713e-01,9.765849128935386592e-01
5.138880014419999753e-01,6.319966097345051104e-01
2.481469959019999838e-01,6.996026476386578707e-01
2.568759918210000159e-01,5.787969591793267199e-01
5.980659723279999618e-01,5.700878677850249598e-01
5.981699824330000137e-01,8.016955389357401929e-01
8.801140189170000294e-01,6.808557305952676053e-01
1.085649013520000095e+00,8.466753966363521622e-01
9.920129775999999566e-01,9.671069105666149079e-01
8.743849992749999078e-01,8.543818734384160951e-01
8.770260214810000621e-01,8.508989670289562879e-01
1.008928894999999937e+00,8.199805479196717872e-01
8.088759779930000393e-01,8.588752117883420301e-01
6.714209914210000907e-01,8.145322232628425807e-01
7.449629902840000373e-01,7.482261204232399932e-01
6.942679882050000195e-01,8.030545306931867744e-01
1.001886010170000008e+00,8.039385160340124514e-01
7.935580015180000446e-01,9.988118395625275037e-01
8.450049161910000439e-01,8.715927377710894763e-01
8.031240105629999793e-01,8.574764653099141709e-01
5.744469761850000689e-01,8.931758244654457446e-01
5.679720044139999757e-01,7.286108196671716719e-01
4.538080096239999195e-01,7.412613790175293094e-01
8.494881391529999215e-01,6.524647719390456180e-01
4.064599871639999473e-01,8.459684193395026197e-01
2.453519999980000310e-01,6.758341227035464804e-01
2.323218107220000217e+00,5.740941132514202350e-01
2.027115583420000089e+00,1.799787791916760638e+00
1.581117987629999888e+00,1.487978787269398362e+00
1.727049946780000012e+00,1.183307213350578424e+00
1.150642037389999928e+00,1.432166383171965540e+00
1.607933998109999818e+00,7.590712360842807316e-01
1.331233978270000007e+00,1.186206649290166393e+00
1.221642017359999999e+00,1.251622941806327383e+00
1.583541989330000010e+00,9.136427185003391793e-01
1.608662128450000006e+00,1.468937474645619856e+00
2.185653924939999992e+00,1.597587167696973731e+00
2.989559888840000124e+00,1.878863281767986670e+00
7.574499845500000106e-01,2.507703704606920603e+00
1.811344027520000122e+00,1.137857291292113215e+00
1.527951955800000094e+00,1.790844097404840296e+00
8.892235755919999374e-01,1.434083721751583607e+00
