1.069700956339999953e+00,1.077502608299255371e+00
7.274609804150000691e-01,9.505789875984191895e-01
7.892770171170000459e-01,8.124428987503051758e-01
6.237750053410000550e-01,9.313269853591918945e-01
6.914690136910000007e-01,7.919731140136718750e-01
8.557710051540000640e-01,7.923261523246765137e-01
7.093830108640000187e-01,8.564759492874145508e-01
1.014547944070000041e+00,7.295352816581726074e-01
1.115731000900000103e+00,9.650703668594360352e-01
4.182830154900000208e-01,1.018187761306762695e+00
1.002280950550000105e+00,5.632215142250061035e-01
1.218860983849999968e+00,1.071849584579467773e+00
1.143296003339999922e+00,1.126224279403686523e+00
6.528189778330000248e-01,1.022967100143432617e+00
6.746559739110000731e-01,7.481902837753295898e-01
6.009536385540000802e-01,8.870900869369506836e-01
6.694570183749999348e-01,7.866570353507995605e-01
6.538079977039999990e-01,7.618067860603332520e-01
7.814120054240000224e-01,6.949319839477539062e-01
1.206303954120000022e+00,7.817885279655456543e-01
8.469259738919999725e-01,1.059559226036071777e+00
8.286409974099999687e-01,7.926988601684570312e-01
6.482390165329999787e-01,8.827638030052185059e-01
5.623700022700000023e-01,7.958035469055175781e-01
7.183309793469999649e-01,7.372769713401794434e-01
1.099647998810000082e+00,7.953804731369018555e-01
9.541710019110000163e-01,1.000371217727661133e+00
7.290139794350000146e-01,8.528969287872314453e-01
6.694499850270000385e-01,7.746091485023498535e-01
8.631219863889999511e-01,8.106179833412170410e-01
6.464660167689999515e-01,9.344530701637268066e-01
8.223180174830000411e-01,7.144021987915039062e-01
9.235979914669999458e-01,8.479357361793518066e-01
8.300920128820000743e-01,8.982738852500915527e-01
1.067314028740000031e+00,8.300024271011352539e-01
1.546175003050000107e+00,1.018678784370422363e+00
6.827279925350000500e-01,1.341763377189636230e+00
6.385620236399999206e-01,7.306870222091674805e-01
6.464239954950000699e-01,8.691282272338867188e-01
6.881093978879999629e-01,8.716310262680053711e-01
7.273989915849999877e-01,8.071574568748474121e-01
6.500350236890000133e-01,7.455350756645202637e-01
8.693690299990000092e-01,6.912837624549865723e-01
4.408580064769999640e-01,8.590978980064392090e-01
4.518609941010000575e-01,5.478164553642272949e-01
7.575070261959999662e-01,6.149934530258178711e-01
4.952389895920000229e-01,7.971807122230529785e-01
6.850870251659999521e-01,5.458528399467468262e-01
7.243813276289999825e-01,6.990307569503784180e-01
8.653740286830000628e-01,7.233813405036926270e-01
7.400469779970000328e-01,8.251855969429016113e-01
8.070759773250000269e-01,7.359180450439453125e-01
8.204330205920000729e-01,8.330123424530029297e-01
1.114411950110000049e+00,8.458074927330017090e-01
1.108605027200000093e+00,1.045635581016540527e+00
4.751499891279999943e-01,1.013366818428039551e+00
1.039268016820000140e+00,6.264584660530090332e-01
9.457899928089998909e-01,1.115507364273071289e+00
7.877500057220000462e-01,9.511118531227111816e-01
3.504549860949999762e-01,8.205634355545043945e-01
9.367713332179998797e-01,5.570766329765319824e-01
9.868059754369999936e-01,1.015458464622497559e+00
6.470239758489999549e-01,9.105285406112670898e-01
1.029777050020000084e+00,6.616873741149902344e-01
1.187446951870000156e+00,1.009088993072509766e+00
9.328820109370000724e-01,1.100841164588928223e+00
7.528370022769999004e-01,9.091914296150207520e-01
6.420040130619999452e-01,8.574445843696594238e-01
2.307340055699999559e-01,8.285158872604370117e-01
4.714997112749998998e-01,5.154772400856018066e-01
8.772729635240000823e-01,6.560779213905334473e-01
7.876309752460000091e-01,8.276020288467407227e-01
2.742219865320000283e-01,6.825233101844787598e-01
3.992269933219999567e-01,3.909067511558532715e-01
9.923512339589999343e-01,5.974845290184020996e-01
7.627239823340000724e-01,9.512704014778137207e-01
7.200859785079999353e-01,6.659044623374938965e-01
6.264780163759999798e-01,7.013928294181823730e-01
7.269890308380000388e-01,7.152728438377380371e-01
9.301019906999998810e-01,8.064997196197509766e-01
6.872699856759999504e-01,8.965371847152709961e-01
8.662552833559999943e-01,7.055373191833496094e-01
8.352038264269999734e-01,8.809562325477600098e-01
9.402499794960000878e-01,8.540118336677551270e-01
1.023357987399999836e+00,9.306564927101135254e-01
7.322629690170000538e-01,9.782572984695434570e-01
9.300749897960000068e-01,7.962685227394104004e-01
8.702930212019999168e-01,9.815254211425781250e-01
5.104020237919999481e-01,9.103190302848815918e-01
1.025817990299999982e+00,6.583153605461120605e-01
4.551239907739999535e-01,1.039606690406799316e+00
7.345349788670000324e-01,5.695822834968566895e-01
7.012919783589999234e-01,8.150877356529235840e-01
1.014386057849999911e+00,7.440845370292663574e-01
1.123770236970000225e+00,9.525179862976074219e-01
4.825370013710000294e-01,9.828525781631469727e-01
4.689320027829999571e-01,5.938631892204284668e-01
8.755196928980000237e-01,7.047642469406127930e-01
1.145424962039999883e+00,9.522147178649902344e-01
1.943787455559999877e+00,1.007707476615905762e+00
1.557039022450000143e+00,1.509512901306152344e+00
2.104775905609999942e+00,1.260233163833618164e+00
1.062240004540000005e+00,1.838829755783081055e+00
7.867829799650000178e-01,1.178904771804809570e+00
2.247971057890000068e+00,1.170382738113403320e+00
5.664669871329999218e-01,2.122355699539184570e+00
8.389729857439999217e-01,6.964576840400695801e-01
3.188189864160000386e-01,1.079054117202758789e+00
6.386680006980000046e-01,6.970161795616149902e-01
7.540266513819999794e-01,8.746671676635742188e-01
1.085826039310000102e+00,7.504706382751464844e-01
6.014299988750000381e-01,9.473142623901367188e-01
6.923220157619999204e-01,6.010110378265380859e-01
8.782439827919999997e-01,7.950721383094787598e-01
1.279224038119999962e+00,9.163514971733093262e-01
7.251669764520000117e-01,1.138192415237426758e+00
4.283109903339999969e-01,7.138284444808959961e-01
7.012249827380000466e-01,6.506219506263732910e-01
8.846225738529999161e-01,8.765556216239929199e-01
7.809653878210001121e-01,8.936781883239746094e-01
9.259700179099999984e-01,7.411327958106994629e-01
9.178640246389999646e-01,8.852585554122924805e-01
9.073020219800000952e-01,9.058511257171630859e-01
4.099450111390000040e-01,9.171369075775146484e-01
8.741459846500000408e-01,5.925802588462829590e-01
1.231343984599999830e+00,9.664955735206604004e-01
7.683960199359999299e-01,1.105338811874389648e+00
9.357339143749998644e-01,7.324014902114868164e-01
7.523270249369999885e-01,9.581079483032226562e-01
6.247839927670000293e-01,8.592007756233215332e-01
1.977947235110000035e+00,7.722402811050415039e-01
2.476479291920000048e+00,1.666516184806823730e+00
6.822599768639999729e-01,1.852015614509582520e+00
1.294077992440000102e+00,6.993842124938964844e-01
2.116506099700000032e+00,1.541060924530029297e+00
2.030230045320000176e+00,2.042712926864624023e+00
1.727593064309999926e+00,1.741131067276000977e+00
1.321619033810000010e+00,1.561512231826782227e+00
1.114274978639999913e+00,1.485248923301696777e+00
1.618482947350000201e+00,1.411685824394226074e+00
1.102354049679999948e+00,1.676058530807495117e+00
8.501269817350000091e-01,1.162655711174011230e+00
6.531813144679999850e-01,1.030223965644836426e+00
6.168276071549999573e-01,9.188374280929565430e-01
1.023204803470000090e+00,8.522939682006835938e-01
1.176781058310000017e+00,1.024205684661865234e+00
1.108754038809999898e+00,1.032175064086914062e+00
9.838110208509999177e-01,9.940485954284667969e-01
1.829927563670000312e+00,9.917233586311340332e-01
1.342131018639999951e+00,1.631268262863159180e+00
1.265669584270000092e+00,1.207622528076171875e+00
7.930377125740000199e-01,1.274175405502319336e+00
1.030689358710000114e+00,1.020923614501953125e+00
8.210232257839999992e-01,1.222926855087280273e+00
1.099169254300000009e+00,9.475584626197814941e-01
5.255355238910000004e-01,1.105262517929077148e+00
7.758393883709999717e-01,6.577208638191223145e-01
7.209759950640000081e-01,9.057072401046752930e-01
8.666771054269999386e-01,8.008788228034973145e-01
8.462041020389999835e-01,8.723713755607604980e-01
7.614132165909999195e-01,8.237779736518859863e-01
6.587246060370000045e-01,7.994718551635742188e-01
1.078659296040000104e+00,7.527883052825927734e-01
1.281940340999999872e+00,1.048029899597167969e+00
6.600005030629999547e-01,1.119145274162292480e+00
1.112500548360000119e+00,7.020421624183654785e-01
6.280704736709999958e-01,1.147289633750915527e+00
6.864575743680000341e-01,7.716494202613830566e-01
9.000409841540001343e-01,8.349761366844177246e-01
7.342569231990000445e-01,9.302357435226440430e-01
1.011121273039999879e+00,7.714919447898864746e-01
8.827599883079999543e-01,9.650788903236389160e-01
7.521411776540001259e-01,8.693578243255615234e-01
9.489411115649999395e-01,8.195668458938598633e-01
6.799052953720000625e-01,9.776981472969055176e-01
7.211565971369999772e-01,7.666336297988891602e-01
6.504104733470000843e-01,8.123536109924316406e-01
7.167106270790000178e-01,7.470247745513916016e-01
9.056316018100001308e-01,7.808896899223327637e-01
6.526464819910000603e-01,8.763166666030883789e-01
7.056654095649999014e-01,6.869649291038513184e-01
6.581057906149999637e-01,7.733230590820312500e-01
6.592794060709999959e-01,7.408748269081115723e-01
6.634064316750000190e-01,7.313718795776367188e-01
7.808002829549999246e-01,7.137181758880615234e-01
7.565907239910000248e-01,7.906707525253295898e-01
9.280405640599999062e-01,7.591353058815002441e-01
7.073829770089999913e-01,8.920868635177612305e-01
3.888399899009999383e-01,7.409480810165405273e-01
3.422417938710000107e-01,5.737149119377136230e-01
2.337300032380000003e-01,5.711743831634521484e-01
1.459127068520000015e-01,4.472779929637908936e-01
3.949534893039999828e-01,3.253335058689117432e-01
9.678409695629999199e-01,4.543885588645935059e-01
7.839220166210000285e-01,7.876678109169006348e-01
8.333759903910000766e-01,6.126396059989929199e-01
9.723259806630000224e-01,7.609738111495971680e-01
6.905210018160000685e-01,9.370020031929016113e-01
1.345324039460000121e+00,7.620446681976318359e-01
7.227010130879999439e-01,1.240692496299743652e+00
6.804850101469999135e-01,7.474943995475769043e-01
7.610610127449999318e-01,8.258973360061645508e-01
8.075709938999999782e-01,8.852619528770446777e-01
5.886639952659999953e-01,8.696833252906799316e-01
9.960750937460000065e-01,6.630109548568725586e-01
1.045413970949999882e+00,9.743745923042297363e-01
4.713059961800000752e-01,9.575378298759460449e-01
1.047140955920000005e+00,5.814387798309326172e-01
1.126214265820000060e+00,1.075221419334411621e+00
2.560461759570000329e+00,1.052230000495910645e+00
7.747610211370000721e-01,2.003135919570922852e+00
7.172060012819999608e-01,6.928414702415466309e-01
8.005080223080000001e-01,1.063378572463989258e+00
5.680390000339999856e-01,1.138762116432189941e+00
1.195780038829999947e+00,8.269453644752502441e-01
7.970449924470000003e-01,1.112999677658081055e+00
4.899359941480000979e-01,7.619475126266479492e-01
9.918130040170001216e-01,6.384130120277404785e-01
7.445690035819999553e-01,1.035308361053466797e+00
6.096370220180000743e-01,7.805066108703613281e-01
8.565919995309999591e-01,6.884416937828063965e-01
8.144299983980000102e-01,8.880200982093811035e-01
7.605929970739999657e-01,8.280230164527893066e-01
9.157519936559999074e-01,7.812789082527160645e-01
7.421634793279999753e-01,9.118895530700683594e-01
7.329360246660000522e-01,7.887505292892456055e-01
8.745691180230000805e-01,8.054988980293273926e-01
9.644910097120000803e-01,9.009068608283996582e-01
1.477671980859999845e+00,9.349859356880187988e-01
6.752679944040000937e-01,1.273827910423278809e+00
5.030400156970000758e-01,7.099123001098632812e-01
7.066659927370000371e-01,7.586932182312011719e-01
2.968195915220000369e+00,9.051012992858886719e-01
1.255300998690000114e+00,2.335552692413330078e+00
4.084815025330000182e+00,8.695214390754699707e-01
1.692322969440000158e+00,3.229784250259399414e+00
4.121052026750000041e-01,1.503942251205444336e+00
1.035750985149999970e+00,1.137822628021240234e+00
6.408920288089999806e-01,1.674895167350769043e+00
7.065470218660000468e-01,1.108445882797241211e+00
1.060830354689999977e+00,8.380755782127380371e-01
1.880954027180000265e+00,1.004774332046508789e+00
1.886373996729999947e+00,1.533395528793334961e+00
1.328773975370000082e+00,1.471062898635864258e+00
3.931840062139999592e-01,1.244967699050903320e+00
6.382430195809999374e-01,8.218630552291870117e-01
1.045531988140000035e+00,1.089300990104675293e+00
6.588029861449999913e-01,1.154173254966735840e+00
8.046740293499999863e-01,6.847674846649169922e-01
8.740410208700001293e-01,8.214840292930603027e-01
8.532550334930000258e-01,8.924919366836547852e-01
8.952109813690000140e-01,8.669210672378540039e-01
7.301589846610000434e-01,8.924128413200378418e-01
4.149410128589999802e-01,7.975969910621643066e-01
2.700940072540000125e-01,6.081268787384033203e-01
4.911319911479999356e-01,5.261396765708923340e-01
5.079169869420000483e-01,6.323748230934143066e-01
1.224020004270000017e+00,5.429826378822326660e-01
1.267657995220000222e+00,1.002299547195434570e+00
2.633487939829999736e+00,9.844512939453125000e-01
3.999615430830000040e+00,2.012983798980712891e+00
6.651418209080000032e+00,2.934483051300048828e+00
2.102678060530000170e+00,4.852108955383300781e+00
1.283689975739999989e+00,1.839157700538635254e+00
1.291347503659999951e+00,2.378908395767211914e+00
1.353754043579999733e+00,2.470789432525634766e+00
2.390191078189999985e+00,1.983283281326293945e+00
1.461441040039999972e+00,2.116187095642089844e+00
1.599208951000000045e+00,1.314046382904052734e+00
1.471150994300000070e+00,1.625817775726318359e+00
1.298205018039999992e+00,1.582617521286010742e+00
1.579622030259999921e+00,1.447026848793029785e+00
1.360355019570000268e+00,1.575926780700683594e+00
8.036410212519999874e-01,1.373499631881713867e+00
4.276689887049999750e-01,1.010122895240783691e+00
2.694070041180000041e-01,8.110759258270263672e-01
3.897170126439999938e-01,6.684346199035644531e-01
4.179170131680000067e-01,6.183489561080932617e-01
1.546036005019999937e+00,5.003235936164855957e-01
1.017611026760000037e+00,1.219189047813415527e+00
8.653150200839999640e-01,7.576301693916320801e-01
6.194109916690000439e-01,8.533295392990112305e-01
8.454149961469999974e-01,8.109036684036254883e-01
8.048596382139999728e-01,9.931838512420654297e-01
1.435889005660000217e+00,8.443577885627746582e-01
2.565752029420000024e+00,1.251656770706176758e+00
6.206179142000000759e+00,1.968016386032104492e+00
9.309499859810000943e-01,4.446541309356689453e+00
9.077759981159999603e-01,6.986633539199829102e-01
4.609797894950000141e-01,1.886417627334594727e+00
5.264570117000000327e-01,1.604063987731933594e+00
7.942249774930000283e-01,1.222814798355102539e+00
9.704009890559999185e-01,8.485583662986755371e-01
6.695889830590000535e-01,8.799628019332885742e-01
6.997730135920000594e-01,6.590865850448608398e-01
6.903669834139999351e-01,7.758280038833618164e-01
6.361600160600000553e-01,7.820822596549987793e-01
9.726700186730000697e-01,7.202615737915039062e-01
6.393389701839999884e-01,9.301024079322814941e-01
5.123779773709999930e-01,6.661671400070190430e-01
5.699130296709999932e-01,6.431738138198852539e-01
8.318089842800000522e-01,7.012662887573242188e-01
4.694110155110000071e-01,8.389078974723815918e-01
9.054309725759999150e-01,5.247826576232910156e-01
8.482750058169999940e-01,8.835671544075012207e-01
6.566630005839999562e-01,8.049958348274230957e-01
6.324055790899999474e-01,6.999782919883728027e-01
3.268550038340000130e-01,7.287520170211791992e-01
3.047409951689999952e-01,5.322771668434143066e-01
2.159480005499999911e-01,5.105386376380920410e-01
2.148479968310000043e-01,3.960194885730743408e-01
1.512310057880000003e-01,3.533470630645751953e-01
4.153338372709999837e-01,2.694090306758880615e-01
7.344200015070000420e-01,4.389795064926147461e-01
9.913370013240000445e-01,6.136616468429565430e-01
7.910000085830000138e-01,7.775722742080688477e-01
7.429170012469999973e-01,6.878387331962585449e-01
7.426548600200000294e-01,7.766531705856323242e-01
8.799139857289999256e-01,8.250937461853027344e-01
7.376829981800000491e-01,9.057840704917907715e-01
1.240342974660000097e+00,7.704089879989624023e-01
8.343409895899999151e-01,1.136794924736022949e+00
3.054729998110000122e-01,8.166449666023254395e-01
8.929460048680001316e-01,5.477260351181030273e-01
1.285866022110000007e+00,1.012623190879821777e+00
4.146400094030000538e-01,1.148025035858154297e+00
1.090137004850000091e+00,4.672036170959472656e-01
5.923830270769999684e-01,1.097468256950378418e+00
3.773260116580000045e-01,7.053642272949218750e-01
2.693597316740000469e+00,5.900768041610717773e-01
2.288666009900000020e+00,2.151137113571166992e+00
8.955270051960001476e-01,1.620207428932189941e+00
8.070570230480000884e-01,8.975420594215393066e-01
1.194862961769999954e+00,1.253483772277832031e+00
8.929409980769997812e-01,1.518517851829528809e+00
9.776080250740000199e-01,1.013722658157348633e+00
1.832507014270000179e+00,1.003301620483398438e+00
1.403792977329999747e+00,1.592267990112304688e+00
7.223749756810000644e-01,1.217478394508361816e+00
6.599410176280000595e-01,8.805820345878601074e-01
7.407349944109999917e-01,9.907417893409729004e-01
5.553659796709999874e-01,9.869906902313232422e-01
1.236768960949999885e+00,7.032442688941955566e-01
6.214020252229999208e-01,1.121791362762451172e+00
7.108730077739999764e-01,6.229539513587951660e-01
3.064779937269999643e-01,8.028288483619689941e-01
6.473349928859999380e-01,5.336640477180480957e-01
5.458269715310000159e-01,7.834325432777404785e-01
1.024247765539999966e+00,5.924782156944274902e-01
8.176820278170000567e-01,9.133524298667907715e-01
7.440620064740001149e-01,7.296273708343505859e-01
7.367150187490000279e-01,7.710692882537841797e-01
5.768560171130000525e-01,8.119946718215942383e-01
9.152600169179998524e-01,7.078251242637634277e-01
1.137029051779999911e+00,9.223694205284118652e-01
4.960080087179999930e-01,1.014008522033691406e+00
4.941360056399998757e-01,5.715754628181457520e-01
8.834533095360000976e-01,6.962020397186279297e-01
1.271524906160000024e+00,9.496194124221801758e-01
8.864369988439999570e-01,1.098882436752319336e+00
8.988280296330001251e-01,7.851734757423400879e-01
9.049779772759999341e-01,9.351226687431335449e-01
8.299319744109999730e-01,9.868842363357543945e-01
8.756300210950000995e-01,9.138319492340087891e-01
5.502920150760000073e-01,9.197569489479064941e-01
1.073919415470000027e+00,6.879945397377014160e-01
8.491920232770000521e-01,1.069489479064941406e+00
6.393229961399998773e-01,8.288786411285400391e-01
7.995309829709998928e-01,7.239518761634826660e-01
9.646000266079999275e-01,8.763734102249145508e-01
8.413559794430000016e-01,9.623510837554931641e-01
7.011449933050000194e-01,8.286792635917663574e-01
7.240070104600000445e-01,7.700682878494262695e-01
1.010308027270000020e+00,8.242050409317016602e-01
6.538060307499999890e-01,9.965740442276000977e-01
7.932850122450000319e-01,6.968788504600524902e-01
6.538396477699999210e-01,8.504372835159301758e-01
1.160789966579999888e+00,7.460176348686218262e-01
8.085789680480000019e-01,1.091911077499389648e+00
3.743770122530000188e-01,7.761058807373046875e-01
2.556999921800000020e-01,5.671920180320739746e-01
4.893150031570000502e-01,5.516663193702697754e-01
1.151844024660000132e+00,6.638033390045166016e-01
7.372779846189999597e-01,9.799129366874694824e-01
1.088750958439999916e+00,6.031749844551086426e-01
1.975852966309999514e+00,9.839347004890441895e-01
8.547700047490001118e-01,1.625903248786926270e+00
7.977370023729999371e-01,8.148905038833618164e-01
1.052428960799999924e+00,1.006052017211914062e+00
3.179450988770000208e+00,1.219041824340820312e+00
1.797067999840000319e+00,2.555052995681762695e+00
1.056702017779999947e+00,1.318977236747741699e+00
8.751260042189999977e-01,1.232800960540771484e+00
6.645399928090000019e-01,1.359344959259033203e+00
7.571684122089999969e-01,1.137259483337402344e+00
1.368484020229999931e+00,9.588675498962402344e-01
9.052469730380000579e-01,1.246396064758300781e+00
1.032060980800000083e+00,8.340779542922973633e-01
6.141330003739999821e-01,1.031096935272216797e+00
9.733130335809998535e-01,7.818092703819274902e-01
6.452289819719999597e-01,1.066399693489074707e+00
4.894390106200000035e-01,7.378702163696289062e-01
8.408679962160000576e-01,6.542978882789611816e-01
7.771940231319999226e-01,8.860458731651306152e-01
6.755350232119999854e-01,7.738271355628967285e-01
6.592059731480000018e-01,6.984906792640686035e-01
1.084153056139999904e+00,7.288240194320678711e-01
9.314100146289999715e-01,1.029113650321960449e+00
1.359479665760000122e+00,8.610195517539978027e-01
7.633988261220000515e-01,1.203543543815612793e+00
5.357339978220000409e-01,8.023788928985595703e-01
6.781889796259998882e-01,7.716622948646545410e-01
7.839810252189999273e-01,8.717897534370422363e-01
1.169367671010000054e+00,8.527356386184692383e-01
1.015287995340000027e+00,1.031578660011291504e+00
9.259430170060000131e-01,9.024120569229125977e-01
1.319244027140000108e+00,9.303337335586547852e-01
9.717460274700000511e-01,1.255838751792907715e+00
1.176299691200000108e+00,9.833025336265563965e-01
1.714609026910000056e+00,1.173437118530273438e+00
1.307337045669999975e+00,1.531620144844055176e+00
6.186890006069999393e-01,1.208824753761291504e+00
2.298435926440000276e+00,8.427474498748779297e-01
1.808241009709999902e+00,2.103848457336425781e+00
8.794149756429999742e-01,1.523919105529785156e+00
1.570945024490000064e+00,9.851005673408508301e-01
1.578516006470000121e+00,1.677771687507629395e+00
6.200309991839999535e-01,1.595738768577575684e+00
9.928810000419999726e-01,8.305772542953491211e-01
4.551869928839999413e-01,1.198628067970275879e+00
1.017398953439999865e+00,7.514584064483642578e-01
8.378469943999999892e-01,1.083298087120056152e+00
4.884769916529999589e-01,8.144047856330871582e-01
1.246340990070000210e+00,6.125124096870422363e-01
1.209630966189999990e+00,1.175715804100036621e+00
1.252451062200000020e+00,1.062190532684326172e+00
1.519726991650000025e+00,1.111430168151855469e+00
1.063797950739999942e+00,1.367186546325683594e+00
1.571495056150000069e+00,1.099995851516723633e+00
1.278105020519999968e+00,1.522758722305297852e+00
1.192077994349999948e+00,1.267374873161315918e+00
8.304439187050000060e-01,1.249846816062927246e+00
1.402015686039999931e+00,1.014351963996887207e+00
1.156504034999999986e+00,1.430133938789367676e+00
1.162554860120000200e+00,1.127278804779052734e+00
6.007519960399999581e-01,1.157211542129516602e+00
1.253835797310000055e+00,8.007067441940307617e-01
1.791844010350000183e+00,1.314223885536193848e+00
1.734062552449999961e+00,1.533732533454895020e+00
4.939970970150000085e+00,1.429664611816406250e+00
2.394351005549999911e+00,3.731961250305175781e+00
2.212575912479999740e+00,1.826431632041931152e+00
1.886527061460000043e+00,2.353626251220703125e+00
9.343829751010001017e-01,2.336521625518798828e+00
9.099829792980000942e-01,1.609826564788818359e+00
8.112999796870000724e-01,1.381250858306884766e+00
1.049708962440000004e+00,1.143642187118530273e+00
1.351788043980000076e+00,1.137341737747192383e+00
1.277305960659999906e+00,1.217330217361450195e+00
7.854449748989998925e-01,1.147226572036743164e+00
4.846229851250000165e-01,8.826188445091247559e-01
6.676359772680000582e-01,7.852244377136230469e-01
8.322510123249999836e-01,8.979475498199462891e-01
5.959370136259999340e-01,8.766110539436340332e-01
3.410890102390000123e-01,6.308274865150451660e-01
6.860110163689999707e-01,5.014507174491882324e-01
8.153510093690000682e-01,7.733911871910095215e-01
3.985430002210000322e-01,7.775439023971557617e-01
6.998159885410000225e-01,4.623634815216064453e-01
4.263690114019999533e-01,7.515707612037658691e-01
6.866139769550000382e-01,5.385185480117797852e-01
1.826770007609999913e-01,7.255451083183288574e-01
7.018824815749999946e-01,3.346243798732757568e-01
1.796682000159999681e+00,7.521233558654785156e-01
7.204269766809999753e-01,1.402560234069824219e+00
4.680640101429999755e-01,5.705665946006774902e-01
6.408870220180000743e-01,6.699984073638916016e-01
7.520520091060001189e-01,8.933357596397399902e-01
1.001817584040000098e+00,8.607681393623352051e-01
1.660804033279999814e+00,9.025157094001770020e-01
1.450595021250000061e+00,1.341756820678710938e+00
1.085010051729999869e+00,1.196032643318176270e+00
1.099555015560000015e+00,1.092129349708557129e+00
7.694180011750000325e-01,1.235128998756408691e+00
1.254430413249999932e+00,9.961097240447998047e-01
1.496320962910000052e+00,1.284749984741210938e+00
7.186369895940000196e-01,1.334182381629943848e+00
8.902019858359999649e-01,7.882944345474243164e-01
9.891759753229999452e-01,1.052452683448791504e+00
2.849014520649999938e+00,1.094186663627624512e+00
4.281075000759999583e+00,2.276869535446166992e+00
1.248739004139999942e+00,3.048407316207885742e+00
7.096589803699999699e-01,1.074408531188964844e+00
7.497439980509998936e-01,1.473919630050659180e+00
8.907449841499999188e-01,1.582671642303466797e+00
1.469527959819999952e+00,1.287678837776184082e+00
1.608888030049999918e+00,1.304441213607788086e+00
1.043460965159999976e+00,1.315648913383483887e+00
1.184751033780000018e+00,1.009210944175720215e+00
5.063725113870000127e-01,1.276378750801086426e+00
6.946156024930000283e-01,8.107745647430419922e-01
9.299110174179998634e-01,9.480026960372924805e-01
7.754629850390000190e-01,9.820261597633361816e-01
8.564696311949999696e-01,7.856775522232055664e-01
9.269009828569999554e-01,8.500137925148010254e-01
7.506660223010001021e-01,9.243679046630859375e-01
9.248849749570000611e-01,8.052393794059753418e-01
1.070162653919999984e+00,9.470215439796447754e-01
8.752880096439998869e-01,1.026470541954040527e+00
7.511039972310000756e-01,8.796876668930053711e-01
8.627579808239999037e-01,8.417336940765380859e-01
5.096570253369999692e-01,9.446452856063842773e-01
8.495249748229999343e-01,6.635901927947998047e-01
6.711369752879999817e-01,9.051908254623413086e-01
6.132180094720000030e-01,7.159075736999511719e-01
3.810549974440000098e-01,6.902343034744262695e-01
8.710420131680000067e-01,5.372732877731323242e-01
6.540319919589999698e-01,8.891193270683288574e-01
9.089673757550000843e-01,6.424703001976013184e-01
9.709029793739999414e-01,8.530675172805786133e-01
9.856920242310001079e-01,8.978229165077209473e-01
1.356256246570000101e+00,9.428076744079589844e-01
1.309872984889999925e+00,1.218851923942565918e+00
6.344919800760000506e-01,1.185783267021179199e+00
5.933508276940000492e-01,7.823749780654907227e-01
8.796380162239999523e-01,8.724576830863952637e-01
1.131836414339999930e+00,1.019833207130432129e+00
1.841274023059999765e+00,1.052302122116088867e+00
2.261745929719999992e+00,1.474425435066223145e+00
2.597975969309999744e+00,1.760521173477172852e+00
2.399192094800000064e+00,2.093145608901977539e+00
1.982298016549999931e+00,2.103734254837036133e+00
2.269547939300000206e+00,2.006135225296020508e+00
2.017889976500000238e+00,2.310719728469848633e+00
1.452262043950000026e+00,2.067940473556518555e+00
1.342797994609999934e+00,1.654276371002197266e+00
1.311915040020000145e+00,1.611215233802795410e+00
1.276762008670000226e+00,1.526216268539428711e+00
1.275267004970000118e+00,1.383207201957702637e+00
1.210446000100000141e+00,1.313139915466308594e+00
8.153480291369999966e-01,1.250476002693176270e+00
7.271119952200000291e-01,9.799935817718505859e-01
6.043019890790000126e-01,9.477692842483520508e-01
9.830358624459999417e-01,8.176889419555664062e-01
1.101529002189999940e+00,1.011135339736938477e+00
1.183724999429999869e+00,9.914983510971069336e-01
4.356400072569999726e-01,1.052429795265197754e+00
3.270040154459999959e-01,5.971052646636962891e-01
8.039849996569999879e-01,6.585596203804016113e-01
4.216859936710000145e-01,9.290910363197326660e-01
5.734559893609999515e-01,5.048348307609558105e-01
3.959457874300000291e-01,6.171259284019470215e-01
4.163750112060000119e-01,4.988821148872375488e-01
5.603970289230000290e-01,5.331776738166809082e-01
7.749050259590000156e-01,5.965422987937927246e-01
6.370840072629999629e-01,7.171869277954101562e-01
3.839260041709999793e-01,6.065698862075805664e-01
5.648739933969999516e-01,4.974484741687774658e-01
1.054715037350000051e+00,6.736361980438232422e-01
6.537709832190000681e-01,9.578319787979125977e-01
5.931029915809999942e-01,6.078284978866577148e-01
1.022608995439999946e+00,6.682411432266235352e-01
8.359869718549999273e-01,1.008094906806945801e+00
6.375340223309999832e-01,8.166845440864562988e-01
9.755985140799999789e-01,7.046412825584411621e-01
4.898079931740000337e-01,9.905360341072082520e-01
1.098647952079999879e+00,6.158123016357421875e-01
1.151165962220000116e+00,1.068475723266601562e+00
8.061249852179999120e-01,1.022549748420715332e+00
4.744769930839999872e-01,8.100397586822509766e-01
7.896029949189999897e-01,6.736351847648620605e-01
4.762530028819999539e-01,9.420072436332702637e-01
5.455229878430000179e-01,6.132273674011230469e-01
6.212809681889999158e-01,6.461855769157409668e-01
7.707700133319999036e-01,6.717841625213623047e-01
9.337069988249999675e-01,7.550070881843566895e-01
8.110550045970000843e-01,8.417959213256835938e-01
6.005529761310000048e-01,7.776673436164855957e-01
1.002521038060000036e+00,6.953743100166320801e-01
8.921650052069998171e-01,1.012206435203552246e+00
9.160850048070000584e-01,8.704240918159484863e-01
7.413420081139999729e-01,9.006342887878417969e-01
9.283249974250000758e-01,8.085927963256835938e-01
6.429409980770000033e-01,9.749495983123779297e-01
9.950090050700001187e-01,7.365459799766540527e-01
6.271365880970000140e-01,1.000619530677795410e+00
1.038689017300000073e+00,6.961762309074401855e-01
6.888009905820000611e-01,1.025773048400878906e+00
5.214130282399999095e-01,7.331075072288513184e-01
6.510270237919999481e-01,6.779732704162597656e-01
1.159701943399999990e+00,7.702403068542480469e-01
6.456400156020000169e-01,1.068498373031616211e+00
1.195862650870000099e+00,6.274191141128540039e-01
1.304703950880000018e+00,1.114311814308166504e+00
8.844429850579998975e-01,1.164408445358276367e+00
7.697709798810000725e-01,8.994728326797485352e-01
7.702100276950000213e-01,9.122417569160461426e-01
6.418280005459999771e-01,9.411515593528747559e-01
8.937159776689999058e-01,7.871456742286682129e-01
5.247250199319999364e-01,9.151976704597473145e-01
5.142210125920000374e-01,6.151572465896606445e-01
7.172748446459999982e-01,6.543689966201782227e-01
6.410769820210000525e-01,7.763765454292297363e-01
4.689820110800000941e-01,6.707812547683715820e-01
1.203750014310000171e+00,5.505021214485168457e-01
7.911959886550000709e-01,1.086109519004821777e+00
1.136301159859999910e+00,7.217864394187927246e-01
8.642929792399999256e-01,1.048193812370300293e+00
8.814030289650001126e-01,8.772988915443420410e-01
5.817409753800000249e-01,9.594829678535461426e-01
8.651199936869999885e-01,7.378826737403869629e-01
9.078124761579999813e-01,9.515457153320312500e-01
7.377740144730000615e-01,8.965492844581604004e-01
1.120375037189999867e+00,7.657762765884399414e-01
9.422479867940000142e-01,1.062469244003295898e+00
1.060060024260000011e+00,9.170139431953430176e-01
7.158420085910000008e-01,1.036410093307495117e+00
4.040209949019999969e-01,8.131628632545471191e-01
2.920779883859999648e-01,6.568521261215209961e-01
6.317924261089999938e-01,5.731676220893859863e-01
1.124665260310000026e+00,7.372219562530517578e-01
1.115690946580000009e+00,9.477470517158508301e-01
1.247418999670000028e+00,8.871626853942871094e-01
6.976169943809999996e-01,1.075536131858825684e+00
3.693974971769999893e+00,7.936776876449584961e-01
8.204839825630000361e-01,2.946628332138061523e+00
8.573070168499999921e-01,6.580138206481933594e-01
6.902359724040000311e-01,1.248631834983825684e+00
8.385969996449998964e-01,1.188250303268432617e+00
1.287726998329999928e+00,1.150869011878967285e+00
9.632229804989999034e-01,1.162031650543212891e+00
1.343299984930000024e+00,8.928595781326293945e-01
7.316169738770000874e-01,1.241368055343627930e+00
6.809219717980000697e-01,8.330817818641662598e-01
7.014784216880000089e-01,8.941141366958618164e-01
6.698030233380000142e-01,8.702831268310546875e-01
1.365643024439999964e+00,7.830708622932434082e-01
9.781420230869999344e-01,1.197743415832519531e+00
6.786789894100000442e-01,8.617960810661315918e-01
5.976330041890000055e-01,7.747187614440917969e-01
8.193774819369999962e-01,8.053361177444458008e-01
7.911109924320000042e-01,9.339171648025512695e-01
1.044147372249999872e+00,8.032108545303344727e-01
1.400015950200000026e+00,9.637607932090759277e-01
8.748620152470000244e-01,1.203722596168518066e+00
6.228179931639999944e-01,8.573222756385803223e-01
7.164059877399998610e-01,8.152033090591430664e-01
6.523500084880000660e-01,9.184067249298095703e-01
9.379299879070001067e-01,7.900226712226867676e-01
5.936999917030000296e-01,9.149316549301147461e-01
5.393440127369999448e-01,6.374540925025939941e-01
9.370089769359999377e-01,6.665641665458679199e-01
8.087720274930000341e-01,9.386261105537414551e-01
5.654280185700000239e-01,7.806025147438049316e-01
6.020820140839999723e-01,6.350336074829101562e-01
1.146679997439999932e+00,7.235590815544128418e-01
9.824249744419999431e-01,1.078213572502136230e+00
5.671510100359999917e-01,8.693193197250366211e-01
7.866399884220000027e-01,6.507266759872436523e-01
7.388439774510000557e-01,9.058297872543334961e-01
6.810299754140000106e-01,8.288066983222961426e-01
7.086979746820000203e-01,7.416475415229797363e-01
6.642330288889999323e-01,7.561672925949096680e-01
5.124790072439999733e-01,7.291848063468933105e-01
6.040380001070000393e-01,6.208748817443847656e-01
6.728799939159999521e-01,6.915851831436157227e-01
8.265414834020000656e-01,7.075060009956359863e-01
4.546860158440000355e-01,7.886819839477539062e-01
5.594509840010000179e-01,5.297474861145019531e-01
1.332218050960000122e-01,6.738190650939941406e-01
1.633069962260000063e-01,3.605402112007141113e-01
1.797860413789999778e-01,3.930940330028533936e-01
5.747918486599999932e-01,3.337187767028808594e-01
8.508148789409999413e-01,5.485548377037048340e-01
8.527640104289999634e-01,6.650704145431518555e-01
1.687628030779999788e+00,6.904835700988769531e-01
2.149522066120000297e+00,1.349380850791931152e+00
8.122850060459999577e-01,1.661759853363037109e+00
1.239639997479999867e+00,8.283351659774780273e-01
2.128437280650000041e+00,1.429079651832580566e+00
2.139239072800000141e+00,1.990693807601928711e+00
9.779880046840000452e-01,1.797657847404479980e+00
6.937779784199998856e-01,1.047898650169372559e+00
7.218790054320000094e-01,1.142663240432739258e+00
7.631160020829999002e-01,1.138913035392761230e+00
8.565329909319999713e-01,9.566701054573059082e-01
1.109338045120000116e+00,8.695982694625854492e-01
6.476340293879999654e-01,1.015284895896911621e+00
9.241870045659998922e-01,6.968885660171508789e-01
7.877320051189998784e-01,9.767478704452514648e-01
1.305567026139999864e+00,8.505299687385559082e-01
9.107710123059999940e-01,1.200296282768249512e+00
8.699640035629999657e-01,8.659778237342834473e-01
5.743020176890000217e-01,9.412110447883605957e-01
8.599532246590000373e-01,7.645356655120849609e-01
4.775849878790000003e-01,9.698514938354492188e-01
1.108017444610000179e+00,6.065008640289306641e-01
1.290724992749999966e+00,1.056168556213378906e+00
8.591579794879999898e-01,1.091844081878662109e+00
3.058980107309999807e-01,8.211572766304016113e-01
9.039019942279999942e-01,5.713911056518554688e-01
6.352750062940000220e-01,1.064040780067443848e+00
1.023422956470000145e+00,7.121163010597229004e-01
6.730669736859999919e-01,9.470621943473815918e-01
8.504790067669999454e-01,6.805967688560485840e-01
5.141969919200000128e-01,8.936519622802734375e-01
1.527956604959999964e+00,6.418836712837219238e-01
4.094385623930000051e+00,1.365584015846252441e+00
9.952359795569999390e-01,2.982815742492675781e+00
8.670449852940000923e-01,6.936215162277221680e-01
1.141056060789999993e+00,1.348997116088867188e+00
1.622257947919999888e+00,1.653764247894287109e+00
1.980204939840000566e+00,1.712414979934692383e+00
1.375547051430000112e+00,1.626113414764404297e+00
1.851865053180000054e+00,1.264241337776184082e+00
1.420923948290000016e+00,1.785186290740966797e+00
1.589177966120000285e+00,1.477179288864135742e+00
1.673199415210000041e+00,1.627177953720092773e+00
2.123934030530000072e+00,1.636700510978698730e+00
1.648401975629999905e+00,1.933401942253112793e+00
1.204741954800000014e+00,1.560643076896667480e+00
7.920839786529999538e-01,1.384168744087219238e+00
1.227027416229999890e+00,1.168446779251098633e+00
1.226951003070000157e+00,1.423633813858032227e+00
1.131343960759999989e+00,1.224247813224792480e+00
1.252465009690000075e+00,1.104406595230102539e+00
1.116891980170000132e+00,1.224165081977844238e+00
1.122387051579999850e+00,1.149103522300720215e+00
1.040153026579999862e+00,1.165267109870910645e+00
8.091310262680000420e-01,1.103016734123229980e+00
7.681059837340000751e-01,9.452579617500305176e-01
7.982919812199998910e-01,9.190145730972290039e-01
7.666722536090000428e-01,9.050615429878234863e-01
1.057360053060000027e+00,8.335490822792053223e-01
8.607699871060000563e-01,1.010247111320495605e+00
1.070777058600000053e+00,8.456885814666748047e-01
5.301510095600000527e-01,1.038819193840026855e+00
6.604189872739999467e-01,6.698644161224365234e-01
9.909179806709998983e-01,8.321171402931213379e-01
3.561530113220000016e-01,9.954098463058471680e-01
9.618239998820000691e-01,4.844729900360107422e-01
1.244829058649999931e+00,9.667334556579589844e-01
8.381230235100001202e-01,1.088972330093383789e+00
9.245989918709998090e-01,7.879548072814941406e-01
8.131660223010001021e-01,9.536409378051757812e-01
1.003061056139999963e+00,9.196033477783203125e-01
8.752340078350000496e-01,1.033550858497619629e+00
7.991399765009998823e-01,8.915770649909973145e-01
8.812961578369999938e-01,8.653210997581481934e-01
1.063080191609999892e+00,9.322746992111206055e-01
9.057049751279999672e-01,1.036972045898437500e+00
6.909559965129999926e-01,8.986480832099914551e-01
1.355970025060000195e+00,7.949688434600830078e-01
7.572399973869999856e-01,1.283921003341674805e+00
2.043754577640000125e+00,7.809237837791442871e-01
8.576130270960000690e-01,1.741967439651489258e+00
2.364957094190000220e+00,8.244078159332275391e-01
4.179231166840000178e+00,2.080008983612060547e+00
2.233561992649999883e+00,3.194063663482666016e+00
8.013390302660000630e-01,1.786134123802185059e+00
8.372840285299999463e-01,1.340131878852844238e+00
8.851529955859999133e-01,1.679788351058959961e+00
9.040349721909999303e-01,1.428207755088806152e+00
1.302939534190000082e+00,1.034801840782165527e+00
7.228699922560000157e-01,1.183366775512695312e+00
8.009120225910000279e-01,7.633369565010070801e-01
1.032919287679999965e+00,9.266097545623779297e-01
1.321628212929999879e+00,1.071370720863342285e+00
9.367759823799999275e-01,1.202798843383789062e+00
7.007700204850000336e-01,8.984287977218627930e-01
7.624319791789999634e-01,8.517807722091674805e-01
1.144938945770000105e+00,9.363025426864624023e-01
7.721610069269999599e-01,1.131620168685913086e+00
8.772150278090000697e-01,7.771092057228088379e-01
1.243505001070000171e+00,9.171457886695861816e-01
6.381840109830000385e-01,1.175801753997802734e+00
7.468199729919999807e-01,7.194209694862365723e-01
6.839929819109999976e-01,8.772601485252380371e-01
1.419505119320000119e+00,8.183909654617309570e-01
6.141470074649999500e-01,1.278626799583435059e+00
7.347676754000000976e-01,6.139386296272277832e-01
6.770560145379999062e-01,8.612092137336730957e-01
1.074026942249999950e+00,8.211269974708557129e-01
6.156389713290000287e-01,1.055459141731262207e+00
9.692379832269999440e-01,6.438694596290588379e-01
9.916120171550001361e-01,9.767631292343139648e-01
8.089560270310000023e-01,9.593234062194824219e-01
2.435143947599999859e+00,8.404046297073364258e-01
8.223479986189999869e-01,1.977881669998168945e+00
5.938220024110000272e-01,7.387912869453430176e-01
5.762249827380000466e-01,9.084089994430541992e-01
4.224239885809999429e-01,9.551864862442016602e-01
6.765879988670000511e-01,7.311763167381286621e-01
5.520349740979999531e-01,7.347871065139770508e-01
9.015229940410001142e-01,5.843911170959472656e-01
7.489960193629999763e-01,8.382531404495239258e-01
8.627583980560000754e-01,7.106318473815917969e-01
9.480749964710000199e-01,8.473861217498779297e-01
1.055613875389999956e+00,9.178653359413146973e-01
1.970020055770000278e+00,1.004307270050048828e+00
9.391199946399999554e-01,1.628623008728027344e+00
1.009042978289999892e+00,8.745160698890686035e-01
7.824029922490001177e-01,1.153243303298950195e+00
1.016265034679999957e+00,1.020457506179809570e+00
8.782749772069999850e-01,1.136897563934326172e+00
7.353619933130000064e-01,9.108192920684814453e-01
1.109990954399999952e+00,8.262916207313537598e-01
7.727199792860000027e-01,1.093273162841796875e+00
1.164981961250000086e+00,8.118875622749328613e-01
7.157210111620000426e-01,1.119905591011047363e+00
1.475479006770000101e+00,7.815588712692260742e-01
8.354520201680000202e-01,1.369175076484680176e+00
7.344660162930000125e-01,8.380368351936340332e-01
7.861927747729999805e-01,8.875620365142822266e-01
1.143465042110000107e+00,9.319589138031005859e-01
9.246990084650000830e-01,1.130899310111999512e+00
2.958764553069999970e+00,8.794292211532592773e-01
2.138324022289999959e+00,2.323776006698608398e+00
2.038712024690000124e+00,1.606084704399108887e+00
1.480209946629999829e+00,1.845870852470397949e+00
9.367650747299998137e-01,1.668993592262268066e+00
1.715939760209999942e+00,1.404724597930908203e+00
1.001402020450000041e+00,1.834639668464660645e+00
8.896229863169999863e-01,1.118284940719604492e+00
7.492939829829999843e-01,1.065809488296508789e+00
1.115183949470000213e+00,9.672639966011047363e-01
9.457820057870001129e-01,1.180043578147888184e+00
6.452180147170000213e-01,9.309411644935607910e-01
1.164842009540000056e+00,7.544126510620117188e-01
1.244351029399999975e+00,1.158969879150390625e+00
9.045109748840000075e-01,1.136640191078186035e+00
5.575259923929999362e-01,8.960142135620117188e-01
5.778343677520000332e-01,7.548344135284423828e-01
7.199835777280000348e-01,8.215803503990173340e-01
7.607790231700000128e-01,8.322572112083435059e-01
5.404400229450000426e-01,7.650052905082702637e-01
8.009672760959999360e-01,5.998938083648681641e-01
7.710149884220000027e-01,8.259633183479309082e-01
6.709719896319999988e-01,7.737274765968322754e-01
2.768970489500000021e+00,7.093713879585266113e-01
3.086133003230000060e+00,2.161684274673461914e+00
1.116358041760000086e+00,2.190854310989379883e+00
1.018260955809999979e+00,1.035145998001098633e+00
7.442610263819999794e-01,1.507162332534790039e+00
1.114386796949999869e+00,1.343845963478088379e+00
1.380516409870000238e+00,1.339620828628540039e+00
1.229098439219999950e+00,1.256432771682739258e+00
1.573238968849999919e+00,1.118783950805664062e+00
1.245597958560000107e+00,1.428672194480895996e+00
8.298619985580000247e-01,1.229628562927246094e+00
5.376980304720000436e-01,1.019777178764343262e+00
8.593800067899999284e-01,8.625691533088684082e-01
7.949647903440000274e-01,1.043642997741699219e+00
8.122889995569999577e-01,8.425337076187133789e-01
1.209460973739999945e+00,8.153963088989257812e-01
1.043611049649999956e+00,1.097813487052917480e+00
9.914460182190000248e-01,9.681150317192077637e-01
1.377645969390000058e+00,9.913591146469116211e-01
7.495359778399999229e-01,1.301056861877441406e+00
7.549669742579999676e-01,8.420033454895019531e-01
8.522210121150000095e-01,9.289221167564392090e-01
1.312628030780000010e+00,9.753333330154418945e-01
9.499999880790001017e-01,1.219890475273132324e+00
8.433979749680000637e-01,8.829940557479858398e-01
6.329939961430000039e-01,9.147509336471557617e-01
6.848490238189999246e-01,8.183632493019104004e-01
8.296039700509999504e-01,8.487731814384460449e-01
1.117776036259999994e+00,8.688247203826904297e-01
1.060515046120000138e+00,1.014873027801513672e+00
9.966710209849999336e-01,9.532115459442138672e-01
6.726049780850000825e-01,9.752863049507141113e-01
8.499810099600000335e-01,8.116353154182434082e-01
7.929700016980000266e-01,9.736222028732299805e-01
7.509549856190000927e-01,8.657045960426330566e-01
9.556260704989999466e-01,8.082877993583679199e-01
6.085839867589999397e-01,9.421007633209228516e-01
7.782499790189999489e-01,6.892789602279663086e-01
5.098140239720000411e-01,8.505765199661254883e-01
6.364319920540000286e-01,6.387414932250976562e-01
6.015599966049999248e-01,7.366888523101806641e-01
6.556333899499999784e-01,6.637999415397644043e-01
6.385549902920000243e-01,6.934052705764770508e-01
8.762890100480000832e-01,6.673859357833862305e-01
7.967479825020000739e-01,8.426621556282043457e-01
6.824830174449999509e-01,7.685158848762512207e-01
8.025500178340000401e-01,7.287564873695373535e-01
7.950311899190000142e-01,8.462951183319091797e-01
1.584897041320000088e+00,8.258075714111328125e-01
1.017485976220000143e+00,1.352329134941101074e+00
9.177780151369999695e-01,8.969651460647583008e-01
1.230221033100000083e+00,9.861941337585449219e-01
1.027899026870000121e+00,1.260343432426452637e+00
9.125559926030000213e-01,1.067787647247314453e+00
7.935979962350000472e-01,9.777497649192810059e-01
1.030437946320000187e+00,9.230496287345886230e-01
5.325379967690000438e-01,1.080086112022399902e+00
6.127780079839999505e-01,6.694506406784057617e-01
8.741289973260000234e-01,7.718536257743835449e-01
3.667230010029999820e-01,9.086512923240661621e-01
7.391750216480000857e-01,4.942641854286193848e-01
5.604230165479999748e-01,7.943343520164489746e-01
7.758178114889999755e-01,6.242375373840332031e-01
8.102909922600001202e-01,7.779231667518615723e-01
6.437510252000000488e-01,7.698627710342407227e-01
7.236457467079999706e-01,6.852087378501892090e-01
9.113870263100001257e-01,7.760476469993591309e-01
6.627830266949999993e-01,9.009618759155273438e-01
1.002035975460000117e+00,7.011210918426513672e-01
8.224419951440000709e-01,9.742454886436462402e-01
1.030576944350000135e+00,8.261986970901489258e-01
6.781139969830000114e-01,1.003455042839050293e+00
5.333459973340000104e-01,7.519857883453369141e-01
3.209959864620000047e-01,7.161028981208801270e-01
7.608630061149999069e-01,5.604860782623291016e-01
7.439860105509998878e-01,8.284824490547180176e-01
5.468400120740000148e-01,6.959592700004577637e-01
7.004669904709999173e-01,5.699759125709533691e-01
8.356525897980000561e-01,7.384355068206787109e-01
1.274258971210000091e+00,8.293078541755676270e-01
8.934450149539999719e-01,1.100266575813293457e+00
6.211659908290000365e-01,8.198184370994567871e-01
7.900159955019999680e-01,7.581027150154113770e-01
1.067494988440000014e+00,9.327679872512817383e-01
6.698009967800000464e-01,1.056356549263000488e+00
1.265694975850000015e+00,7.024103999137878418e-01
6.380620002750000408e-01,1.178382635116577148e+00
9.348030090330000652e-01,7.058090567588806152e-01
8.006410002709999363e-01,1.002365946769714355e+00
1.085708975790000030e+00,8.638036251068115234e-01
3.527039885520000251e-01,1.063704133033752441e+00
5.883709788319999578e-01,5.111132264137268066e-01
4.875420033929999120e-01,7.825942039489746094e-01
4.636880159380000199e-01,6.368947029113769531e-01
3.637039959430000136e-01,5.728979706764221191e-01
8.750243186949999696e-01,4.654781520366668701e-01
6.435279846190000708e-01,8.249394297599792480e-01
4.834130108360000233e-01,5.937126874923706055e-01
2.120890021319999930e-01,5.507181882858276367e-01
4.560469985010000560e-01,4.232984483242034912e-01
4.367910027499999903e-01,6.073246002197265625e-01
7.238804101939999569e-01,4.939571022987365723e-01
5.560690164570000205e-01,6.635070443153381348e-01
4.748429954049999679e-01,5.317417383193969727e-01
2.674640119080000100e-01,5.459138154983520508e-01
9.588437080380001198e-01,4.351334273815155029e-01
7.868980169300000549e-01,9.150928854942321777e-01
1.794360995290000149e+00,6.797878742218017578e-01
1.337677955630000026e+00,1.421011567115783691e+00
1.210453987120000185e+00,1.079121470451354980e+00
5.654799938200000264e-01,1.190049409866333008e+00
4.008429944520000565e-01,8.483039736747741699e-01
2.727654874320000200e-01,8.070622086524963379e-01
5.836449861529999783e-01,6.013727188110351562e-01
8.533802628519999711e-01,6.969929337501525879e-01
8.660610318179999823e-01,7.516755461692810059e-01
1.158349990839999899e+00,7.355862259864807129e-01
7.764859795569999390e-01,9.990836381912231445e-01
1.068807005880000105e+00,7.817040681838989258e-01
5.888479948040000744e-01,1.077375411987304688e+00
1.588868498799999918e+00,7.244020700454711914e-01
4.327859878540000205e-01,1.452561616897583008e+00
3.996030092239999942e-01,5.247048139572143555e-01
5.545349717140000134e-01,6.873832941055297852e-01
6.221979856490000849e-01,7.667180299758911133e-01
1.149551987649999996e+00,7.101764082908630371e-01
1.121260046960000034e+00,9.690870642662048340e-01
9.776459932329999436e-01,9.266756176948547363e-01
1.732741951940000025e+00,9.172346591949462891e-01
2.302707910540000125e+00,1.526098966598510742e+00
1.053477048870000043e+00,1.871247887611389160e+00
7.962800264360000435e-01,1.025276899337768555e+00
5.203329920770000117e-01,1.141638875007629395e+00
6.104800105090000262e-01,9.884306788444519043e-01
4.453057944770000276e-01,9.101801514625549316e-01
6.522138714790000069e-01,6.045212149620056152e-01
1.175541162490000069e+00,7.065806984901428223e-01
1.032202124599999937e+00,1.011144280433654785e+00
7.193930149079998948e-01,8.697807192802429199e-01
8.200139999390000378e-01,7.490292191505432129e-01
9.497330188750000568e-01,9.281549453735351562e-01
1.039114952089999822e+00,9.964024424552917480e-01
5.883830189700000046e-01,9.954851865768432617e-01
9.508559703829998488e-01,6.827909946441650391e-01
5.277600288389999728e-01,1.011582732200622559e+00
7.736063003540000205e-01,6.624427437782287598e-01
9.703559875489998765e-01,8.524461388587951660e-01
1.383889913560000018e+00,9.270910620689392090e-01
7.795230150220000542e-01,1.186074852943420410e+00
6.069999933240000090e-01,7.567272782325744629e-01
4.660570025440000097e-01,7.994219064712524414e-01
9.455270171170000459e-01,7.299526333808898926e-01
6.238729953770000280e-01,9.958595633506774902e-01
3.923240005969999555e-01,6.333997249603271484e-01
5.156549811360000568e-01,5.274581909179687500e-01
9.679385423660000765e-01,6.551175117492675781e-01
1.356565952299999989e+00,9.181857705116271973e-01
9.072690010070000310e-01,1.087996482849121094e+00
8.162760138510000152e-01,7.946977615356445312e-01
2.479866981509999846e+00,9.018349051475524902e-01
1.133080005649999888e+00,2.090631723403930664e+00
1.045583963389999926e+00,9.703994393348693848e-01
8.474370241169999485e-01,1.180734992027282715e+00
1.536522984499999911e+00,1.138477802276611328e+00
9.008989930149998715e-01,1.566561698913574219e+00
4.812009930610000596e-01,9.065124988555908203e-01
8.572540283199999722e-01,7.261977791786193848e-01
8.617479801180000232e-01,1.033562064170837402e+00
1.008694052699999899e+00,9.195241928100585938e-01
1.127727031710000105e+00,9.397243261337280273e-01
7.795569896699999779e-01,1.025422573089599609e+00
9.895502924920001053e-01,8.292486071586608887e-01
8.363329768179998958e-01,1.042026162147521973e+00
9.099559783939998869e-01,9.089139699935913086e-01
5.511059761050000061e-01,9.560229182243347168e-01
1.239764332770000088e+00,6.879178881645202637e-01
1.211838960649999963e+00,1.194589614868164062e+00
1.379981994630000042e+00,1.065502643585205078e+00
1.148460984229999982e+00,1.212945342063903809e+00
7.663900256160000035e-01,1.107659220695495605e+00
9.660840034479999394e-01,9.485550522804260254e-01
8.156750202179999798e-01,1.117529392242431641e+00
1.142272949220000111e+00,9.328386783599853516e-01
1.299479961400000105e+00,1.112967371940612793e+00
8.583310246469999516e-01,1.166372299194335938e+00
7.149469852449999996e-01,8.842223882675170898e-01
8.764400482179999230e-01,8.842262029647827148e-01
8.305460214609999836e-01,1.009992718696594238e+00
8.535240292550000385e-01,8.943920731544494629e-01
9.092410206789999227e-01,8.711298704147338867e-01
5.202720165249999917e-01,9.127776026725769043e-01
7.411040067669999454e-01,6.538625359535217285e-01
5.853319764140000325e-01,8.474603891372680664e-01
5.047770142559999673e-01,6.857517957687377930e-01
5.519493222240000607e-01,6.182985901832580566e-01
9.697520136830000137e-01,6.382904648780822754e-01
1.116515994070000017e+00,9.042153954505920410e-01
1.049844980239999837e+00,9.422990679740905762e-01
6.342629790310000404e-01,9.306393265724182129e-01
5.644329786300000817e-01,7.398307919502258301e-01
9.184709787370000100e-01,7.850195765495300293e-01
9.593539834020000656e-01,9.875115752220153809e-01
5.984159708020000412e-01,9.039851427078247070e-01
9.383450150489999197e-01,6.477352380752563477e-01
4.542250037189999867e-01,9.651563167572021484e-01
7.079470157619999204e-01,5.999769568443298340e-01
3.876500129699999575e-01,8.080800175666809082e-01
4.484339952470000057e-01,5.285212397575378418e-01
8.405709862710000202e-01,5.883648395538330078e-01
5.337110161779999862e-01,8.056368827819824219e-01
7.211350202559999589e-01,5.408236980438232422e-01
5.215386152269999576e-01,7.241781353950500488e-01
7.050759792330000275e-01,5.989724993705749512e-01
6.405649781229999506e-01,7.538041472434997559e-01
5.168589949609999623e-01,6.695302128791809082e-01
1.660409450529999997e+00,6.001803278923034668e-01
2.465307950970000217e+00,1.390445709228515625e+00
1.622156023979999917e+00,1.823586583137512207e+00
1.866270065310000170e+00,1.273899197578430176e+00
3.623536109919999415e+00,1.776431918144226074e+00
7.948709726329999947e-01,3.089331150054931641e+00
9.065989851950000400e-01,9.589519500732421875e-01
8.571879863740000660e-01,1.478739619255065918e+00
7.756379842759999477e-01,1.394036054611206055e+00
7.006700038909999817e-01,1.086724996566772461e+00
6.443409919740000769e-01,7.937688827514648438e-01
7.579550147059999077e-01,7.560957670211791992e-01
5.499600172040000068e-01,8.132401108741760254e-01
4.964669942859999408e-01,6.358829140663146973e-01
1.367677569390000070e+00,6.180856823921203613e-01
1.397894024850000250e+00,1.202406406402587891e+00
8.148130178450000427e-01,1.111739397048950195e+00
1.278898954390000009e+00,7.861499190330505371e-01
8.623980283740000363e-01,1.287261486053466797e+00
1.093865990639999897e+00,9.766973257064819336e-01
8.134710192680000285e-01,1.141394853591918945e+00
1.466687083240000078e+00,8.978902101516723633e-01
9.060310125349999577e-01,1.374654412269592285e+00
7.652140259739999006e-01,8.953814506530761719e-01
1.311033964160000176e+00,9.086970090866088867e-01
7.892500162119999718e-01,1.301198005676269531e+00
1.474902033810000068e+00,8.525803089141845703e-01
9.167850017550001063e-01,1.358747124671936035e+00
1.186140060420000086e+00,9.231899380683898926e-01
1.411391973500000008e+00,1.209587931632995605e+00
2.092472076419999993e+00,1.329072833061218262e+00
7.189220190049999681e-01,1.780202150344848633e+00
1.301861047739999888e+00,7.947062253952026367e-01
1.268974781040000055e+00,1.461875915527343750e+00
1.221997022629999874e+00,1.351490855216979980e+00
9.061110019680000960e-01,1.240698814392089844e+00
1.078873991970000112e+00,9.898272752761840820e-01
1.028025031089999874e+00,1.180365085601806641e+00
7.863690257070000689e-01,1.083108901977539062e+00
1.276852965350000035e+00,8.913903832435607910e-01
7.093420028689999546e-01,1.239492058753967285e+00
5.201929807659999572e-01,7.868375778198242188e-01
5.645610094070000473e-01,7.300044894218444824e-01
9.855200052259999177e-01,7.643661499023437500e-01
1.092841982840000004e+00,9.832453727722167969e-01
4.786899983879999709e-01,9.397789239883422852e-01
3.955059945579999514e-01,5.512931942939758301e-01
1.850703001020000071e+00,6.354172825813293457e-01
1.195796012879999815e+00,1.615633964538574219e+00
1.702510833739999896e+00,9.367975592613220215e-01
2.998351097109999586e+00,1.442190766334533691e+00
2.407080888749999925e+00,2.413946628570556641e+00
2.585943937299999718e+00,1.978989362716674805e+00
2.233839035029999920e+00,2.316974878311157227e+00
1.655773043629999997e+00,2.238491296768188477e+00
1.430611014370000156e+00,1.928066968917846680e+00
8.921740055079999676e-01,1.763065099716186523e+00
1.231696963309999893e+00,1.316493749618530273e+00
8.955079913140001624e-01,1.453641414642333984e+00
1.602033019070000064e+00,1.044092178344726562e+00
1.585399031639999956e+00,1.492798686027526855e+00
1.232059955600000034e+00,1.377767920494079590e+00
1.210371017459999976e+00,1.198980927467346191e+00
1.242141008379999967e+00,1.292999863624572754e+00
9.857040047650000858e-01,1.338749289512634277e+00
7.289689779279999726e-01,1.103491902351379395e+00
6.761519908910000876e-01,9.222225546836853027e-01
1.071573019029999907e+00,8.847115039825439453e-01
9.457439780239998983e-01,1.093319296836853027e+00
4.376370012759999706e-01,9.010520577430725098e-01
5.141820311550000522e-01,5.834815502166748047e-01
3.387190103530000052e-01,7.251161336898803711e-01
7.144280076029999593e-01,5.562730431556701660e-01
4.996199905870000180e-01,7.490539550781250000e-01
7.917379736899999854e-01,5.120135545730590820e-01
8.646243214609999894e-01,7.552970647811889648e-01
6.024960279459999901e-01,7.918812632560729980e-01
1.260069966320000123e+00,6.424174308776855469e-01
1.012339949610000067e+00,1.146962404251098633e+00
1.004528999329999950e+00,9.225400090217590332e-01
6.310235261919999727e-01,9.838861823081970215e-01
1.141221046449999887e+00,7.780660390853881836e-01
5.426099896430000014e-01,1.181975603103637695e+00
8.547459840769999762e-01,6.593816280364990234e-01
7.744219899179999311e-01,9.314979910850524902e-01
3.084340095520000102e-01,8.204993009567260742e-01
8.376209735870000506e-01,5.041615962982177734e-01
7.293469905850000767e-01,8.922536373138427734e-01
7.503905892370000830e-01,7.298021912574768066e-01
1.134822010990000019e+00,7.378829121589660645e-01
1.614240050320000064e+00,1.021571636199951172e+00
1.244793057440000128e+00,1.344525933265686035e+00
7.141630053519999466e-01,1.083659172058105469e+00
7.293040156360000026e-01,8.757554292678833008e-01
6.486989855770000091e-01,1.001397490501403809e+00
3.427990078929999962e-01,8.724092245101928711e-01
3.861860036850000011e-01,5.602899193763732910e-01
6.366299986840000535e-01,5.649436116218566895e-01
3.990480005740000280e-01,6.841344833374023438e-01
4.178859889509999870e-01,4.501693546772003174e-01
1.103790521619999909e+00,4.949568808078765869e-01
6.956189870829999622e-01,9.716392159461975098e-01
8.070139884950000564e-01,6.167648434638977051e-01
5.947690010070000310e-01,7.938719391822814941e-01
1.107607960700000005e+00,6.958907246589660645e-01
9.713580012320000012e-01,1.077940702438354492e+00
7.170349955560000321e-01,8.910109400749206543e-01
6.764810085300000386e-01,7.690445780754089355e-01
1.687772989270000190e+00,8.086685538291931152e-01
9.907569885250000485e-01,1.496837973594665527e+00
8.082039952280000161e-01,8.690092563629150391e-01
1.087718963619999979e+00,9.017576575279235840e-01
1.564818024639999861e+00,1.175844907760620117e+00
6.673809885979999912e-01,1.440811514854431152e+00
1.256489992140000123e+00,7.235842943191528320e-01
1.091886043549999963e+00,1.291928172111511230e+00
7.375509738919999725e-01,1.118241071701049805e+00
6.224380135540000802e-01,8.675236105918884277e-01
8.364729881290000613e-01,8.130225539207458496e-01
5.774260163309999916e-01,9.570626616477966309e-01
1.015761017800000054e+00,6.785299181938171387e-01
1.106158971790000001e+00,9.764249324798583984e-01
6.945540308949998964e-01,9.873367547988891602e-01
1.130903959270000092e+00,7.298734784126281738e-01
9.518219828609999489e-01,1.119124054908752441e+00
7.524570226669999862e-01,9.615100026130676270e-01
5.585229992869999993e-01,8.395083546638488770e-01
1.415836334229999771e+00,7.354508042335510254e-01
1.855298042299999839e+00,1.326155424118041992e+00
7.845479845999999702e-01,1.474924445152282715e+00
8.210539817810000862e-01,7.536441683769226074e-01
5.835890173909999978e-01,1.047349691390991211e+00
8.359720110889999889e-01,9.016509652137756348e-01
2.184663057329999880e+00,9.782251119613647461e-01
6.805480122570000123e-01,1.752578854560852051e+00
1.238904953000000031e+00,5.939717292785644531e-01
1.030328035349999949e+00,1.295219779014587402e+00
7.914109826090000022e-01,1.150569319725036621e+00
8.423720002169999832e-01,9.664365053176879883e-01
4.464710056780000769e-01,9.481309652328491211e-01
5.589337944979999584e-01,6.660382151603698730e-01
7.099329829220000221e-01,7.320671081542968750e-01
7.334340214730000751e-01,7.638711333274841309e-01
7.833399772640000647e-01,7.228538990020751953e-01
8.426809906959999985e-01,7.531445026397705078e-01
1.099761009220000085e+00,8.240585923194885254e-01
8.706315755840000614e-01,1.015663146972656250e+00
5.862460136410000411e-01,8.515786528587341309e-01
8.863990306849999223e-01,7.245853543281555176e-01
1.019399046900000050e+00,9.732442498207092285e-01
8.493610024450000129e-01,9.908537268638610840e-01
1.010666966439999870e+00,8.327109813690185547e-01
1.331516027449999973e+00,9.936981201171875000e-01
1.215008974079999859e+00,1.223805069923400879e+00
1.645591020579999952e+00,1.118195414543151855e+00
9.708780050280000351e-01,1.467483758926391602e+00
1.411272048950000135e+00,1.017294645309448242e+00
7.953929901119999313e-01,1.442818641662597656e+00
1.046331048010000098e+00,9.594088792800903320e-01
8.879339694979999642e-01,1.176916837692260742e+00
8.349300026890000836e-01,9.798081517219543457e-01
9.847199916839999290e-01,9.347171783447265625e-01
1.090394020079999970e+00,1.005363106727600098e+00
4.901649951929999416e-01,1.055457830429077148e+00
6.141669750209999279e-01,6.326643228530883789e-01
6.314740180969999894e-01,8.057598471641540527e-01
8.252440094949999860e-01,7.653462290763854980e-01
1.051450967789999913e+00,8.282653093338012695e-01
1.047114968300000060e+00,9.291625618934631348e-01
3.921430110930000379e-01,9.403113722801208496e-01
4.695149958129999912e-01,5.539979338645935059e-01
7.720900177959999500e-01,7.215788364410400391e-01
7.520099878309999264e-01,8.633723258972167969e-01
6.877393722529999698e-01,7.295475602149963379e-01
6.718119978899999012e-01,6.755540966987609863e-01
1.185933232310000029e+00,7.210979461669921875e-01
6.571980118750000432e-01,1.088336944580078125e+00
8.213180303569999063e-01,6.659235358238220215e-01
7.795739769939998842e-01,8.807001113891601562e-01
1.030122995379999962e+00,8.508232831954956055e-01
6.211889982220000217e-01,1.010660648345947266e+00
8.660820126530001106e-01,6.807235479354858398e-01
9.608931541439998947e-01,9.243833422660827637e-01
6.760399937630000577e-01,9.518003463745117188e-01
7.402380108830000083e-01,7.381999492645263672e-01
5.984709858890000511e-01,8.207295536994934082e-01
6.151059865950000427e-01,7.215952873229980469e-01
9.358735680580000382e-01,7.197650671005249023e-01
5.818247795100000008e-01,9.033064246177673340e-01
7.156659960750000327e-01,6.181147098541259766e-01
6.529520154000000298e-01,7.707213759422302246e-01
9.700022935870000751e-01,7.236018180847167969e-01
7.834500074390000623e-01,9.359017014503479004e-01
7.448130249979999506e-01,7.592800855636596680e-01
8.276180028919999376e-01,7.907761335372924805e-01
8.943400979040000420e-01,8.710883855819702148e-01
2.505017042159999985e+00,9.044501185417175293e-01
1.620712041850000062e+00,1.980630040168762207e+00
1.417585968970000110e+00,1.239831089973449707e+00
1.049872040749999957e+00,1.390814304351806641e+00
1.226507544519999993e+00,1.306373238563537598e+00
1.043179035189999881e+00,1.453423023223876953e+00
9.694439768789999690e-01,1.157529830932617188e+00
8.192250132559999454e-01,1.070629715919494629e+00
8.129550218580000598e-01,9.480698108673095703e-01
6.712080240250000163e-01,9.383258223533630371e-01
5.289899706839999993e-01,7.976858615875244141e-01
3.461930155749999849e-01,6.850388050079345703e-01
4.789490103719999947e-01,5.441675782203674316e-01
1.153810977940000093e+00,6.135883927345275879e-01
9.671270251270001062e-01,1.003358125686645508e+00
7.845839858059999727e-01,7.854745984077453613e-01
4.701859951020000428e-01,7.622444629669189453e-01
5.632782578470000301e-01,6.584300994873046875e-01
2.416239976880000528e-01,7.635786533355712891e-01
2.709859907630000064e-01,4.555904567241668701e-01
1.994680017229999991e-01,4.542952179908752441e-01
1.327169984580000017e-01,3.511145114898681641e-01
4.732620120049999546e-01,2.764688134193420410e-01
6.585559844969999244e-01,4.808338880538940430e-01
9.621880054470001165e-01,5.570537447929382324e-01
5.111979842189999790e-01,7.678001523017883301e-01
9.829789996150001263e-01,4.994391202926635742e-01
9.100099802019999684e-01,9.570595026016235352e-01
1.026576042179999870e+00,8.720248937606811523e-01
8.309389948840000262e-01,9.717196226119995117e-01
9.651920199390001676e-01,8.495990037918090820e-01
1.000543951989999902e+00,1.004870653152465820e+00
1.983185052870000131e+00,1.004375457763671875e+00
1.274855017659999978e+00,1.665673851966857910e+00
1.286525964740000028e+00,1.095043778419494629e+00
1.382244944570000245e+00,1.302544951438903809e+00
1.736924052240000016e+00,1.436519742012023926e+00
1.257668018339999971e+00,1.653788328170776367e+00
7.533379793170000838e-01,1.239777326583862305e+00
1.084908962249999886e+00,1.000374436378479004e+00
1.062494039539999990e+00,1.281561970710754395e+00
7.787629961969999570e-01,1.137760162353515625e+00
8.256469964979999965e-01,8.637346625328063965e-01
9.891830086709999525e-01,9.251329898834228516e-01
1.418092012410000047e+00,1.025689363479614258e+00
1.151677966120000063e+00,1.261764168739318848e+00
1.250364065170000094e+00,1.038727283477783203e+00
8.794019818310000458e-01,1.209925293922424316e+00
1.089423060420000144e+00,9.974604249000549316e-01
1.809062957759999701e+00,1.186211109161376953e+00
8.687390089040000207e-01,1.604633331298828125e+00
8.521729707719999380e-01,8.711830377578735352e-01
1.307837963100000112e+00,1.034022688865661621e+00
1.262575984000000151e+00,1.363974094390869141e+00
7.601559758189999627e-01,1.211106657981872559e+00
1.069887042049999959e+00,8.372582197189331055e-01
8.579840064049999437e-01,1.158232092857360840e+00
1.149323940279999956e+00,9.615972042083740234e-01
1.067142963410000034e+00,1.134957313537597656e+00
7.400619983670000401e-01,1.027711391448974609e+00
6.799880266190000411e-01,8.432934880256652832e-01
7.323921322820000634e-01,8.498533964157104492e-01
8.352749943730000126e-01,8.675140738487243652e-01
6.000829935070000065e-01,8.684647679328918457e-01
1.010563969610000168e+00,6.661918759346008301e-01
7.613970041280000434e-01,9.819232821464538574e-01
7.260069847110000030e-01,7.660260200500488281e-01
1.064324021340000037e+00,7.877196669578552246e-01
5.901079773899998715e-01,1.032346725463867188e+00
7.744659781460000447e-01,6.730504035949707031e-01
7.406870126719998781e-01,8.559808731079101562e-01
8.908360004430001533e-01,8.078384995460510254e-01
7.620100975040000613e-01,8.932818174362182617e-01
7.774500250820000069e-01,7.722197771072387695e-01
5.811070203779999943e-01,8.242363929748535156e-01
7.908779978749999051e-01,6.942340135574340820e-01
8.903719782829999652e-01,8.516006469726562500e-01
7.882059812549999656e-01,8.667595982551574707e-01
7.301949858670000459e-01,7.836058735847473145e-01
9.248933196070000529e-01,7.797724604606628418e-01
1.265586972239999941e+00,9.395369887351989746e-01
7.884140014650000694e-01,1.139076828956604004e+00
9.180610179899999501e-01,7.860278487205505371e-01
6.569269895549999516e-01,9.843732118606567383e-01
8.252680301670000107e-01,8.082213997840881348e-01
4.257229864599999525e-01,9.216526150703430176e-01
9.114630222319999309e-01,5.804244279861450195e-01
7.238519787790000937e-01,9.407206773757934570e-01
9.657319784160000031e-01,7.218484282493591309e-01
7.194200158119999911e-01,9.151493906974792480e-01
7.146480083470000411e-01,7.398784160614013672e-01
6.188799738879999790e-01,8.043479919433593750e-01
8.502969741820000094e-01,7.308182716369628906e-01
6.113014817240000065e-01,8.813467025756835938e-01
8.405809998509999881e-01,6.625424027442932129e-01
5.909900069240000553e-01,8.533665537834167480e-01
1.191807866100000002e+00,6.602076292037963867e-01
1.072478055950000009e+00,1.103528261184692383e+00
7.976800203319999172e-01,9.485298991203308105e-01
7.140370011329999489e-01,8.260111808776855469e-01
8.885610103609999921e-01,8.503221273422241211e-01
7.367290258409999737e-01,9.815598726272583008e-01
9.655410051350000744e-01,7.994502782821655273e-01
8.569459915160000385e-01,9.520572423934936523e-01
5.838339924809999859e-01,8.573260903358459473e-01
3.047562122340000457e+00,7.020836472511291504e-01
8.865389823909999301e-01,2.413299322128295898e+00
1.186460971829999878e+00,6.781368851661682129e-01
8.750730156899999557e-01,1.331540107727050781e+00
1.111973047260000014e+00,1.180830717086791992e+00
6.929270029070000447e-01,1.305059432983398438e+00
5.632749795910000357e-01,8.082749247550964355e-01
5.519689917560000048e-01,7.688680887222290039e-01
9.211350083349998386e-01,7.328734397888183594e-01
5.465030074119999748e-01,9.279655218124389648e-01
9.997850060459999577e-01,5.787177681922912598e-01
7.512239813800000166e-01,9.522081613540649414e-01
8.402569890019999654e-01,7.506002187728881836e-01
7.843149900439999600e-01,8.645016551017761230e-01
5.915480256080000165e-01,8.235381841659545898e-01
6.109840273859999948e-01,7.120364904403686523e-01
9.328789710999999540e-01,7.286248207092285156e-01
7.992020249369999885e-01,9.224765300750732422e-01
9.833549857140000405e-01,7.683832049369812012e-01
5.405290126799999761e-01,9.290639162063598633e-01
1.093670010570000128e+00,6.455383896827697754e-01
9.266330003740002041e-01,1.094145774841308594e+00
7.972419857979999858e-01,8.920435309410095215e-01
5.896059870719999596e-01,8.337820768356323242e-01
7.799540162090000672e-01,7.297642827033996582e-01
5.182790160179999717e-01,8.888500928878784180e-01
7.263879776000000676e-01,6.341373324394226074e-01
6.216366887090000182e-01,7.799282073974609375e-01
8.810679912569999717e-01,6.681511998176574707e-01
7.315016984940000411e-01,8.561466336250305176e-01
9.703850150110000516e-01,7.249785661697387695e-01
8.715350031849999901e-01,9.346269965171813965e-01
5.505740046500000595e-01,8.566356897354125977e-01
2.576299905780000121e-01,6.772298216819763184e-01
6.952109932899999123e-01,5.213922858238220215e-01
3.547430038449999601e-01,8.158276081085205078e-01
1.308350920679999918e+00,4.509896636009216309e-01
1.424710035319999957e+00,1.108407020568847656e+00
2.422243118290000385e+00,1.095676779747009277e+00
1.588093161580000023e+00,1.859052062034606934e+00
2.882889986040000352e+00,1.321836948394775391e+00
1.510810017590000109e+00,2.501108169555664062e+00
5.103110075000000245e-01,1.512765407562255859e+00
6.637499928469999810e-01,1.078097939491271973e+00
5.865659713749999948e-01,1.240119338035583496e+00
9.182999730109998593e-01,9.728614091873168945e-01
1.126363039020000123e+00,9.429177045822143555e-01
9.455379843710000065e-01,9.751546978950500488e-01
7.979699969290000583e-01,8.725383281707763672e-01
8.895260095600000527e-01,8.574549555778503418e-01
5.017459988589999531e-01,9.742099642753601074e-01
7.889080047609999813e-01,6.767028570175170898e-01
5.571460127830000220e-01,8.813646435737609863e-01
8.079270124439998924e-01,6.518102884292602539e-01
7.382910251620000697e-01,8.275023698806762695e-01
6.742079854009999096e-01,7.372143268585205078e-01
8.787713646889999675e-01,7.206230759620666504e-01
7.401880025859999268e-01,8.743721842765808105e-01
8.886500000949999478e-01,7.651701569557189941e-01
7.983270287510000340e-01,8.870866894721984863e-01
5.137799978260000344e-01,8.203439712524414062e-01
7.760372757910000141e-01,6.510446071624755859e-01
8.528280258179999906e-01,8.560355305671691895e-01
7.851629853249999513e-01,8.497344255447387695e-01
8.431609868999999646e-01,7.752330899238586426e-01
1.024798870089999925e+00,8.439590334892272949e-01
8.044279813770001120e-01,9.889873266220092773e-01
8.841310143469999216e-01,8.251150846481323242e-01
3.615649938579999501e-01,9.243499040603637695e-01
1.171491026879999842e+00,5.692899823188781738e-01
4.477910101410000343e-01,1.162103772163391113e+00
7.665730118750000432e-01,5.241111516952514648e-01
7.735599875449999940e-01,8.336188793182373047e-01
1.054823040959999902e+00,7.976818680763244629e-01
7.843300104139999673e-01,9.887691140174865723e-01
1.034250974660000155e+00,7.610971927642822266e-01
1.096979022029999973e+00,1.019414424896240234e+00
7.633029818529999400e-01,1.049716353416442871e+00
5.883730053899999257e-01,8.303588628768920898e-01
6.365630030629999547e-01,7.651045322418212891e-01
5.750700235369999858e-01,8.080821037292480469e-01
5.399640202519999654e-01,6.968415975570678711e-01
1.324671149250000068e+00,6.280965209007263184e-01
8.178460001949999780e-01,1.148310899734497070e+00
6.359609961509999909e-01,7.188779115676879883e-01
8.135920166969999867e-01,7.262803316116333008e-01
9.872140288350000903e-01,9.194530844688415527e-01
9.839289784429998686e-01,9.942691326141357422e-01
5.904790163040000150e-01,9.215027689933776855e-01
8.986790180209999201e-01,6.855680942535400391e-01
6.268000006680000125e-01,9.746666550636291504e-01
6.926850080490000172e-01,7.300938367843627930e-01
5.757049918169999669e-01,7.771809697151184082e-01
6.764680147170000213e-01,6.708286404609680176e-01
8.279470205309999997e-01,7.450593113899230957e-01
6.547859907149999881e-01,8.098143935203552246e-01
1.085815548900000094e+00,6.775296926498413086e-01
8.509550094600001335e-01,1.008915662765502930e+00
8.879359960559999321e-01,8.195881843566894531e-01
6.557850241659999302e-01,9.049711227416992188e-01
6.597809791559999804e-01,7.659949064254760742e-01
8.856279850010000398e-01,7.991874217987060547e-01
7.502999901769999980e-01,9.096351861953735352e-01
9.303160309790000637e-01,7.645047307014465332e-01
7.259460091590000941e-01,9.055343270301818848e-01
7.123904824259998936e-01,7.680659890174865723e-01
9.326570034029998402e-01,7.997124791145324707e-01
6.544970273969999974e-01,9.417403340339660645e-01
4.987269937989999846e-01,7.153860926628112793e-01
9.782410264020000579e-01,6.423187851905822754e-01
5.593240261080000275e-01,9.822043180465698242e-01
8.733990192409999409e-01,6.112383604049682617e-01
6.232500076290000690e-01,8.722204566001892090e-01
6.319249868390000024e-01,6.813197135925292969e-01
8.335350155830000274e-01,7.282172441482543945e-01
8.613430261610000027e-01,8.445933461189270020e-01
1.036013007159999999e+00,8.355318903923034668e-01
6.160370111469999355e-01,9.531804323196411133e-01
9.874529838560001105e-01,6.857130527496337891e-01
6.686739921569999634e-01,1.021232604980468750e+00
6.455339789389999972e-01,7.492349147796630859e-01
1.007030010220000049e+00,7.600002884864807129e-01
7.763000130650000719e-01,9.886074066162109375e-01
9.358490109440000815e-01,7.797197699546813965e-01
6.626719832419999401e-01,9.198828935623168945e-01
1.113351941109999910e+00,7.446299195289611816e-01
5.495319962500000432e-01,1.093383431434631348e+00
9.273632764820001206e-01,6.385452747344970703e-01
8.215330243109999486e-01,9.753457903861999512e-01
9.193540215490000334e-01,8.449192643165588379e-01
6.899859905239998925e-01,9.206587672233581543e-01
6.497738957409999738e-01,7.493464350700378418e-01
9.705049991610000815e-01,7.739956378936767578e-01
8.034440279009998909e-01,9.742332100868225098e-01
8.920990228650002019e-01,7.992092370986938477e-01
7.462270259859999921e-01,8.858699798583984375e-01
1.495407462120000197e+00,8.035911917686462402e-01
7.597569823270000633e-01,1.340623259544372559e+00
9.677280187610000084e-01,7.495686411857604980e-01
1.126011013979999920e+00,1.035492300987243652e+00
7.641419768330000029e-01,1.137438893318176270e+00
1.423818945879999909e+00,8.567785620689392090e-01
8.309190273280000483e-01,1.322547554969787598e+00
5.316870212550000030e-01,8.574143052101135254e-01
6.942920088770000442e-01,7.485303878784179688e-01
1.097100019450000019e+00,8.854416608810424805e-01
8.623710274700000511e-01,1.080024123191833496e+00
9.711959958080000899e-01,8.000231981277465820e-01
7.501904964450000213e-01,9.409537315368652344e-01
5.659890174870000346e-01,8.284763097763061523e-01
7.235890030859999378e-01,7.387531399726867676e-01
1.088876962660000114e+00,8.332593441009521484e-01
2.614549994470000138e-01,1.021463274955749512e+00
1.923168003559999895e-01,3.946036398410797119e-01
2.048390060660000012e-01,4.803712666034698486e-01
3.752999901769999980e-01,4.666319787502288818e-01
1.878910064700000104e-01,4.812901914119720459e-01
4.178839921949999980e-01,2.544047832489013672e-01
6.128349900249999704e-01,4.443666934967041016e-01
4.822100102900000462e-01,5.584082603454589844e-01
8.136649727820000066e-01,4.647539258003234863e-01
8.997989892959999958e-01,7.426650524139404297e-01
7.667459845540000041e-01,8.034453392028808594e-01
6.762999892229999421e-01,7.410708069801330566e-01
9.804093837739999984e-01,7.410519719123840332e-01
1.075533032420000090e+00,9.834991097450256348e-01
6.459739804270000496e-01,9.959886670112609863e-01
7.601699829100000416e-01,7.044525146484375000e-01
8.707180023190000950e-01,8.727108240127563477e-01
1.045557022089999899e+00,9.288470149040222168e-01
4.832339882850000268e-01,9.935553073883056641e-01
1.085988998409999962e+00,5.861197710037231445e-01
7.320979833600000930e-01,1.096946358680725098e+00
7.128990292550000385e-01,7.700149416923522949e-01
1.045389056210000112e+00,7.918205261230468750e-01
7.359200119969999676e-01,1.018190264701843262e+00
8.956930041310000590e-01,7.748351693153381348e-01
8.745509982110000191e-01,9.169375300407409668e-01
9.237470030779999508e-01,8.995836973190307617e-01
9.997780323029999971e-01,9.368104934692382812e-01
1.739534020420000049e+00,9.772412180900573730e-01
8.107889890670000321e-01,1.489705443382263184e+00
7.049050331119999235e-01,8.007273077964782715e-01
8.328269720080000438e-01,9.224972724914550781e-01
8.276600241660000412e-01,1.029569387435913086e+00
8.953109979629999549e-01,9.287496209144592285e-01
1.459501028060000039e+00,8.889074921607971191e-01
1.179519057270000060e+00,1.274587392807006836e+00
1.443411946299999915e+00,1.048211693763732910e+00
1.306735038760000078e+00,1.328951478004455566e+00
7.634999752040000365e-01,1.270017981529235840e+00
1.145148038860000161e+00,9.534521698951721191e-01
7.253450155259999477e-01,1.264174222946166992e+00
7.633590102199999672e-01,8.836592435836791992e-01
6.174820065499999622e-01,8.991678357124328613e-01
1.029322981830000039e+00,7.564362883567810059e-01
1.302055954929999926e+00,1.025843501091003418e+00
3.164124965670000122e+00,1.122123360633850098e+00
9.734439849849999549e-01,2.392566919326782227e+00
1.229671001429999855e+00,7.999944090843200684e-01
7.441530227660000385e-01,1.487026929855346680e+00
1.063034057620000139e+00,1.181737542152404785e+00
1.123872041700000102e+00,1.313124060630798340e+00
8.984770178789999173e-01,1.105578064918518066e+00
7.175139784810000698e-01,9.325606226921081543e-01
5.367509722709999931e-01,8.431574106216430664e-01
1.175443053249999981e+00,7.500165104866027832e-01
1.101048946379999949e+00,1.152054786682128906e+00
5.734490156170000130e-01,9.711388945579528809e-01
1.431144952770000200e+00,6.503921151161193848e-01
1.037794947620000130e+00,1.354382038116455078e+00
6.568620204930000206e-01,9.916215538978576660e-01
1.074908018110000141e+00,7.828585505485534668e-01
1.385972023009999887e+00,1.139158010482788086e+00
1.004804968829999812e+00,1.286546230316162109e+00
1.609539985660000116e+00,9.499633312225341797e-01
2.817575931549999524e+00,1.461879730224609375e+00
1.962562561039999931e+00,2.271759271621704102e+00
1.279752016069999998e+00,1.608938217163085938e+00
1.995329976079999845e+00,1.423532128334045410e+00
2.033385992049999924e+00,2.115122556686401367e+00
1.307443976400000096e+00,1.984055519104003906e+00
1.611258029939999892e+00,1.376364588737487793e+00
2.040218114850000042e+00,1.703531742095947266e+00
2.183244943620000100e+00,1.959360957145690918e+00
1.351415991779999937e+00,1.941174030303955078e+00
7.242180109020001089e-01,1.387126803398132324e+00
1.363389015200000109e+00,1.151594281196594238e+00
1.526808977129999967e+00,1.613172411918640137e+00
1.784019589419999940e+00,1.481855392456054688e+00
1.103597044940000105e+00,1.537710070610046387e+00
1.763007998470000004e+00,1.108419418334960938e+00
1.157549023629999896e+00,1.734722375869750977e+00
1.153326034550000045e+00,1.237148404121398926e+00
2.362811088559999551e+00,1.287274003028869629e+00
2.580787897110000007e+00,2.080971002578735352e+00
1.242146968839999976e+00,2.085295915603637695e+00
1.712821006770000265e+00,1.228733301162719727e+00
6.676509976389999323e-01,1.885905504226684570e+00
8.271329998970000652e-01,1.123131632804870605e+00
9.642647504810000214e-01,1.201103568077087402e+00
1.394161701200000048e+00,1.109428167343139648e+00
7.584049701689999923e-01,1.291302084922790527e+00
6.900759935379999765e-01,7.613835334777832031e-01
6.740249991419999809e-01,8.627378344535827637e-01
8.615220189090000424e-01,8.615968823432922363e-01
7.907469868659999790e-01,9.257596135139465332e-01
7.285000085830000138e-01,7.893742322921752930e-01
2.411980032920000017e-01,7.672179341316223145e-01
3.354600071909999981e-01,4.617751240730285645e-01
5.912460088730000507e-01,5.723542571067810059e-01
1.058426976200000036e+00,6.642384529113769531e-01
7.669919729230000316e-01,8.880702257156372070e-01
5.881239771840000019e-01,6.443126201629638672e-01
5.922303199769999305e-01,6.537611484527587891e-01
8.753510117530000079e-01,7.326834201812744141e-01
7.038279771799998974e-01,9.021019935607910156e-01
5.677499771120000371e-01,7.050144076347351074e-01
7.133870124819999825e-01,6.471197605133056641e-01
1.077505946160000061e+00,7.819827795028686523e-01
6.909419894220000247e-01,9.991090893745422363e-01
7.724580168719999973e-01,6.817241311073303223e-01
7.237120270730000859e-01,8.270797133445739746e-01
9.752489924429997847e-01,8.089231848716735840e-01
9.151769876480000399e-01,9.684603810310363770e-01
7.574009895319999686e-01,8.747768402099609375e-01
6.912069916730000374e-01,8.027238845825195312e-01
1.183527946470000147e+00,7.998060584068298340e-01
7.705749869349999281e-01,1.136028528213500977e+00
8.947700262070000798e-01,7.707338929176330566e-01
6.143350005150000070e-01,9.280802607536315918e-01
7.692319750789999855e-01,7.459399104118347168e-01
9.070749878880000061e-01,8.749738335609436035e-01
4.068099856379999713e-01,9.025362730026245117e-01
5.138880014419999753e-01,5.364838838577270508e-01
2.481469959019999838e-01,6.725742220878601074e-01
2.568759918210000159e-01,4.581068158149719238e-01
5.980659723279999618e-01,4.397162199020385742e-01
5.981699824330000137e-01,6.102085709571838379e-01
8.801140189170000294e-01,5.475326180458068848e-01
1.085649013520000095e+00,7.557315230369567871e-01
9.920129775999999566e-01,9.196124076843261719e-01
8.743849992749999078e-01,8.994376659393310547e-01
8.770260214810000621e-01,8.951945900917053223e-01
1.008928894999999937e+00,9.540187120437622070e-01
8.088759779930000393e-01,1.034384489059448242e+00
6.714209914210000907e-01,8.596733212471008301e-01
7.449629902840000373e-01,7.910294532775878906e-01
6.942679882050000195e-01,8.512550592422485352e-01
1.001886010170000008e+00,7.756220698356628418e-01
7.935580015180000446e-01,9.588899612426757812e-01
8.450049161910000439e-01,7.803257107734680176e-01
8.031240105629999793e-01,8.702169060707092285e-01
5.744469761850000689e-01,8.544031381607055664e-01
5.679720044139999757e-01,7.057204246520996094e-01
4.538080096239999195e-01,7.078657746315002441e-01
8.494881391529999215e-01,6.028651595115661621e-01
4.064599871639999473e-01,8.433880805969238281e-01
2.453519999980000310e-01,4.694162905216217041e-01
2.323218107220000217e+00,4.329724013805389404e-01
2.027115583420000089e+00,1.857455492019653320e+00
1.581117987629999888e+00,1.409827351570129395e+00
1.727049946780000012e+00,1.305238246917724609e+00
1.150642037389999928e+00,1.710386276245117188e+00
1.607933998109999818e+00,1.400070071220397949e+00
1.331233978270000007e+00,1.687598824501037598e+00
1.221642017359999999e+00,1.371998310089111328e+00
1.583541989330000010e+00,1.300973773002624512e+00
1.608662128450000006e+00,1.542907238006591797e+00
2.185653924939999992e+00,1.513399720191955566e+00
2.989559888840000124e+00,1.901872158050537109e+00
7.574499845500000106e-01,2.444051504135131836e+00
1.811344027520000122e+00,9.467220902442932129e-01
1.527951955800000094e+00,2.062252521514892578e+00
8.892235755919999374e-01,1.698063254356384277e+00
