1.176299691200000108e+00,9.702517718248764300e-01
1.714609026910000056e+00,1.136535767889726767e+00
1.307337045669999975e+00,1.513777669049040320e+00
6.186890006069999393e-01,1.245446270507342357e+00
2.298435926440000276e+00,8.034192449976933492e-01
1.808241009709999902e+00,2.044547530873370711e+00
8.794149756429999742e-01,1.598264792806521672e+00
1.570945024490000064e+00,9.444679742639916498e-01
1.578516006470000121e+00,1.559647500425171307e+00
6.200309991839999535e-01,1.658007690262799816e+00
9.928810000419999726e-01,8.486603255216873531e-01
4.551869928839999413e-01,1.059529998160922970e+00
1.017398953439999865e+00,8.234649089329069138e-01
8.378469943999999892e-01,1.176801617040211134e+00
4.884769916529999589e-01,8.055560723254930888e-01
1.246340990070000210e+00,6.521211838264200367e-01
1.209630966189999990e+00,1.223466382200433911e+00
1.252451062200000020e+00,1.092805943819201264e+00
1.519726991650000025e+00,1.120093563157265937e+00
1.063797950739999942e+00,1.320489035581699166e+00
1.571495056150000069e+00,1.105748113514501529e+00
1.278105020519999968e+00,1.495351260255527448e+00
1.192077994349999948e+00,1.218660404153630861e+00
8.304439187050000060e-01,1.239045885836948635e+00
1.402015686039999931e+00,9.938280401491562666e-01
1.156504034999999986e+00,1.424243386770581488e+00
1.162554860120000200e+00,1.173472168803804561e+00
6.007519960399999581e-01,1.148234695828589835e+00
1.253835797310000055e+00,8.000318833739704649e-01
1.791844010350000183e+00,1.325749142983180695e+00
1.734062552449999961e+00,1.569114207271093964e+00
4.939970970150000085e+00,1.443166341752208925e+00
2.394351005549999911e+00,3.732664887589189018e+00
2.212575912479999740e+00,1.895974863281690403e+00
1.886527061460000043e+00,2.164563463272188848e+00
9.343829751010001017e-01,2.080317644085418305e+00
9.099829792980000942e-01,1.544119937489476513e+00
8.112999796870000724e-01,1.290438173261683641e+00
1.049708962440000004e+00,1.091762134871514300e+00
1.351788043980000076e+00,1.401973365747432698e+00
1.277305960659999906e+00,1.362070956771786800e+00
7.854449748989998925e-01,1.206653310819483016e+00
4.846229851250000165e-01,9.304840285063834537e-01
6.676359772680000582e-01,7.421073755266199834e-01
8.322510123249999836e-01,8.701914914916546451e-01
5.959370136259999340e-01,8.913801328118111655e-01
3.410890102390000123e-01,6.556171992159837147e-01
6.860110163689999707e-01,5.301477765628775929e-01
8.153510093690000682e-01,8.169507689940788131e-01
3.985430002210000322e-01,8.215246252322632170e-01
6.998159885410000225e-01,4.619100200674879364e-01
4.263690114019999533e-01,7.317958179990240453e-01
6.866139769550000382e-01,5.834044329037053611e-01
1.826770007609999913e-01,7.422169189654849175e-01
7.018824815749999946e-01,3.245040082898214551e-01
1.796682000159999681e+00,7.585750530393935431e-01
7.204269766809999753e-01,1.460545597258623207e+00
4.680640101429999755e-01,6.274727150802068554e-01
6.408870220180000743e-01,5.937825628594252114e-01
7.520520091060001189e-01,8.485610609926081960e-01
1.001817584040000098e+00,9.030033832430014451e-01
1.660804033279999814e+00,8.756988219771387749e-01
1.450595021250000061e+00,1.335412483371477554e+00
1.085010051729999869e+00,1.303801916465586963e+00
1.099555015560000015e+00,1.078189561910143146e+00
7.694180011750000325e-01,1.142290223118784365e+00
1.254430413249999932e+00,9.636998416477899898e-01
1.496320962910000052e+00,1.253926177179307544e+00
7.186369895940000196e-01,1.338896712985610638e+00
8.902019858359999649e-01,8.419294135632381382e-01
9.891759753229999452e-01,1.041114098143213651e+00
2.849014520649999938e+00,1.095864250899104775e+00
4.281075000759999583e+00,2.317041245850254505e+00
1.248739004139999942e+00,3.080878124653338102e+00
7.096589803699999699e-01,1.076700974747387018e+00
7.497439980509998936e-01,1.243136352912902032e+00
8.907449841499999188e-01,1.420031173073998509e+00
1.469527959819999952e+00,1.280417179117947279e+00
1.608888030049999918e+00,1.253494394831078163e+00
1.043460965159999976e+00,1.421116458822843986e+00
1.184751033780000018e+00,1.270988366051394980e+00
5.063725113870000127e-01,1.280660285464739090e+00
6.946156024930000283e-01,7.316322850719394477e-01
9.299110174179998634e-01,8.994940420528889646e-01
7.754629850390000190e-01,9.695438253805617190e-01
8.564696311949999696e-01,8.520251236988388710e-01
9.269009828569999554e-01,9.022946365249828737e-01
7.506660223010001021e-01,9.443823379048145172e-01
9.248849749570000611e-01,8.386532784957135833e-01
1.070162653919999984e+00,9.230022858293915888e-01
8.752880096439998869e-01,1.017272564615225861e+00
7.511039972310000756e-01,9.038007518240159799e-01
8.627579808239999037e-01,8.264345154596669518e-01
5.096570253369999692e-01,9.363232395832791211e-01
8.495249748229999343e-01,6.830755931406153891e-01
6.711369752879999817e-01,8.933304752474892085e-01
6.132180094720000030e-01,7.368228247980939116e-01
3.810549974440000098e-01,7.232834240606599296e-01
8.710420131680000067e-01,5.422777628414205964e-01
6.540319919589999698e-01,8.990512182742992353e-01
9.089673757550000843e-01,6.875175258491184049e-01
9.709029793739999414e-01,8.503385960943206090e-01
9.856920242310001079e-01,9.118264578797657949e-01
1.356256246570000101e+00,9.660607580785671722e-01
1.309872984889999925e+00,1.206722312579162404e+00
6.344919800760000506e-01,1.169406200824712139e+00
5.933508276940000492e-01,7.682903592688805627e-01
8.796380162239999523e-01,8.142199172460000689e-01
1.131836414339999930e+00,1.014174095698384015e+00
1.841274023059999765e+00,1.092682867489111143e+00
2.261745929719999992e+00,1.494138394275026815e+00
2.597975969309999744e+00,1.812331217858582422e+00
2.399192094800000064e+00,2.126790570882866049e+00
1.982298016549999931e+00,2.035567950457258579e+00
2.269547939300000206e+00,1.881755992315071735e+00
2.017889976500000238e+00,2.189984570924692786e+00
1.452262043950000026e+00,1.991712760518187908e+00
1.342797994609999934e+00,1.610981177705808065e+00
1.311915040020000145e+00,1.582478001951448832e+00
1.276762008670000226e+00,1.571905465177226624e+00
1.275267004970000118e+00,1.445927618150260718e+00
1.210446000100000141e+00,1.332936895525799414e+00
8.153480291369999966e-01,1.300679353006911620e+00
7.271119952200000291e-01,1.030297477125400096e+00
6.043019890790000126e-01,9.423686026130402293e-01
9.830358624459999417e-01,8.210543989496952300e-01
1.101529002189999940e+00,1.041159386377042306e+00
1.183724999429999869e+00,1.036841420938343639e+00
4.356400072569999726e-01,1.092143923207055334e+00
3.270040154459999959e-01,6.112749026775162742e-01
8.039849996569999879e-01,6.215459545287035370e-01
4.216859936710000145e-01,9.185511949540443588e-01
5.734559893609999515e-01,5.367600661806791740e-01
3.959457874300000291e-01,6.223561203907804762e-01
4.163750112060000119e-01,5.387866138928493198e-01
5.603970289230000290e-01,5.973908201768172166e-01
7.749050259590000156e-01,6.003544375984261050e-01
6.370840072629999629e-01,7.186964863704309314e-01
3.839260041709999793e-01,6.479823541513273222e-01
5.648739933969999516e-01,4.992630981362053966e-01
1.054715037350000051e+00,6.682205668531290277e-01
6.537709832190000681e-01,9.784278817455100974e-01
5.931029915809999942e-01,6.307668912837415265e-01
1.022608995439999946e+00,6.463704488226896805e-01
8.359869718549999273e-01,1.017202963000270799e+00
6.375340223309999832e-01,8.586187291388345244e-01
9.755985140799999789e-01,6.728956862659454252e-01
4.898079931740000337e-01,9.588145973603322547e-01
1.098647952079999879e+00,6.678020295008638696e-01
1.151165962220000116e+00,1.061727961458942771e+00
8.061249852179999120e-01,1.022849018342327332e+00
4.744769930839999872e-01,8.436866031343045469e-01
7.896029949189999897e-01,6.465129649964005409e-01
4.762530028819999539e-01,9.172379693345651397e-01
5.455229878430000179e-01,6.508982058762339262e-01
6.212809681889999158e-01,6.282668466306844390e-01
7.707700133319999036e-01,6.910527596033892994e-01
9.337069988249999675e-01,8.250295214481098149e-01
8.110550045970000843e-01,8.702668082015384554e-01
6.005529761310000048e-01,7.730454078123053518e-01
1.002521038060000036e+00,6.969865618173066713e-01
8.921650052069998171e-01,9.986747393536726802e-01
9.160850048070000584e-01,8.803657783565411732e-01
7.413420081139999729e-01,8.954693114007781229e-01
9.283249974250000758e-01,7.990230319972700945e-01
6.429409980770000033e-01,9.888778303129847069e-01
9.950090050700001187e-01,7.485885030360287518e-01
6.271365880970000140e-01,9.798480278045204050e-01
1.038689017300000073e+00,7.179080532772345036e-01
6.888009905820000611e-01,1.038166685485979235e+00
5.214130282399999095e-01,7.496008942033419720e-01
6.510270237919999481e-01,6.732349765081407922e-01
1.159701943399999990e+00,7.652889454679668857e-01
6.456400156020000169e-01,1.089941659004874275e+00
1.195862650870000099e+00,6.700724132923667753e-01
1.304703950880000018e+00,1.090745070300693564e+00
8.844429850579998975e-01,1.193958082262554843e+00
7.697709798810000725e-01,9.177755876913806787e-01
7.702100276950000213e-01,8.414600423541900298e-01
6.418280005459999771e-01,9.124809700507778842e-01
8.937159776689999058e-01,8.205274810649654249e-01
5.247250199319999364e-01,9.028712823305996560e-01
5.142210125920000374e-01,6.420998478684668553e-01
7.172748446459999982e-01,6.934295748528698233e-01
6.410769820210000525e-01,7.908156494324086738e-01
4.689820110800000941e-01,6.989222638399705811e-01
1.203750014310000171e+00,5.592434937457846367e-01
7.911959886550000709e-01,1.086587661534007543e+00
1.136301159859999910e+00,7.821412424226987792e-01
8.642929792399999256e-01,1.035099056467337242e+00
8.814030289650001126e-01,8.539151808362682727e-01
5.817409753800000249e-01,9.612309261293170426e-01
8.651199936869999885e-01,7.176359200623205759e-01
9.078124761579999813e-01,9.205554190234513934e-01
7.377740144730000615e-01,9.350156100643358670e-01
1.120375037189999867e+00,7.864684568931237241e-01
9.422479867940000142e-01,1.070060996722748570e+00
1.060060024260000011e+00,9.465906996913933114e-01
7.158420085910000008e-01,1.037730632170818401e+00
4.040209949019999969e-01,7.861179051041461419e-01
2.920779883859999648e-01,6.422435496072512739e-01
6.317924261089999938e-01,5.673167279376060135e-01
1.124665260310000026e+00,7.469769664881326099e-01
1.115690946580000009e+00,1.008817859034989661e+00
1.247418999670000028e+00,9.436238578817829348e-01
6.976169943809999996e-01,1.096630860783462280e+00
3.693974971769999893e+00,7.906535415440513193e-01
8.204839825630000361e-01,2.908244851264326858e+00
8.573070168499999921e-01,7.202397020855885179e-01
6.902359724040000311e-01,1.056414991114648316e+00
8.385969996449998964e-01,1.077458101835030213e+00
1.287726998329999928e+00,1.217376934399649890e+00
9.632229804989999034e-01,1.161739202764637158e+00
1.343299984930000024e+00,8.627106554246652959e-01
7.316169738770000874e-01,1.419136282512380776e+00
6.809219717980000697e-01,8.727631724936691926e-01
7.014784216880000089e-01,8.267274495568397441e-01
6.698030233380000142e-01,8.380155564620809239e-01
1.365643024439999964e+00,7.940875885422243874e-01
9.781420230869999344e-01,1.237524928233810551e+00
6.786789894100000442e-01,9.062965581119748482e-01
5.976330041890000055e-01,7.899227736099473374e-01
8.193774819369999962e-01,7.735350764675814617e-01
7.911109924320000042e-01,9.291995643611578037e-01
1.044147372249999872e+00,8.142409548509903505e-01
1.400015950200000026e+00,9.562340286304733539e-01
8.748620152470000244e-01,1.255221037636499615e+00
6.228179931639999944e-01,8.972236984294943429e-01
7.164059877399998610e-01,7.632471120819874777e-01
6.523500084880000660e-01,8.742265667020812092e-01
9.379299879070001067e-01,8.064478400219879939e-01
5.936999917030000296e-01,9.193519002013020858e-01
5.393440127369999448e-01,6.615783029678773408e-01
9.370089769359999377e-01,7.085322862587468684e-01
8.087720274930000341e-01,9.561391385209082605e-01
5.654280185700000239e-01,8.014123845344144348e-01
6.020820140839999723e-01,6.297390095668123910e-01
1.146679997439999932e+00,7.055356070956982917e-01
9.824249744419999431e-01,1.113714928795448422e+00
5.671510100359999917e-01,9.015509421099905385e-01
7.866399884220000027e-01,6.198264334082744798e-01
7.388439774510000557e-01,8.900408939146964293e-01
6.810299754140000106e-01,8.615246836573078326e-01
7.086979746820000203e-01,7.379704914093450085e-01
6.642330288889999323e-01,7.329350821635161051e-01
5.124790072439999733e-01,7.689037736487449592e-01
6.040380001070000393e-01,6.558332157362146697e-01
6.728799939159999521e-01,6.805524579295643139e-01
8.265414834020000656e-01,7.254886317130608830e-01
4.546860158440000355e-01,8.171589542952041318e-01
5.594509840010000179e-01,5.428462268020293191e-01
1.332218050960000122e-01,6.703160137755640458e-01
1.633069962260000063e-01,3.762193555795680933e-01
1.797860413789999778e-01,3.918272729986979064e-01
5.747918486599999932e-01,3.499268978859540469e-01
8.508148789409999413e-01,5.992958644756000153e-01
8.527640104289999634e-01,7.322585657233434686e-01
1.687628030779999788e+00,7.267920902948927786e-01
2.149522066120000297e+00,1.359960058283141482e+00
8.122850060459999577e-01,1.674020221751338910e+00
1.239639997479999867e+00,7.973557562015585187e-01
2.128437280650000041e+00,1.283503567043790428e+00
2.139239072800000141e+00,1.948073985003239805e+00
9.779880046840000452e-01,1.834666110212174628e+00
6.937779784199998856e-01,9.653272458178649984e-01
7.218790054320000094e-01,1.061868187554912302e+00
7.631160020829999002e-01,1.191806921002258601e+00
8.565329909319999713e-01,9.579482817393694116e-01
1.109338045120000116e+00,8.514360047757572048e-01
6.476340293879999654e-01,1.103509464125942419e+00
9.241870045659998922e-01,8.147453239264046410e-01
7.877320051189998784e-01,9.744629034212617391e-01
1.305567026139999864e+00,8.317355420207911409e-01
9.107710123059999940e-01,1.203852811963201042e+00
8.699640035629999657e-01,8.726105249685542908e-01
5.743020176890000217e-01,9.268579946505589584e-01
8.599532246590000373e-01,7.656493821452005077e-01
4.775849878790000003e-01,9.609024361267458625e-01
1.108017444610000179e+00,6.164576476660078574e-01
1.290724992749999966e+00,1.055786407682361538e+00
8.591579794879999898e-01,1.151482669195169617e+00
3.058980107309999807e-01,8.580693855846586171e-01
9.039019942279999942e-01,5.268263405537769728e-01
6.352750062940000220e-01,1.025754703838181570e+00
1.023422956470000145e+00,7.541071015644932318e-01
6.730669736859999919e-01,9.345829984058008355e-01
8.504790067669999454e-01,6.969515263010118700e-01
5.141969919200000128e-01,9.445094658285122513e-01
1.527956604959999964e+00,6.549092302034184021e-01
4.094385623930000051e+00,1.334543362943254374e+00
9.952359795569999390e-01,3.025501951756102148e+00
8.670449852940000923e-01,7.830821738429132317e-01
1.141056060789999993e+00,1.118655470788143091e+00
1.622257947919999888e+00,1.514676568590062944e+00
1.980204939840000566e+00,1.752248707770760916e+00
1.375547051430000112e+00,1.557134951070822337e+00
1.851865053180000054e+00,1.233330588104146752e+00
1.420923948290000016e+00,1.964964737246849724e+00
1.589177966120000285e+00,1.492455249541627893e+00
1.673199415210000041e+00,1.529366908458922092e+00
2.123934030530000072e+00,1.583162136685104304e+00
1.648401975629999905e+00,1.948176118621561148e+00
1.204741954800000014e+00,1.598536049229381861e+00
7.920839786529999538e-01,1.334499601167117522e+00
1.227027416229999890e+00,1.133627310890840123e+00
1.226951003070000157e+00,1.415741495372745407e+00
1.131343960759999989e+00,1.252103591462323751e+00
1.252465009690000075e+00,1.135986851522267749e+00
1.116891980170000132e+00,1.274072433201214105e+00
1.122387051579999850e+00,1.200079487701445125e+00
1.040153026579999862e+00,1.163537141277807940e+00
8.091310262680000420e-01,1.064127609011283671e+00
7.681059837340000751e-01,9.432074285092080235e-01
7.982919812199998910e-01,9.248519163304506074e-01
7.666722536090000428e-01,9.137694693099027710e-01
1.057360053060000027e+00,8.635007495877099482e-01
8.607699871060000563e-01,1.032870726745434453e+00
1.070777058600000053e+00,8.769734759030624049e-01
5.301510095600000527e-01,1.051864621294753555e+00
6.604189872739999467e-01,6.670044529585499316e-01
9.909179806709998983e-01,8.099094419237442555e-01
3.561530113220000016e-01,9.982199421834493380e-01
9.618239998820000691e-01,5.128998448440995617e-01
1.244829058649999931e+00,9.619826413193588444e-01
8.381230235100001202e-01,1.126607809204497324e+00
9.245989918709998090e-01,8.430542101598629268e-01
8.131660223010001021e-01,9.031193201827816264e-01
1.003061056139999963e+00,9.009120196347450982e-01
8.752340078350000496e-01,1.059872854918787022e+00
7.991399765009998823e-01,8.624137774891731389e-01
8.812961578369999938e-01,8.575232538407078220e-01
1.063080191609999892e+00,9.634347327198594657e-01
9.057049751279999672e-01,1.051761188151707493e+00
6.909559965129999926e-01,9.077978908700963245e-01
1.355970025060000195e+00,7.821201359317033752e-01
7.572399973869999856e-01,1.285048317372448068e+00
2.043754577640000125e+00,8.165748313466915098e-01
8.576130270960000690e-01,1.722305140675716606e+00
2.364957094190000220e+00,8.444178380773069703e-01
4.179231166840000178e+00,2.059551644728831121e+00
2.233561992649999883e+00,3.186655840699597952e+00
8.013390302660000630e-01,1.806720830662203126e+00
8.372840285299999463e-01,1.124083911845646488e+00
8.851529955859999133e-01,1.460302709692657297e+00
9.040349721909999303e-01,1.464367437418061968e+00
1.302939534190000082e+00,1.006211564451330531e+00
7.228699922560000157e-01,1.201083724601659242e+00
8.009120225910000279e-01,1.015143234432187125e+00
1.032919287679999965e+00,1.035172868514860456e+00
1.321628212929999879e+00,1.032135189697052535e+00
9.367759823799999275e-01,1.206834305904797233e+00
7.007700204850000336e-01,9.012029636715310765e-01
7.624319791789999634e-01,8.215492577562736320e-01
1.144938945770000105e+00,9.485553630894425492e-01
7.721610069269999599e-01,1.142954936061816973e+00
8.772150278090000697e-01,7.792698529204621360e-01
1.243505001070000171e+00,9.087561455576173008e-01
6.381840109830000385e-01,1.211849312540893786e+00
7.468199729919999807e-01,7.563127472765102111e-01
6.839929819109999976e-01,8.285233124887148026e-01
1.419505119320000119e+00,8.031306390188925892e-01
6.141470074649999500e-01,1.326884630220049655e+00
7.347676754000000976e-01,6.383088995368368934e-01
6.770560145379999062e-01,8.228396299034591577e-01
1.074026942249999950e+00,8.424420373581256172e-01
6.156389713290000287e-01,1.079510492912489461e+00
9.692379832269999440e-01,6.407048026995539880e-01
9.916120171550001361e-01,9.545022025449394487e-01
8.089560270310000023e-01,1.014506274840412781e+00
2.435143947599999859e+00,8.573538601539395509e-01
8.223479986189999869e-01,1.952510765845896890e+00
5.938220024110000272e-01,7.888508550770020333e-01
5.762249827380000466e-01,8.309534299903689192e-01
4.224239885809999429e-01,8.672925226685557210e-01
6.765879988670000511e-01,7.676032572372077922e-01
5.520349740979999531e-01,7.408166120334997995e-01
9.015229940410001142e-01,5.871223727291361438e-01
7.489960193629999763e-01,9.718561268101328920e-01
8.627583980560000754e-01,7.665177033393779649e-01
9.480749964710000199e-01,8.250624685426856120e-01
1.055613875389999956e+00,9.124264000529112018e-01
1.970020055770000278e+00,1.000390794239691461e+00
9.391199946399999554e-01,1.628266519370812793e+00
1.009042978289999892e+00,8.882424294267464715e-01
7.824029922490001177e-01,1.090735270914516830e+00
1.016265034679999957e+00,9.760068328852798958e-01
8.782749772069999850e-01,1.139669966326027462e+00
7.353619933130000064e-01,9.037372098441391888e-01
1.109990954399999952e+00,8.229890625878036881e-01
7.727199792860000027e-01,1.162843725187584498e+00
1.164981961250000086e+00,8.508962970716121843e-01
7.157210111620000426e-01,1.108700826896730218e+00
1.475479006770000101e+00,7.801992373181164675e-01
8.354520201680000202e-01,1.374160078892520787e+00
7.344660162930000125e-01,8.571354104308522848e-01
7.861927747729999805e-01,8.528614840762305249e-01
1.143465042110000107e+00,9.154490268658788121e-01
9.246990084650000830e-01,1.151297022047269580e+00
2.958764553069999970e+00,9.093929863007318426e-01
2.138324022289999959e+00,2.314989702143114059e+00
2.038712024690000124e+00,1.695532254591702648e+00
1.480209946629999829e+00,1.789174149676117764e+00
9.367650747299998137e-01,1.522761234700903632e+00
1.715939760209999942e+00,1.325031579518059388e+00
1.001402020450000041e+00,1.762237970047280777e+00
8.896229863169999863e-01,1.082748216345624348e+00
7.492939829829999843e-01,1.138769651672053573e+00
1.115183949470000213e+00,1.020304785064827913e+00
9.457820057870001129e-01,1.252396883553155815e+00
6.452180147170000213e-01,9.790509931022183254e-01
1.164842009540000056e+00,7.302220438693187710e-01
1.244351029399999975e+00,1.190513795349743997e+00
9.045109748840000075e-01,1.188183856088933954e+00
5.575259923929999362e-01,8.933405714524051966e-01
5.778343677520000332e-01,7.039691784878527869e-01
7.199835777280000348e-01,8.202753042783377246e-01
7.607790231700000128e-01,8.596058345726501626e-01
5.404400229450000426e-01,7.659799183133717548e-01
8.009672760959999360e-01,6.247862187361825637e-01
7.710149884220000027e-01,8.679837697965154808e-01
6.709719896319999988e-01,8.115169192909605922e-01
2.768970489500000021e+00,7.074632956421486041e-01
3.086133003230000060e+00,2.153109796141936538e+00
1.116358041760000086e+00,2.266738524736319871e+00
1.018260955809999979e+00,9.997867574232177645e-01
7.442610263819999794e-01,1.280213650436036410e+00
1.114386796949999869e+00,1.264408108942726150e+00
1.380516409870000238e+00,1.323828016204638081e+00
1.229098439219999950e+00,1.188353563984047678e+00
1.573238968849999919e+00,1.225684598314322526e+00
1.245597958560000107e+00,1.594560766916468086e+00
8.298619985580000247e-01,1.242124260092344556e+00
5.376980304720000436e-01,9.649331041515935015e-01
8.593800067899999284e-01,7.927735781502661672e-01
7.949647903440000274e-01,1.033310631587338380e+00
8.122889995569999577e-01,8.961172423270281628e-01
1.209460973739999945e+00,8.431978599553436871e-01
1.043611049649999956e+00,1.144039506172283005e+00
9.914460182190000248e-01,1.028426133047315005e+00
1.377645969390000058e+00,9.807388145009154901e-01
7.495359778399999229e-01,1.258560380423918046e+00
7.549669742579999676e-01,8.515071647405578759e-01
8.522210121150000095e-01,8.917010780772336442e-01
1.312628030780000010e+00,9.494133988768035382e-01
9.499999880790001017e-01,1.266066168301811956e+00
8.433979749680000637e-01,9.121943843989597234e-01
6.329939961430000039e-01,8.938735445521335254e-01
6.848490238189999246e-01,8.347687608175839991e-01
8.296039700509999504e-01,8.507400333408223769e-01
1.117776036259999994e+00,8.582989455455708461e-01
1.060515046120000138e+00,1.031464420846390118e+00
9.966710209849999336e-01,1.004690490287667659e+00
6.726049780850000825e-01,9.882058793516004247e-01
8.499810099600000335e-01,7.960333271991510973e-01
7.929700016980000266e-01,9.471327847435709879e-01
7.509549856190000927e-01,8.592878760719468989e-01
9.556260704989999466e-01,8.133948273711203436e-01
6.085839867589999397e-01,9.602934492683872225e-01
7.782499790189999489e-01,7.248357262483230423e-01
5.098140239720000411e-01,8.571663017175006338e-01
6.364319920540000286e-01,6.360283814552817327e-01
6.015599966049999248e-01,7.452627795983449710e-01
6.556333899499999784e-01,6.794657331444466930e-01
6.385549902920000243e-01,7.125589915361982829e-01
8.762890100480000832e-01,6.960931475660601109e-01
7.967479825020000739e-01,8.558043085879959433e-01
6.824830174449999509e-01,7.915288431976363892e-01
8.025500178340000401e-01,7.254206077356644133e-01
7.950311899190000142e-01,8.355734060478010594e-01
1.584897041320000088e+00,8.371956820832602286e-01
1.017485976220000143e+00,1.359133909732469725e+00
9.177780151369999695e-01,9.177379938681441418e-01
1.230221033100000083e+00,9.603861852838053714e-01
1.027899026870000121e+00,1.230827415549955894e+00
9.125559926030000213e-01,1.075547023605216923e+00
7.935979962350000472e-01,9.485270622181062317e-01
1.030437946320000187e+00,8.870753670031606974e-01
5.325379967690000438e-01,1.126896364895512370e+00
6.127780079839999505e-01,6.968535828409211375e-01
8.741289973260000234e-01,7.447004374774964797e-01
3.667230010029999820e-01,9.370989709519312871e-01
7.391750216480000857e-01,5.453932795738432038e-01
5.604230165479999748e-01,7.860128773055988782e-01
7.758178114889999755e-01,6.466186556333689550e-01
8.102909922600001202e-01,8.224684417219172428e-01
6.437510252000000488e-01,7.720869857991990992e-01
7.236457467079999706e-01,6.909240641060223620e-01
9.113870263100001257e-01,7.888942765895911036e-01
6.627830266949999993e-01,8.960597257095583856e-01
1.002035975460000117e+00,7.157867508755610952e-01
8.224419951440000709e-01,9.625637055409270726e-01
1.030576944350000135e+00,8.414329611821474986e-01
6.781139969830000114e-01,1.016572793623816473e+00
5.333459973340000104e-01,7.419756186404641296e-01
3.209959864620000047e-01,7.000083649573058953e-01
7.608630061149999069e-01,5.613256040041145756e-01
7.439860105509998878e-01,8.351997931227589378e-01
5.468400120740000148e-01,7.439585143694564806e-01
7.004669904709999173e-01,5.970867002782637156e-01
8.356525897980000561e-01,7.529097264156119351e-01
1.274258971210000091e+00,8.590521765078878991e-01
8.934450149539999719e-01,1.111151694693025993e+00
6.211659908290000365e-01,8.097933965620688346e-01
7.900159955019999680e-01,7.371226301863061936e-01
1.067494988440000014e+00,9.189140574580927368e-01
6.698009967800000464e-01,1.061635728231141940e+00
1.265694975850000015e+00,7.072235493992568012e-01
6.380620002750000408e-01,1.161201350245272490e+00
9.348030090330000652e-01,7.587209902986710164e-01
8.006410002709999363e-01,1.003786909635888902e+00
1.085708975790000030e+00,8.370723823237387062e-01
3.527039885520000251e-01,1.072654455577334742e+00
5.883709788319999578e-01,5.289678410515439300e-01
4.875420033929999120e-01,7.498561771986004265e-01
4.636880159380000199e-01,6.745210941731678567e-01
3.637039959430000136e-01,6.007116366867353285e-01
8.750243186949999696e-01,4.720745098440333742e-01
6.435279846190000708e-01,8.581168683577093947e-01
4.834130108360000233e-01,6.654502040215931613e-01
2.120890021319999930e-01,5.421859401807556100e-01
4.560469985010000560e-01,4.042921512316200450e-01
4.367910027499999903e-01,6.220313748351086192e-01
7.238804101939999569e-01,5.182294749983633597e-01
5.560690164570000205e-01,6.741325455413360590e-01
4.748429954049999679e-01,5.775889507962577163e-01
2.674640119080000100e-01,5.739173182379782023e-01
9.588437080380001198e-01,4.339923876531547320e-01
7.868980169300000549e-01,9.081216216870572344e-01
1.794360995290000149e+00,7.189484326534409941e-01
1.337677955630000026e+00,1.427716373123247617e+00
1.210453987120000185e+00,1.113540206714277891e+00
5.654799938200000264e-01,1.163797297057488356e+00
4.008429944520000565e-01,7.738272899870630717e-01
2.727654874320000200e-01,7.364485473804756044e-01
5.836449861529999783e-01,5.868793071681842610e-01
8.533802628519999711e-01,7.100393527644467406e-01
8.660610318179999823e-01,8.463458222524863350e-01
1.158349990839999899e+00,8.230788933351190773e-01
7.764859795569999390e-01,1.038443757401621426e+00
1.068807005880000105e+00,7.872280058649006040e-01
5.888479948040000744e-01,1.036904891327340206e+00
1.588868498799999918e+00,6.949186667644523530e-01
4.327859878540000205e-01,1.430878032203109607e+00
3.996030092239999942e-01,5.585253205024649503e-01
5.545349717140000134e-01,6.481588432500021701e-01
6.221979856490000849e-01,7.624915219098106212e-01
1.149551987649999996e+00,7.633889146555807859e-01
1.121260046960000034e+00,9.998379398030947662e-01
9.776459932329999436e-01,9.452296607877349599e-01
1.732741951940000025e+00,9.757773932328867028e-01
2.302707910540000125e+00,1.507214852471816968e+00
1.053477048870000043e+00,1.852526475686164353e+00
7.962800264360000435e-01,1.003003737478560975e+00
5.203329920770000117e-01,1.006155144005779212e+00
6.104800105090000262e-01,9.436756501426267763e-01
4.453057944770000276e-01,9.309960842804756442e-01
6.522138714790000069e-01,5.917789751467317227e-01
1.175541162490000069e+00,7.576841264151058519e-01
1.032202124599999937e+00,1.153796005742509401e+00
7.193930149079998948e-01,9.409459589160650284e-01
8.200139999390000378e-01,7.255083858844474376e-01
9.497330188750000568e-01,8.870648393924253083e-01
1.039114952089999822e+00,9.979881247953757972e-01
5.883830189700000046e-01,9.872517105134533955e-01
9.508559703829998488e-01,6.629137983501092179e-01
5.277600288389999728e-01,1.019743216129559649e+00
7.736063003540000205e-01,7.013312592379715715e-01
9.703559875489998765e-01,8.436608961372978888e-01
1.383889913560000018e+00,9.286447253826275450e-01
7.795230150220000542e-01,1.229257564519120605e+00
6.069999933240000090e-01,7.855251952346101740e-01
4.660570025440000097e-01,7.502716634175671251e-01
9.455270171170000459e-01,7.159709978959936105e-01
6.238729953770000280e-01,9.992066605656289013e-01
3.923240005969999555e-01,6.486943462862677645e-01
5.156549811360000568e-01,5.347992995472200528e-01
9.679385423660000765e-01,6.926206823318957762e-01
1.356565952299999989e+00,9.650840578876545006e-01
9.072690010070000310e-01,1.113398344053167843e+00
8.162760138510000152e-01,7.922918545426648196e-01
2.479866981509999846e+00,8.855543339646071432e-01
1.133080005649999888e+00,2.083917879191215849e+00
1.045583963389999926e+00,1.002751358635317391e+00
8.474370241169999485e-01,1.060197008024957199e+00
1.536522984499999911e+00,1.063216756787946249e+00
9.008989930149998715e-01,1.618904328913214119e+00
4.812009930610000596e-01,9.087151230174366212e-01
8.572540283199999722e-01,6.502022296013089120e-01
8.617479801180000232e-01,1.099441078145156014e+00
1.008694052699999899e+00,9.968606692815890069e-01
1.127727031710000105e+00,9.446621090075538740e-01
7.795569896699999779e-01,1.015834611659373943e+00
9.895502924920001053e-01,8.830201867562834650e-01
8.363329768179998958e-01,1.043154218848020065e+00
9.099559783939998869e-01,8.766724676971945351e-01
5.511059761050000061e-01,9.523443616592157657e-01
1.239764332770000088e+00,6.862980623486997223e-01
1.211838960649999963e+00,1.201167389592734169e+00
1.379981994630000042e+00,1.118136842988586288e+00
1.148460984229999982e+00,1.218829935765046946e+00
7.663900256160000035e-01,1.090328965351993196e+00
9.660840034479999394e-01,9.297800447562513115e-01
8.156750202179999798e-01,1.085796969948922719e+00
1.142272949220000111e+00,9.086637154316924425e-01
1.299479961400000105e+00,1.127287711915005985e+00
8.583310246469999516e-01,1.199865806112367261e+00
7.149469852449999996e-01,9.219679858846318021e-01
8.764400482179999230e-01,8.709425058544117970e-01
8.305460214609999836e-01,9.846436274281252787e-01
8.535240292550000385e-01,9.123385762173870095e-01
9.092410206789999227e-01,8.679604058077716733e-01
5.202720165249999917e-01,9.266780267416677708e-01
7.411040067669999454e-01,6.983730676726923603e-01
5.853319764140000325e-01,8.426299289411044446e-01
5.047770142559999673e-01,6.868069848340416783e-01
5.519493222240000607e-01,6.356699749620917661e-01
9.697520136830000137e-01,6.464789289250290061e-01
1.116515994070000017e+00,9.368757213200029632e-01
1.049844980239999837e+00,9.929466792617028803e-01
6.342629790310000404e-01,9.310478854819400629e-01
5.644329786300000817e-01,7.232352694837356211e-01
9.184709787370000100e-01,7.598778558184703380e-01
9.593539834020000656e-01,9.703387420017534071e-01
5.984159708020000412e-01,9.141297061878655983e-01
9.383450150489999197e-01,6.613389482889510118e-01
4.542250037189999867e-01,9.752176472110162253e-01
7.079470157619999204e-01,6.421607455551546773e-01
3.876500129699999575e-01,7.954159128881201912e-01
4.484339952470000057e-01,5.143094730333501730e-01
8.405709862710000202e-01,6.126696789727510417e-01
5.337110161779999862e-01,8.413970967937837164e-01
7.211350202559999589e-01,5.771485120043527983e-01
5.215386152269999576e-01,7.378726302998264153e-01
7.050759792330000275e-01,6.045983651412016879e-01
6.405649781229999506e-01,7.691008368891526503e-01
5.168589949609999623e-01,6.711363691704869128e-01
1.660409450529999997e+00,5.963705190944941226e-01
2.465307950970000217e+00,1.412535460808671761e+00
1.622156023979999917e+00,1.877133387700928857e+00
1.866270065310000170e+00,1.289808874471771505e+00
3.623536109919999415e+00,1.661488277488487819e+00
7.948709726329999947e-01,3.020639698490706238e+00
9.065989851950000400e-01,9.600493835060242009e-01
8.571879863740000660e-01,1.215885960197637283e+00
7.756379842759999477e-01,1.300822620360801096e+00
7.006700038909999817e-01,1.236305109232560095e+00
6.443409919740000769e-01,7.994338120699294725e-01
7.579550147059999077e-01,7.729337451305409168e-01
5.499600172040000068e-01,1.027101872198969756e+00
4.964669942859999408e-01,6.775553577329281874e-01
1.367677569390000070e+00,5.837748262603068561e-01
1.397894024850000250e+00,1.224880243279599989e+00
8.148130178450000427e-01,1.168052636257860044e+00
1.278898954390000009e+00,7.802089943750477596e-01
8.623980283740000363e-01,1.225703288746071928e+00
1.093865990639999897e+00,9.889174858160334480e-01
8.134710192680000285e-01,1.111985001030346476e+00
1.466687083240000078e+00,8.442031896311491534e-01
9.060310125349999577e-01,1.402595438133351635e+00
7.652140259739999006e-01,9.544751573934147082e-01
1.311033964160000176e+00,8.747363053589950477e-01
7.892500162119999718e-01,1.291465421796661461e+00
1.474902033810000068e+00,8.882961689994073318e-01
9.167850017550001063e-01,1.345496437045813565e+00
1.186140060420000086e+00,9.190348010210431795e-01
1.411391973500000008e+00,1.232791319763780757e+00
2.092472076419999993e+00,1.321115160077072748e+00
7.189220190049999681e-01,1.774604052617780869e+00
1.301861047739999888e+00,8.081938614081186634e-01
1.268974781040000055e+00,1.367402995869741122e+00
1.221997022629999874e+00,1.357688790844170601e+00
9.061110019680000960e-01,1.260851855614400829e+00
1.078873991970000112e+00,9.425613886704170552e-01
1.028025031089999874e+00,1.181052622756504134e+00
7.863690257070000689e-01,1.168661604781258800e+00
1.276852965350000035e+00,8.782213033861590024e-01
7.093420028689999546e-01,1.223115987281724770e+00
5.201929807659999572e-01,8.342120743583597564e-01
5.645610094070000473e-01,7.291370056448779335e-01
9.855200052259999177e-01,7.415977316485129478e-01
1.092841982840000004e+00,1.022368159564454260e+00
4.786899983879999709e-01,9.874056552626615524e-01
3.955059945579999514e-01,5.505799037505068050e-01
1.850703001020000071e+00,6.342120290545263384e-01
1.195796012879999815e+00,1.633526060861396845e+00
1.702510833739999896e+00,9.901250449791577646e-01
2.998351097109999586e+00,1.387858736974422413e+00
2.407080888749999925e+00,2.393990811906002936e+00
2.585943937299999718e+00,2.041165409077402959e+00
2.233839035029999920e+00,2.189692132614916353e+00
1.655773043629999997e+00,2.063411587760850541e+00
1.430611014370000156e+00,1.890864848892074734e+00
8.921740055079999676e-01,1.659312174359941050e+00
1.231696963309999893e+00,1.243780435127358475e+00
8.955079913140001624e-01,1.524770467413936403e+00
1.602033019070000064e+00,1.126036509252985596e+00
1.585399031639999956e+00,1.576030798772800834e+00
1.232059955600000034e+00,1.470687660305560973e+00
1.210371017459999976e+00,1.233088630860054158e+00
1.242141008379999967e+00,1.262309066906380117e+00
9.857040047650000858e-01,1.305654615734746615e+00
7.289689779279999726e-01,1.099255387490339020e+00
6.761519908910000876e-01,8.803490694597490007e-01
1.071573019029999907e+00,8.939452618452778943e-01
9.457439780239998983e-01,1.152589390983342010e+00
4.376370012759999706e-01,9.444019162157015757e-01
5.141820311550000522e-01,5.906301464323336914e-01
3.387190103530000052e-01,7.235432057794929372e-01
7.144280076029999593e-01,5.868553331685461005e-01
4.996199905870000180e-01,7.639599415209843425e-01
7.917379736899999854e-01,5.285212838414785619e-01
8.646243214609999894e-01,7.955020873466753795e-01
6.024960279459999901e-01,8.397409315829243992e-01
1.260069966320000123e+00,6.496171516489116504e-01
1.012339949610000067e+00,1.123598785399005928e+00
1.004528999329999950e+00,9.364376074374146652e-01
6.310235261919999727e-01,9.779133817183879307e-01
1.141221046449999887e+00,7.411314038939068594e-01
5.426099896430000014e-01,1.171561600585596441e+00
8.547459840769999762e-01,6.832319861122050364e-01
7.744219899179999311e-01,8.971045194761276820e-01
3.084340095520000102e-01,8.458577674154426074e-01
8.376209735870000506e-01,5.453639955169032882e-01
7.293469905850000767e-01,8.851505482460190199e-01
7.503905892370000830e-01,7.559453581592346927e-01
1.134822010990000019e+00,7.807646110714021592e-01
1.614240050320000064e+00,1.012527222506591773e+00
1.244793057440000128e+00,1.376236462739183875e+00
7.141630053519999466e-01,1.108925536204257378e+00
7.293040156360000026e-01,7.979110198105686669e-01
6.486989855770000091e-01,9.477444311870111271e-01
3.427990078929999962e-01,8.730299388054210130e-01
3.861860036850000011e-01,5.484597870973146883e-01
6.366299986840000535e-01,5.666324721573583467e-01
3.990480005740000280e-01,7.658603851373616545e-01
4.178859889509999870e-01,5.308078565980879349e-01
1.103790521619999909e+00,4.967184034559011807e-01
6.956189870829999622e-01,9.902759751850577219e-01
8.070139884950000564e-01,6.780311729192766146e-01
5.947690010070000310e-01,7.656478723740420822e-01
1.107607960700000005e+00,6.737964670976563930e-01
9.713580012320000012e-01,1.095639141426186569e+00
7.170349955560000321e-01,8.965781776180385965e-01
6.764810085300000386e-01,7.414453900781415863e-01
1.687772989270000190e+00,8.088973495217441911e-01
9.907569885250000485e-01,1.513587244504281060e+00
8.082039952280000161e-01,9.078758263693066377e-01
1.087718963619999979e+00,8.429927410040073399e-01
1.564818024639999861e+00,1.148830815569303221e+00
6.673809885979999912e-01,1.487373892775034623e+00
1.256489992140000123e+00,7.145783641073251147e-01
1.091886043549999963e+00,1.208801770902634409e+00
7.375509738919999725e-01,1.174565764442443871e+00
6.224380135540000802e-01,8.977958184548862075e-01
8.364729881290000613e-01,7.463129202182476885e-01
5.774260163309999916e-01,9.633886378102546333e-01
1.015761017800000054e+00,7.534324276332441395e-01
1.106158971790000001e+00,9.671786613020858514e-01
6.945540308949998964e-01,1.023518011697508667e+00
1.130903959270000092e+00,7.756588496736013250e-01
9.518219828609999489e-01,1.087889891829234346e+00
7.524570226669999862e-01,9.617834107852578640e-01
5.585229992869999993e-01,8.409612712095697606e-01
1.415836334229999771e+00,6.926853443492528850e-01
1.855298042299999839e+00,1.338373114588325974e+00
7.845479845999999702e-01,1.545317099708640285e+00
8.210539817810000862e-01,7.502853425111837282e-01
5.835890173909999978e-01,9.723255578265401766e-01
8.359720110889999889e-01,8.946563163420792053e-01
2.184663057329999880e+00,9.817904857264585505e-01
6.805480122570000123e-01,1.728360470776667990e+00
1.238904953000000031e+00,6.739364290048189821e-01
1.030328035349999949e+00,1.299195092241841820e+00
7.914109826090000022e-01,1.123259940804827828e+00
8.423720002169999832e-01,9.698308296135804696e-01
4.464710056780000769e-01,8.781903340106599343e-01
5.589337944979999584e-01,6.492520398162692219e-01
7.099329829220000221e-01,8.225542438814540391e-01
7.334340214730000751e-01,7.811022030305707631e-01
7.833399772640000647e-01,7.590415768416414188e-01
8.426809906959999985e-01,7.906266444458979192e-01
1.099761009220000085e+00,8.358175084399491750e-01
8.706315755840000614e-01,1.036936981914843070e+00
5.862460136410000411e-01,8.481191865890308490e-01
8.863990306849999223e-01,6.937309539258791347e-01
1.019399046900000050e+00,9.557980219973123415e-01
8.493610024450000129e-01,1.013425084531360598e+00
1.010666966439999870e+00,8.445852427108576643e-01
1.331516027449999973e+00,9.801414668704031552e-01
1.215008974079999859e+00,1.252878740689639114e+00
1.645591020579999952e+00,1.142398400596594366e+00
9.708780050280000351e-01,1.427795939544079129e+00
1.411272048950000135e+00,1.004053923037942164e+00
7.953929901119999313e-01,1.415144992191703865e+00
1.046331048010000098e+00,9.342599416735494211e-01
8.879339694979999642e-01,1.151693893569170069e+00
8.349300026890000836e-01,9.859869209099322296e-01
9.847199916839999290e-01,9.565429667803525549e-01
1.090394020079999970e+00,1.041543453068411784e+00
4.901649951929999416e-01,1.075060025560838906e+00
6.141669750209999279e-01,6.609361883586838404e-01
6.314740180969999894e-01,7.768390414414296785e-01
8.252440094949999860e-01,7.781790263576333633e-01
1.051450967789999913e+00,8.650899572088753819e-01
1.047114968300000060e+00,9.417049844492181299e-01
3.921430110930000379e-01,9.719568522109275355e-01
4.695149958129999912e-01,5.764737614116974829e-01
7.720900177959999500e-01,6.743459145304153690e-01
7.520099878309999264e-01,8.575948070152260572e-01
6.877393722529999698e-01,7.628639829587093857e-01
6.718119978899999012e-01,6.822557220291806113e-01
1.185933232310000029e+00,7.469074310900017943e-01
6.571980118750000432e-01,1.134678294805722798e+00
8.213180303569999063e-01,6.733388506482660407e-01
7.795739769939998842e-01,8.322850469206626300e-01
1.030122995379999962e+00,8.531021050639395753e-01
6.211889982220000217e-01,1.036097032732572476e+00
8.660820126530001106e-01,6.778241801133473299e-01
9.608931541439998947e-01,9.007794523137393483e-01
6.760399937630000577e-01,9.896289826103835674e-01
7.402380108830000083e-01,7.550285534594040060e-01
5.984709858890000511e-01,7.961131480506981051e-01
6.151059865950000427e-01,7.288522981822319613e-01
9.358735680580000382e-01,7.475662507384491784e-01
5.818247795100000008e-01,9.046519774002209635e-01
7.156659960750000327e-01,6.451046646632621062e-01
6.529520154000000298e-01,7.842240170403059762e-01
9.700022935870000751e-01,7.290345106448031798e-01
7.834500074390000623e-01,9.544235823187503520e-01
7.448130249979999506e-01,7.680925303266293858e-01
8.276180028919999376e-01,7.799514691857799553e-01
8.943400979040000420e-01,8.828977395925381444e-01
2.505017042159999985e+00,9.143431325842589219e-01
1.620712041850000062e+00,1.987122834836192675e+00
1.417585968970000110e+00,1.284846794764639588e+00
1.049872040749999957e+00,1.330675761427282167e+00
1.226507544519999993e+00,1.215706520644343369e+00
1.043179035189999881e+00,1.415075009223752067e+00
9.694439768789999690e-01,1.116865042054067780e+00
8.192250132559999454e-01,1.023146024912273688e+00
8.129550218580000598e-01,1.026615386660129969e+00
6.712080240250000163e-01,1.000622150440625635e+00
5.289899706839999993e-01,8.171779227387622191e-01
3.461930155749999849e-01,6.888686669570047716e-01
4.789490103719999947e-01,5.624324947294775390e-01
1.153810977940000093e+00,6.419491059580421100e-01
9.671270251270001062e-01,1.046489382230884946e+00
7.845839858059999727e-01,8.399457875348752545e-01
4.701859951020000428e-01,7.630670028252245496e-01
5.632782578470000301e-01,6.379977576709476850e-01
2.416239976880000528e-01,7.531602646576807114e-01
2.709859907630000064e-01,4.423949827845151117e-01
1.994680017229999991e-01,4.374884215617776406e-01
1.327169984580000017e-01,4.019491018639428925e-01
4.732620120049999546e-01,3.412619309102523091e-01
6.585559844969999244e-01,5.191419862647945749e-01
9.621880054470001165e-01,6.012913495033449518e-01
5.111979842189999790e-01,8.088482245581423147e-01
9.829789996150001263e-01,5.142276621227258593e-01
9.100099802019999684e-01,9.333537280703565475e-01
1.026576042179999870e+00,8.804650629787517113e-01
8.309389948840000262e-01,9.547975932167279689e-01
9.651920199390001676e-01,8.254633859294464582e-01
1.000543951989999902e+00,1.000878859808200350e+00
1.983185052870000131e+00,1.022890422557164669e+00
1.274855017659999978e+00,1.656709592334993708e+00
1.286525964740000028e+00,1.120461611007542491e+00
1.382244944570000245e+00,1.260908583174881192e+00
1.736924052240000016e+00,1.393989285461732841e+00
1.257668018339999971e+00,1.648390796856728180e+00
7.533379793170000838e-01,1.211807658044681490e+00
1.084908962249999886e+00,9.345414187822896901e-01
1.062494039539999990e+00,1.296963167100560144e+00
7.787629961969999570e-01,1.179917015818332748e+00
8.256469964979999965e-01,8.679860315733280984e-01
9.891830086709999525e-01,9.187727253342403699e-01
1.418092012410000047e+00,1.088188111360322008e+00
1.151677966120000063e+00,1.315056609513363783e+00
1.250364065170000094e+00,1.031753175332689620e+00
8.794019818310000458e-01,1.193156193858107894e+00
1.089423060420000144e+00,9.961338346088225437e-01
1.809062957759999701e+00,1.159355526671982606e+00
8.687390089040000207e-01,1.587677158152139389e+00
8.521729707719999380e-01,8.922554854550684977e-01
1.307837963100000112e+00,1.002453139727411680e+00
1.262575984000000151e+00,1.351225693781697101e+00
7.601559758189999627e-01,1.264699412918055099e+00
1.069887042049999959e+00,8.092236139646634685e-01
8.579840064049999437e-01,1.112371349417680566e+00
1.149323940279999956e+00,1.036904077232625232e+00
1.067142963410000034e+00,1.145738686234052617e+00
7.400619983670000401e-01,1.000912972276208901e+00
6.799880266190000411e-01,8.667473723099108351e-01
7.323921322820000634e-01,8.578646599140612450e-01
8.352749943730000126e-01,8.575290154848224100e-01
6.000829935070000065e-01,8.902109811523076788e-01
1.010563969610000168e+00,6.783592758757638341e-01
7.613970041280000434e-01,9.999542998429857832e-01
7.260069847110000030e-01,8.134909875998921347e-01
1.064324021340000037e+00,7.864273551649526572e-01
5.901079773899998715e-01,1.014724298035296179e+00
7.744659781460000447e-01,6.962671957973972647e-01
7.406870126719998781e-01,8.450351922357796086e-01
8.908360004430001533e-01,7.989958483178463133e-01
7.620100975040000613e-01,9.270020106005364413e-01
7.774500250820000069e-01,7.820870774611550225e-01
5.811070203779999943e-01,8.173489187345455154e-01
7.908779978749999051e-01,7.178074182414670990e-01
8.903719782829999652e-01,8.484891648745525039e-01
7.882059812549999656e-01,8.769275278348458436e-01
7.301949858670000459e-01,8.015692587192252416e-01
9.248933196070000529e-01,7.836556415537113685e-01
1.265586972239999941e+00,9.460690845293822093e-01
7.884140014650000694e-01,1.158114113959155311e+00
9.180610179899999501e-01,7.867106543895722170e-01
6.569269895549999516e-01,9.522027795208117817e-01
8.252680301670000107e-01,8.122233217356210622e-01
4.257229864599999525e-01,9.250637202532904224e-01
9.114630222319999309e-01,5.709998262508844125e-01
7.238519787790000937e-01,9.439937958413266994e-01
9.657319784160000031e-01,7.824414750022347098e-01
7.194200158119999911e-01,9.355555372183044227e-01
7.146480083470000411e-01,7.460016411244632106e-01
6.188799738879999790e-01,8.030965082804145672e-01
8.502969741820000094e-01,7.316995089546154407e-01
6.113014817240000065e-01,8.717175265549372831e-01
8.405809998509999881e-01,6.830093312797257399e-01
5.909900069240000553e-01,8.597385077823719302e-01
1.191807866100000002e+00,6.845399328395337379e-01
1.072478055950000009e+00,1.116099234440565136e+00
7.976800203319999172e-01,9.680627060054481925e-01
7.140370011329999489e-01,8.186093976652351056e-01
8.885610103609999921e-01,8.240772639983655612e-01
7.367290258409999737e-01,9.757994464396728684e-01
9.655410051350000744e-01,8.130836584733087680e-01
8.569459915160000385e-01,9.339328868321611354e-01
5.838339924809999859e-01,8.865351771907016287e-01
3.047562122340000457e+00,7.329338771925687501e-01
8.865389823909999301e-01,2.412379046956147910e+00
1.186460971829999878e+00,7.602921863908430611e-01
8.750730156899999557e-01,1.213944728766093384e+00
1.111973047260000014e+00,1.085993574410784923e+00
6.929270029070000447e-01,1.337179605910845170e+00
5.632749795910000357e-01,7.728430342996966962e-01
5.519689917560000048e-01,6.988469919498221383e-01
9.211350083349998386e-01,8.687167413597647325e-01
5.465030074119999748e-01,9.884106975671972384e-01
9.997850060459999577e-01,5.951606037855594611e-01
7.512239813800000166e-01,9.583342561441532403e-01
8.402569890019999654e-01,7.907855327115405064e-01
7.843149900439999600e-01,8.756664209703083346e-01
5.915480256080000165e-01,7.999768069886487032e-01
6.109840273859999948e-01,7.070897392920504343e-01
9.328789710999999540e-01,7.350406826537990712e-01
7.992020249369999885e-01,9.243989470746485360e-01
9.833549857140000405e-01,8.071873660119337490e-01
5.405290126799999761e-01,9.369247581593215246e-01
1.093670010570000128e+00,6.512421260562009095e-01
9.266330003740002041e-01,1.093657275895630443e+00
7.972419857979999858e-01,9.009458101995605483e-01
5.896059870719999596e-01,8.238678766682603349e-01
7.799540162090000672e-01,7.166373902107362470e-01
5.182790160179999717e-01,8.961724294849366945e-01
7.263879776000000676e-01,6.619026135491034024e-01
6.216366887090000182e-01,7.654361886435222528e-01
8.810679912569999717e-01,6.969796903837398583e-01
7.315016984940000411e-01,8.956826757417227780e-01
9.703850150110000516e-01,7.430571299204550284e-01
8.715350031849999901e-01,9.315422842362148792e-01
5.505740046500000595e-01,8.686920399446380614e-01
2.576299905780000121e-01,6.691721853987064872e-01
6.952109932899999123e-01,4.973628725328603783e-01
3.547430038449999601e-01,8.120339742168697361e-01
1.308350920679999918e+00,4.989806882839395441e-01
1.424710035319999957e+00,1.125946643795407764e+00
2.422243118290000385e+00,1.155329112651401369e+00
1.588093161580000023e+00,1.904208181284990475e+00
2.882889986040000352e+00,1.307392231360206880e+00
1.510810017590000109e+00,2.397734453008028233e+00
5.103110075000000245e-01,1.464483755767704398e+00
6.637499928469999810e-01,9.298275301658875946e-01
5.865659713749999948e-01,1.104995544745876135e+00
9.182999730109998593e-01,1.003503039543792275e+00
1.126363039020000123e+00,1.048124105307267628e+00
9.455379843710000065e-01,1.025138701396231422e+00
7.979699969290000583e-01,1.018143561562683930e+00
8.895260095600000527e-01,9.182366389578746624e-01
5.017459988589999531e-01,9.235110610459883462e-01
7.889080047609999813e-01,6.596474768963161983e-01
5.571460127830000220e-01,8.561761161372766216e-01
8.079270124439998924e-01,6.702246601599087805e-01
7.382910251620000697e-01,8.674616111868450608e-01
6.742079854009999096e-01,7.642787662303198726e-01
8.787713646889999675e-01,7.355020212398754031e-01
7.401880025859999268e-01,8.853293964924678905e-01
8.886500000949999478e-01,7.714439533945247618e-01
7.983270287510000340e-01,8.893869035555517222e-01
5.137799978260000344e-01,8.183763326620148160e-01
7.760372757910000141e-01,6.562386874423583594e-01
8.528280258179999906e-01,8.495888244069901285e-01
7.851629853249999513e-01,8.651094878330272131e-01
8.431609868999999646e-01,8.011613833556513464e-01
1.024798870089999925e+00,8.411866963512687478e-01
8.044279813770001120e-01,1.006195154884098386e+00
8.841310143469999216e-01,8.450483707705382930e-01
3.615649938579999501e-01,8.944948217998914819e-01
1.171491026879999842e+00,5.622320250503880512e-01
4.477910101410000343e-01,1.164096565551981932e+00
7.665730118750000432e-01,5.582262320314559378e-01
7.735599875449999940e-01,8.252593429771628575e-01
1.054823040959999902e+00,8.146873887780134993e-01
7.843300104139999673e-01,1.030057072949296160e+00
1.034250974660000155e+00,7.736901766539345804e-01
1.096979022029999973e+00,9.852593078264642035e-01
7.633029818529999400e-01,1.078281656750988304e+00
5.883730053899999257e-01,8.274885318450687643e-01
6.365630030629999547e-01,7.227144239993914532e-01
5.750700235369999858e-01,8.009260273415251818e-01
5.399640202519999654e-01,7.296697377688550201e-01
1.324671149250000068e+00,6.378705561693314152e-01
8.178460001949999780e-01,1.174679846700356300e+00
6.359609961509999909e-01,7.927745912549596374e-01
8.135920166969999867e-01,7.109232015956823414e-01
9.872140288350000903e-01,8.803879940730476861e-01
9.839289784429998686e-01,1.015905113564080420e+00
5.904790163040000150e-01,9.212359187489347345e-01
8.986790180209999201e-01,6.566027628605706212e-01
6.268000006680000125e-01,9.955643434219560994e-01
6.926850080490000172e-01,7.617130138201068101e-01
5.757049918169999669e-01,7.606920482143847417e-01
6.764680147170000213e-01,6.671312061461801557e-01
8.279470205309999997e-01,7.770045855349485553e-01
6.547859907149999881e-01,8.443104621431406498e-01
1.085815548900000094e+00,6.869032542277124787e-01
8.509550094600001335e-01,1.018155866799791198e+00
8.879359960559999321e-01,8.413336951993420909e-01
6.557850241659999302e-01,8.980202005323540959e-01
6.597809791559999804e-01,7.453647681357904453e-01
8.856279850010000398e-01,7.917146357274982282e-01
7.502999901769999980e-01,9.186878742258154373e-01
9.303160309790000637e-01,7.769743023037820606e-01
7.259460091590000941e-01,9.243583188814697982e-01
7.123904824259998936e-01,7.868136553723663607e-01
9.326570034029998402e-01,8.064170147391498400e-01
6.544970273969999974e-01,9.354455538008378257e-01
4.987269937989999846e-01,7.233716820561668648e-01
9.782410264020000579e-01,6.414986508323561321e-01
5.593240261080000275e-01,9.816217617751095137e-01
8.733990192409999409e-01,6.587470107488591076e-01
6.232500076290000690e-01,8.681188903321549466e-01
6.319249868390000024e-01,6.833849314421330812e-01
8.335350155830000274e-01,7.552268941688561332e-01
8.613430261610000027e-01,8.442286142349221256e-01
1.036013007159999999e+00,8.407213626664947759e-01
6.160370111469999355e-01,9.779596270163883887e-01
9.874529838560001105e-01,6.858022694694991817e-01
6.686739921569999634e-01,1.012002545453561053e+00
6.455339789389999972e-01,7.587075781192500479e-01
1.007030010220000049e+00,7.457838182012831441e-01
7.763000130650000719e-01,9.853463062784795223e-01
9.358490109440000815e-01,8.186532790846093866e-01
6.626719832419999401e-01,9.344750408515635209e-01
1.113351941109999910e+00,7.342880288255217991e-01
5.495319962500000432e-01,1.105749973080031090e+00
9.273632764820001206e-01,6.509735341939408837e-01
8.215330243109999486e-01,9.463400836420046147e-01
9.193540215490000334e-01,8.662556775014770283e-01
6.899859905239998925e-01,9.420886046489834742e-01
6.497738957409999738e-01,7.490761604025873988e-01
9.705049991610000815e-01,7.638773352203314104e-01
8.034440279009998909e-01,9.976910794999370724e-01
8.920990228650002019e-01,8.142164434685534857e-01
7.462270259859999921e-01,8.846532354244081020e-01
1.495407462120000197e+00,8.108439406950478379e-01
7.597569823270000633e-01,1.358117922168035729e+00
9.677280187610000084e-01,7.697100087123817103e-01
1.126011013979999920e+00,9.872304715488243732e-01
7.641419768330000029e-01,1.130950842216461805e+00
1.423818945879999909e+00,8.817805393107517320e-01
8.309190273280000483e-01,1.296918806665751989e+00
5.316870212550000030e-01,8.612179387827918475e-01
6.942920088770000442e-01,7.666010831470987386e-01
1.097100019450000019e+00,8.522708248830188626e-01
8.623710274700000511e-01,1.103791206215410936e+00
9.711959958080000899e-01,8.485501067756597848e-01
7.501904964450000213e-01,9.213663180409469300e-01
5.659890174870000346e-01,8.628717724085389618e-01
7.235890030859999378e-01,7.527801178547454120e-01
1.088876962660000114e+00,7.962608697645252587e-01
2.614549994470000138e-01,1.028485802451015063e+00
1.923168003559999895e-01,4.402114000687022410e-01
2.048390060660000012e-01,4.548532517940127584e-01
3.752999901769999980e-01,4.827535966995559757e-01
1.878910064700000104e-01,5.354226685232629235e-01
4.178839921949999980e-01,2.726756091457160913e-01
6.128349900249999704e-01,4.704203960174352384e-01
4.822100102900000462e-01,6.409727620049257002e-01
8.136649727820000066e-01,4.986573982833006347e-01
8.997989892959999958e-01,7.229735650387328905e-01
7.667459845540000041e-01,8.225730725007757149e-01
6.762999892229999421e-01,7.572263174720206269e-01
9.804093837739999984e-01,7.121198717613598239e-01
1.075533032420000090e+00,9.713568250797220971e-01
6.459739804270000496e-01,1.018780380402952490e+00
7.601699829100000416e-01,6.944017540535635247e-01
8.707180023190000950e-01,8.468420378947146832e-01
1.045557022089999899e+00,9.504186981769296994e-01
4.832339882850000268e-01,1.014886767538764278e+00
1.085988998409999962e+00,5.743987470444742449e-01
7.320979833600000930e-01,1.087140196518064261e+00
7.128990292550000385e-01,8.207454063569186165e-01
1.045389056210000112e+00,7.864392155610422375e-01
7.359200119969999676e-01,9.940049609332537450e-01
8.956930041310000590e-01,8.120765603541526545e-01
8.745509982110000191e-01,9.282155660324344915e-01
9.237470030779999508e-01,8.786986847790241306e-01
9.997780323029999971e-01,9.614997606931567908e-01
1.739534020420000049e+00,9.804337014717098286e-01
8.107889890670000321e-01,1.483778644506115629e+00
7.049050331119999235e-01,8.362971591669687843e-01
8.328269720080000438e-01,8.624812210143868452e-01
8.276600241660000412e-01,9.922339141446392397e-01
8.953109979629999549e-01,9.584248817234669593e-01
1.459501028060000039e+00,8.864988517572266469e-01
1.179519057270000060e+00,1.281760549043431618e+00
1.443411946299999915e+00,1.137340189113874800e+00
1.306735038760000078e+00,1.321776301795134723e+00
7.634999752040000365e-01,1.225561784814042099e+00
1.145148038860000161e+00,9.305090236232392842e-01
7.253450155259999477e-01,1.210074600003438139e+00
7.633590102199999672e-01,8.777552857965222888e-01
6.174820065499999622e-01,9.223522935531265343e-01
1.029322981830000039e+00,7.631852708481867698e-01
1.302055954929999926e+00,1.072353143937864850e+00
3.164124965670000122e+00,1.182664838383547190e+00
9.734439849849999549e-01,2.411805161358547167e+00
1.229671001429999855e+00,8.539205341832021290e-01
7.441530227660000385e-01,1.342325115467261076e+00
1.063034057620000139e+00,1.081521532430046451e+00
1.123872041700000102e+00,1.299078332438612815e+00
8.984770178789999173e-01,1.070567787003074312e+00
7.175139784810000698e-01,9.414555368906240007e-01
5.367509722709999931e-01,9.811519382233708786e-01
1.175443053249999981e+00,7.713514551167841571e-01
1.101048946379999949e+00,1.152045138242316691e+00
5.734490156170000130e-01,9.995918648876078727e-01
1.431144952770000200e+00,6.544586444258231328e-01
1.037794947620000130e+00,1.346894223131957169e+00
6.568620204930000206e-01,1.037137255743425523e+00
1.074908018110000141e+00,7.599565238704134584e-01
1.385972023009999887e+00,1.064246361512680927e+00
1.004804968829999812e+00,1.334061282662587278e+00
1.609539985660000116e+00,9.918188896000514898e-01
2.817575931549999524e+00,1.398816384762411769e+00
1.962562561039999931e+00,2.309099470102146334e+00
1.279752016069999998e+00,1.659915232067057600e+00
1.995329976079999845e+00,1.283708630077529111e+00
2.033385992049999924e+00,1.996755449573712538e+00
1.307443976400000096e+00,2.004167900243115863e+00
1.611258029939999892e+00,1.321966509335510853e+00
2.040218114850000042e+00,1.611041206697446659e+00
2.183244943620000100e+00,2.052519836866650849e+00
1.351415991779999937e+00,2.018651650034559264e+00
7.242180109020001089e-01,1.319294426227401118e+00
1.363389015200000109e+00,1.095745678723111238e+00
1.526808977129999967e+00,1.624467749353490698e+00
1.784019589419999940e+00,1.508381943187988794e+00
1.103597044940000105e+00,1.555656878222180017e+00
1.763007998470000004e+00,1.136056388369352632e+00
1.157549023629999896e+00,1.776690910350306796e+00
1.153326034550000045e+00,1.254719448428570416e+00
2.362811088559999551e+00,1.214044619819448334e+00
2.580787897110000007e+00,2.046788292937680609e+00
1.242146968839999976e+00,2.158090069811305689e+00
1.712821006770000265e+00,1.239608669249651740e+00
6.676509976389999323e-01,1.748935134321680573e+00
8.271329998970000652e-01,1.115224741269466024e+00
9.642647504810000214e-01,1.166191733285214083e+00
1.394161701200000048e+00,1.046916107302577670e+00
7.584049701689999923e-01,1.398149089096123232e+00
6.900759935379999765e-01,8.950015337960757211e-01
6.740249991419999809e-01,8.476878488295783720e-01
8.615220189090000424e-01,8.869712583329933953e-01
7.907469868659999790e-01,9.409121410033852717e-01
7.285000085830000138e-01,7.799726515568877749e-01
2.411980032920000017e-01,7.781726336896558349e-01
3.354600071909999981e-01,5.032962747281273241e-01
5.912460088730000507e-01,5.716744407602256661e-01
1.058426976200000036e+00,6.742301424450181102e-01
7.669919729230000316e-01,9.303406570311500978e-01
5.881239771840000019e-01,6.878796571218058764e-01
5.922303199769999305e-01,6.579392574953039086e-01
8.753510117530000079e-01,7.320443989810344609e-01
7.038279771799998974e-01,8.952154893740691399e-01
5.677499771120000371e-01,6.964501060799219712e-01
7.133870124819999825e-01,6.380225855313160777e-01
1.077505946160000061e+00,8.079533744887323898e-01
6.909419894220000247e-01,1.036347670083799022e+00
7.724580168719999973e-01,6.927232497777560116e-01
7.237120270730000859e-01,7.974568821245544559e-01
9.752489924429997847e-01,8.206162575498487932e-01
9.151769876480000399e-01,9.885870820092365063e-01
7.574009895319999686e-01,8.687611499245215807e-01
6.912069916730000374e-01,7.960290273578546349e-01
1.183527946470000147e+00,8.127028405403837752e-01
7.705749869349999281e-01,1.141763408785924305e+00
8.947700262070000798e-01,7.888543363086019111e-01
6.143350005150000070e-01,9.064414557388261739e-01
7.692319750789999855e-01,7.484145603357414966e-01
9.070749878880000061e-01,8.927143738046795507e-01
4.068099856379999713e-01,9.050357402177828803e-01
5.138880014419999753e-01,5.408807693032328112e-01
2.481469959019999838e-01,6.804297355665167579e-01
2.568759918210000159e-01,4.791590826869619457e-01
5.980659723279999618e-01,4.651848274948653938e-01
5.981699824330000137e-01,6.252346384734819296e-01
8.801140189170000294e-01,5.996989637085639036e-01
1.085649013520000095e+00,8.039913671629134173e-01
9.920129775999999566e-01,9.343234451551845066e-01
8.743849992749999078e-01,9.114811266722913086e-01
8.770260214810000621e-01,8.651428860952702360e-01
1.008928894999999937e+00,9.128229186228983272e-01
8.088759779930000393e-01,1.027830611423823148e+00
6.714209914210000907e-01,8.547344075816538655e-01
7.449629902840000373e-01,7.803682923431983776e-01
6.942679882050000195e-01,8.648214487989376309e-01
1.001886010170000008e+00,8.039089216899414359e-01
7.935580015180000446e-01,9.706257310738646282e-01
8.450049161910000439e-01,7.991256962977330014e-01
8.031240105629999793e-01,8.849555948928241600e-01
5.744469761850000689e-01,8.576861835975919668e-01
5.679720044139999757e-01,7.034804430907273254e-01
4.538080096239999195e-01,6.959589083805348686e-01
8.494881391529999215e-01,6.063604270444494793e-01
4.064599871639999473e-01,8.759916112283769873e-01
2.453519999980000310e-01,5.062025510378458382e-01
2.323218107220000217e+00,4.348838712371603243e-01
2.027115583420000089e+00,1.879374658540474474e+00
1.581117987629999888e+00,1.508862887787019824e+00
1.727049946780000012e+00,1.260068360727149228e+00
1.150642037389999928e+00,1.582993344237178190e+00
1.607933998109999818e+00,1.383061175480283733e+00
1.331233978270000007e+00,1.601537656822824118e+00
1.221642017359999999e+00,1.259252647555128224e+00
1.583541989330000010e+00,1.348880249992321811e+00
1.608662128450000006e+00,1.596991196824962822e+00
2.185653924939999992e+00,1.541810950115162004e+00
2.989559888840000124e+00,1.927030935817390711e+00
7.574499845500000106e-01,2.430668760539962836e+00
1.811344027520000122e+00,9.434964285296698616e-01
1.527951955800000094e+00,1.927155776640967044e+00
8.892235755919999374e-01,1.646603736316911926e+00
