1.069700956339999953e+00,1.117303729057312012e+00
7.274609804150000691e-01,9.650275111198425293e-01
7.892770171170000459e-01,7.673985958099365234e-01
6.237750053410000550e-01,8.212884664535522461e-01
6.914690136910000007e-01,7.155841588973999023e-01
8.557710051540000640e-01,7.645375728607177734e-01
7.093830108640000187e-01,8.630911111831665039e-01
1.014547944070000041e+00,7.720303535461425781e-01
1.115731000900000103e+00,9.643424749374389648e-01
4.182830154900000208e-01,1.012909889221191406e+00
1.002280950550000105e+00,5.861470699310302734e-01
1.218860983849999968e+00,9.907526969909667969e-01
1.143296003339999922e+00,1.081049680709838867e+00
6.528189778330000248e-01,1.010173559188842773e+00
6.746559739110000731e-01,7.235605716705322266e-01
6.009536385540000802e-01,7.733725905418395996e-01
6.694570183749999348e-01,7.119031548500061035e-01
6.538079977039999990e-01,7.493861317634582520e-01
7.814120054240000224e-01,7.499808073043823242e-01
1.206303954120000022e+00,8.233608007431030273e-01
8.469259738919999725e-01,1.069274306297302246e+00
8.286409974099999687e-01,8.275259733200073242e-01
6.482390165329999787e-01,8.492133617401123047e-01
5.623700022700000023e-01,7.309195995330810547e-01
7.183309793469999649e-01,6.749718785285949707e-01
1.099647998810000082e+00,7.710162401199340820e-01
9.541710019110000163e-01,1.003524661064147949e+00
7.290139794350000146e-01,9.143528938293457031e-01
6.694499850270000385e-01,8.022668957710266113e-01
8.631219863889999511e-01,7.713773250579833984e-01
6.464660167689999515e-01,8.708902001380920410e-01
8.223180174830000411e-01,7.331091165542602539e-01
9.235979914669999458e-01,8.471951484680175781e-01
8.300920128820000743e-01,8.923761844635009766e-01
1.067314028740000031e+00,8.395152091979980469e-01
1.546175003050000107e+00,1.001444101333618164e+00
6.827279925350000500e-01,1.285851955413818359e+00
6.385620236399999206e-01,7.361695766448974609e-01
6.464239954950000699e-01,7.778142690658569336e-01
6.881093978879999629e-01,7.720519304275512695e-01
7.273989915849999877e-01,7.719632983207702637e-01
6.500350236890000133e-01,7.753036618232727051e-01
8.693690299990000092e-01,7.306560277938842773e-01
4.408580064769999640e-01,8.675811886787414551e-01
4.518609941010000575e-01,5.905535817146301270e-01
7.575070261959999662e-01,6.288826465606689453e-01
4.952389895920000229e-01,8.115522265434265137e-01
6.850870251659999521e-01,6.376233100891113281e-01
7.243813276289999825e-01,7.742171883583068848e-01
8.653740286830000628e-01,7.748148441314697266e-01
7.400469779970000328e-01,8.534077405929565430e-01
8.070759773250000269e-01,7.750868201255798340e-01
8.204330205920000729e-01,8.228960037231445312e-01
1.114411950110000049e+00,8.333988785743713379e-01
1.108605027200000093e+00,1.010448813438415527e+00
4.751499891279999943e-01,9.932673573493957520e-01
1.039268016820000140e+00,6.176722645759582520e-01
9.457899928089998909e-01,1.006433844566345215e+00
7.877500057220000462e-01,9.051202535629272461e-01
3.504549860949999762e-01,8.116362690925598145e-01
9.367713332179998797e-01,5.518700480461120605e-01
9.868059754369999936e-01,9.379572272300720215e-01
6.470239758489999549e-01,9.339200258255004883e-01
1.029777050020000084e+00,7.325088381767272949e-01
1.187446951870000156e+00,9.836040139198303223e-01
9.328820109370000724e-01,1.066266894340515137e+00
7.528370022769999004e-01,9.116778373718261719e-01
6.420040130619999452e-01,8.334445953369140625e-01
2.307340055699999559e-01,7.644975185394287109e-01
4.714997112749998998e-01,4.896560907363891602e-01
8.772729635240000823e-01,6.203445196151733398e-01
7.876309752460000091e-01,8.561523556709289551e-01
2.742219865320000283e-01,8.036310672760009766e-01
3.992269933219999567e-01,5.237240195274353027e-01
9.923512339589999343e-01,6.156988739967346191e-01
7.627239823340000724e-01,9.600117206573486328e-01
7.200859785079999353e-01,7.803704142570495605e-01
6.264780163759999798e-01,7.947335243225097656e-01
7.269890308380000388e-01,7.326115965843200684e-01
9.301019906999998810e-01,7.854735255241394043e-01
6.872699856759999504e-01,9.005146026611328125e-01
8.662552833559999943e-01,7.375110387802124023e-01
8.352038264269999734e-01,8.632749319076538086e-01
9.402499794960000878e-01,8.332550525665283203e-01
1.023357987399999836e+00,9.111447334289550781e-01
7.322629690170000538e-01,9.724016189575195312e-01
9.300749897960000068e-01,7.807261943817138672e-01
8.702930212019999168e-01,9.100609421730041504e-01
5.104020237919999481e-01,8.662801980972290039e-01
1.025817990299999982e+00,6.651940941810607910e-01
4.551239907739999535e-01,9.885284900665283203e-01
7.345349788670000324e-01,5.902562141418457031e-01
7.012919783589999234e-01,7.912116646766662598e-01
1.014386057849999911e+00,7.564221024513244629e-01
1.123770236970000225e+00,9.547206163406372070e-01
4.825370013710000294e-01,1.003743052482604980e+00
4.689320027829999571e-01,6.054018735885620117e-01
8.755196928980000237e-01,6.435544490814208984e-01
1.145424962039999883e+00,8.938167095184326172e-01
1.943787455559999877e+00,1.029903292655944824e+00
1.557039022450000143e+00,1.510498404502868652e+00
2.104775905609999942e+00,1.237182736396789551e+00
1.062240004540000005e+00,1.665180087089538574e+00
7.867829799650000178e-01,9.646128416061401367e-01
2.247971057890000068e+00,8.430146574974060059e-01
5.664669871329999218e-01,1.740032672882080078e+00
8.389729857439999217e-01,6.406350731849670410e-01
3.188189864160000386e-01,9.817535281181335449e-01
6.386680006980000046e-01,6.283483505249023438e-01
7.540266513819999794e-01,7.911797165870666504e-01
1.085826039310000102e+00,7.901949882507324219e-01
6.014299988750000381e-01,9.885128140449523926e-01
6.923220157619999204e-01,6.840624809265136719e-01
8.782439827919999997e-01,7.729802727699279785e-01
1.279224038119999962e+00,8.780834674835205078e-01
7.251669764520000117e-01,1.113260030746459961e+00
4.283109903339999969e-01,7.525725364685058594e-01
7.012249827380000466e-01,6.078752279281616211e-01
8.846225738529999161e-01,7.762452960014343262e-01
7.809653878210001121e-01,8.653383255004882812e-01
9.259700179099999984e-01,8.014431595802307129e-01
9.178640246389999646e-01,9.152510166168212891e-01
9.073020219800000952e-01,9.184963703155517578e-01
4.099450111390000040e-01,9.053821563720703125e-01
8.741459846500000408e-01,5.747171640396118164e-01
1.231343984599999830e+00,8.710620403289794922e-01
7.683960199359999299e-01,1.074703335762023926e+00
9.357339143749998644e-01,7.716692686080932617e-01
7.523270249369999885e-01,9.099735021591186523e-01
6.247839927670000293e-01,7.814114093780517578e-01
1.977947235110000035e+00,7.190245389938354492e-01
2.476479291920000048e+00,1.563223361968994141e+00
6.822599768639999729e-01,1.856621265411376953e+00
1.294077992440000102e+00,8.094539046287536621e-01
2.116506099700000032e+00,1.329738736152648926e+00
2.030230045320000176e+00,1.770970702171325684e+00
1.727593064309999926e+00,1.615952014923095703e+00
1.321619033810000010e+00,1.454322338104248047e+00
1.114274978639999913e+00,1.218953609466552734e+00
1.618482947350000201e+00,1.078852176666259766e+00
1.102354049679999948e+00,1.349766373634338379e+00
8.501269817350000091e-01,9.854339957237243652e-01
6.531813144679999850e-01,8.701416850090026855e-01
6.168276071549999573e-01,7.548942565917968750e-01
1.023204803470000090e+00,7.260652780532836914e-01
1.176781058310000017e+00,9.694073796272277832e-01
1.108754038809999898e+00,1.044958114624023438e+00
9.838110208509999177e-01,1.021794915199279785e+00
1.829927563670000312e+00,9.512484669685363770e-01
1.342131018639999951e+00,1.468294382095336914e+00
1.265669584270000092e+00,1.124636411666870117e+00
7.930377125740000199e-01,1.192086338996887207e+00
1.030689358710000114e+00,8.945816755294799805e-01
8.210232257839999992e-01,1.036163330078125000e+00
1.099169254300000009e+00,8.530409336090087891e-01
5.255355238910000004e-01,1.031223177909851074e+00
7.758393883709999717e-01,6.546509265899658203e-01
7.209759950640000081e-01,8.446413874626159668e-01
8.666771054269999386e-01,7.823082208633422852e-01
8.462041020389999835e-01,8.598443865776062012e-01
7.614132165909999195e-01,8.367624282836914062e-01
6.587246060370000045e-01,7.896217703819274902e-01
1.078659296040000104e+00,7.380505800247192383e-01
1.281940340999999872e+00,1.000649333000183105e+00
6.600005030629999547e-01,1.111011266708374023e+00
1.112500548360000119e+00,7.613102197647094727e-01
6.280704736709999958e-01,1.111292481422424316e+00
6.864575743680000341e-01,7.627732157707214355e-01
9.000409841540001343e-01,7.888379693031311035e-01
7.342569231990000445e-01,8.815404176712036133e-01
1.011121273039999879e+00,7.804564833641052246e-01
8.827599883079999543e-01,9.663422107696533203e-01
7.521411776540001259e-01,8.647341132164001465e-01
9.489411115649999395e-01,7.928190827369689941e-01
6.799052953720000625e-01,9.147371649742126465e-01
7.211565971369999772e-01,7.447708845138549805e-01
6.504104733470000843e-01,7.912356853485107422e-01
7.167106270790000178e-01,7.408791780471801758e-01
9.056316018100001308e-01,8.060621023178100586e-01
6.526464819910000603e-01,9.110618829727172852e-01
7.056654095649999014e-01,7.266444563865661621e-01
6.581057906149999637e-01,7.678106427192687988e-01
6.592794060709999959e-01,7.299175858497619629e-01
6.634064316750000190e-01,7.400319576263427734e-01
7.808002829549999246e-01,7.414801716804504395e-01
7.565907239910000248e-01,8.089492917060852051e-01
9.280405640599999062e-01,7.895181179046630859e-01
7.073829770089999913e-01,8.989127278327941895e-01
3.888399899009999383e-01,7.619379162788391113e-01
3.422417938710000107e-01,5.854439139366149902e-01
2.337300032380000003e-01,5.642414093017578125e-01
1.459127068520000015e-01,4.800317287445068359e-01
3.949534893039999828e-01,4.107414782047271729e-01
9.678409695629999199e-01,5.677877068519592285e-01
7.839220166210000285e-01,9.183332920074462891e-01
8.333759903910000766e-01,7.880615592002868652e-01
9.723259806630000224e-01,8.490644693374633789e-01
6.905210018160000685e-01,9.261730909347534180e-01
1.345324039460000121e+00,7.412462234497070312e-01
7.227010130879999439e-01,1.184527635574340820e+00
6.804850101469999135e-01,7.892631888389587402e-01
7.610610127449999318e-01,8.150354027748107910e-01
8.075709938999999782e-01,8.410173058509826660e-01
5.886639952659999953e-01,8.347882628440856934e-01
9.960750937460000065e-01,7.004336118698120117e-01
1.045413970949999882e+00,9.543334245681762695e-01
4.713059961800000752e-01,9.590907096862792969e-01
1.047140955920000005e+00,6.204882264137268066e-01
1.126214265820000060e+00,1.010200381278991699e+00
2.560461759570000329e+00,1.013300418853759766e+00
7.747610211370000721e-01,1.969452619552612305e+00
7.172060012819999608e-01,8.988604545593261719e-01
8.005080223080000001e-01,1.051890373229980469e+00
5.680390000339999856e-01,1.076948523521423340e+00
1.195780038829999947e+00,8.176799416542053223e-01
7.970449924470000003e-01,1.119054436683654785e+00
4.899359941480000979e-01,8.345256447792053223e-01
9.918130040170001216e-01,6.741715073585510254e-01
7.445690035819999553e-01,9.826597571372985840e-01
6.096370220180000743e-01,7.783598899841308594e-01
8.565919995309999591e-01,7.029411792755126953e-01
8.144299983980000102e-01,8.631699085235595703e-01
7.605929970739999657e-01,8.269165754318237305e-01
9.157519936559999074e-01,7.984388470649719238e-01
7.421634793279999753e-01,8.954851627349853516e-01
7.329360246660000522e-01,7.794064283370971680e-01
8.745691180230000805e-01,7.860267162322998047e-01
9.644910097120000803e-01,8.796594142913818359e-01
1.477671980859999845e+00,9.196204543113708496e-01
6.752679944040000937e-01,1.276820063591003418e+00
5.030400156970000758e-01,8.244734406471252441e-01
7.066659927370000371e-01,7.750957608222961426e-01
2.968195915220000369e+00,8.708775043487548828e-01
1.255300998690000114e+00,2.218421220779418945e+00
4.084815025330000182e+00,1.007912158966064453e+00
1.692322969440000158e+00,2.974506139755249023e+00
4.121052026750000041e-01,1.237715244293212891e+00
1.035750985149999970e+00,6.769268512725830078e-01
6.408920288089999806e-01,1.137198567390441895e+00
7.065470218660000468e-01,8.032301068305969238e-01
1.060830354689999977e+00,7.812589406967163086e-01
1.880954027180000265e+00,9.722011089324951172e-01
1.886373996729999947e+00,1.471332073211669922e+00
1.328773975370000082e+00,1.453506588935852051e+00
3.931840062139999592e-01,1.128726840019226074e+00
6.382430195809999374e-01,5.958548188209533691e-01
1.045531988140000035e+00,7.951509952545166016e-01
6.588029861449999913e-01,1.006600618362426758e+00
8.046740293499999863e-01,7.210412025451660156e-01
8.740410208700001293e-01,8.438714742660522461e-01
8.532550334930000258e-01,8.691689372062683105e-01
8.952109813690000140e-01,8.470326662063598633e-01
7.301589846610000434e-01,8.796333670616149902e-01
4.149410128589999802e-01,7.807068228721618652e-01
2.700940072540000125e-01,5.971713662147521973e-01
4.911319911479999356e-01,5.045440196990966797e-01
5.079169869420000483e-01,6.313871741294860840e-01
1.224020004270000017e+00,6.395646333694458008e-01
1.267657995220000222e+00,1.101625442504882812e+00
2.633487939829999736e+00,1.125928401947021484e+00
3.999615430830000040e+00,2.006278276443481445e+00
6.651418209080000032e+00,2.861360549926757812e+00
2.102678060530000170e+00,4.651406288146972656e+00
1.283689975739999989e+00,1.651281118392944336e+00
1.291347503659999951e+00,1.865395069122314453e+00
1.353754043579999733e+00,1.863374710083007812e+00
2.390191078189999985e+00,1.724865555763244629e+00
1.461441040039999972e+00,2.099396228790283203e+00
1.599208951000000045e+00,1.254003286361694336e+00
1.471150994300000070e+00,1.420765399932861328e+00
1.298205018039999992e+00,1.297752618789672852e+00
1.579622030259999921e+00,1.163532733917236328e+00
1.360355019570000268e+00,1.340471744537353516e+00
8.036410212519999874e-01,1.176613807678222656e+00
4.276689887049999750e-01,8.611947298049926758e-01
2.694070041180000041e-01,6.844725012779235840e-01
3.897170126439999938e-01,5.854079127311706543e-01
4.179170131680000067e-01,6.297950148582458496e-01
1.546036005019999937e+00,6.024369001388549805e-01
1.017611026760000037e+00,1.293106436729431152e+00
8.653150200839999640e-01,9.144316315650939941e-01
6.194109916690000439e-01,8.737895488739013672e-01
8.454149961469999974e-01,7.334513068199157715e-01
8.048596382139999728e-01,8.831909894943237305e-01
1.435889005660000217e+00,8.284882903099060059e-01
2.565752029420000024e+00,1.218282341957092285e+00
6.206179142000000759e+00,1.887548804283142090e+00
9.309499859810000943e-01,4.224322319030761719e+00
9.077759981159999603e-01,6.814348101615905762e-01
4.609797894950000141e-01,1.366422176361083984e+00
5.264570117000000327e-01,1.028601288795471191e+00
7.942249774930000283e-01,9.228024482727050781e-01
9.704009890559999185e-01,8.987032175064086914e-01
6.695889830590000535e-01,9.189696907997131348e-01
6.997730135920000594e-01,7.213469743728637695e-01
6.903669834139999351e-01,7.587696909904479980e-01
6.361600160600000553e-01,7.531812787055969238e-01
9.726700186730000697e-01,7.248933911323547363e-01
6.393389701839999884e-01,9.420183300971984863e-01
5.123779773709999930e-01,7.266951203346252441e-01
5.699130296709999932e-01,6.703707575798034668e-01
8.318089842800000522e-01,7.040947675704956055e-01
4.694110155110000071e-01,8.517712950706481934e-01
9.054309725759999150e-01,6.188870072364807129e-01
8.482750058169999940e-01,9.089086651802062988e-01
6.566630005839999562e-01,8.549700975418090820e-01
6.324055790899999474e-01,7.392871975898742676e-01
3.268550038340000130e-01,7.205472588539123535e-01
3.047409951689999952e-01,5.240872502326965332e-01
2.159480005499999911e-01,5.292029976844787598e-01
2.148479968310000043e-01,4.661006629467010498e-01
1.512310057880000003e-01,4.581283032894134521e-01
4.153338372709999837e-01,4.213792085647583008e-01
7.344200015070000420e-01,5.852604508399963379e-01
9.913370013240000445e-01,7.756268978118896484e-01
7.910000085830000138e-01,9.305199980735778809e-01
7.429170012469999973e-01,8.040573000907897949e-01
7.426548600200000294e-01,7.837523221969604492e-01
8.799139857289999256e-01,7.843557000160217285e-01
7.376829981800000491e-01,8.704544901847839355e-01
1.240342974660000097e+00,7.822162508964538574e-01
8.343409895899999151e-01,1.108475446701049805e+00
3.054729998110000122e-01,8.361601233482360840e-01
8.929460048680001316e-01,5.418683290481567383e-01
1.285866022110000007e+00,9.135640263557434082e-01
4.146400094030000538e-01,1.115375161170959473e+00
1.090137004850000091e+00,5.710191726684570312e-01
5.923830270769999684e-01,1.071026921272277832e+00
3.773260116580000045e-01,7.156325578689575195e-01
2.693597316740000469e+00,5.833138823509216309e-01
2.288666009900000020e+00,1.996093034744262695e+00
8.955270051960001476e-01,1.681340217590332031e+00
8.070570230480000884e-01,9.990325570106506348e-01
1.194862961769999954e+00,1.077236771583557129e+00
8.929409980769997812e-01,1.266313433647155762e+00
9.776080250740000199e-01,9.507721662521362305e-01
1.832507014270000179e+00,9.671302437782287598e-01
1.403792977329999747e+00,1.489619016647338867e+00
7.223749756810000644e-01,1.169949054718017578e+00
6.599410176280000595e-01,7.949146032333374023e-01
7.407349944109999917e-01,7.893806099891662598e-01
5.553659796709999874e-01,8.113244771957397461e-01
1.236768960949999885e+00,6.674685478210449219e-01
6.214020252229999208e-01,1.103349089622497559e+00
7.108730077739999764e-01,6.988850831985473633e-01
3.064779937269999643e-01,8.026773929595947266e-01
6.473349928859999380e-01,5.338830947875976562e-01
5.458269715310000159e-01,7.453076243400573730e-01
1.024247765539999966e+00,6.575635075569152832e-01
8.176820278170000567e-01,9.643762111663818359e-01
7.440620064740001149e-01,8.237913846969604492e-01
7.367150187490000279e-01,8.360360264778137207e-01
5.768560171130000525e-01,8.297816514968872070e-01
9.152600169179998524e-01,7.007176280021667480e-01
1.137029051779999911e+00,8.945389389991760254e-01
4.960080087179999930e-01,1.030222773551940918e+00
4.941360056399998757e-01,6.152071356773376465e-01
8.834533095360000976e-01,6.373129487037658691e-01
1.271524906160000024e+00,8.583182096481323242e-01
8.864369988439999570e-01,1.083519339561462402e+00
8.988280296330001251e-01,8.489885330200195312e-01
9.049779772759999341e-01,9.238151311874389648e-01
8.299319744109999730e-01,9.210067987442016602e-01
8.756300210950000995e-01,8.518552780151367188e-01
5.502920150760000073e-01,8.639299869537353516e-01
1.073919415470000027e+00,6.634425520896911621e-01
8.491920232770000521e-01,9.986338019371032715e-01
6.393229961399998773e-01,8.364098668098449707e-01
7.995309829709998928e-01,7.380051612854003906e-01
9.646000266079999275e-01,8.373318314552307129e-01
8.413559794430000016e-01,9.243380427360534668e-01
7.011449933050000194e-01,8.516218066215515137e-01
7.240070104600000445e-01,7.771463990211486816e-01
1.010308027270000020e+00,7.868771553039550781e-01
6.538060307499999890e-01,9.480175971984863281e-01
7.932850122450000319e-01,7.167020440101623535e-01
6.538396477699999210e-01,8.246318101882934570e-01
1.160789966579999888e+00,7.227751016616821289e-01
8.085789680480000019e-01,1.040665984153747559e+00
3.743770122530000188e-01,8.022002577781677246e-01
2.556999921800000020e-01,5.650696754455566406e-01
4.893150031570000502e-01,5.023616552352905273e-01
1.151844024660000132e+00,6.348046064376831055e-01
7.372779846189999597e-01,1.035442113876342773e+00
1.088750958439999916e+00,7.608168125152587891e-01
1.975852966309999514e+00,1.009037971496582031e+00
8.547700047490001118e-01,1.544101238250732422e+00
7.977370023729999371e-01,8.330959677696228027e-01
1.052428960799999924e+00,9.215143918991088867e-01
3.179450988770000208e+00,1.062575697898864746e+00
1.797067999840000319e+00,2.351096153259277344e+00
1.056702017779999947e+00,1.353054285049438477e+00
8.751260042189999977e-01,1.038794875144958496e+00
6.645399928090000019e-01,9.643865823745727539e-01
7.571684122089999969e-01,7.936012744903564453e-01
1.368484020229999931e+00,8.000402450561523438e-01
9.052469730380000579e-01,1.171274542808532715e+00
1.032060980800000083e+00,8.810981512069702148e-01
6.141330003739999821e-01,1.025426387786865234e+00
9.733130335809998535e-01,7.472494840621948242e-01
6.452289819719999597e-01,9.628061056137084961e-01
4.894390106200000035e-01,7.037441134452819824e-01
8.408679962160000576e-01,6.284925341606140137e-01
7.771940231319999226e-01,8.508415222167968750e-01
6.755350232119999854e-01,7.931831479072570801e-01
6.592059731480000018e-01,7.373217344284057617e-01
1.084153056139999904e+00,7.359049320220947266e-01
9.314100146289999715e-01,9.957455396652221680e-01
1.359479665760000122e+00,8.830372095108032227e-01
7.633988261220000515e-01,1.167751073837280273e+00
5.357339978220000409e-01,7.860282063484191895e-01
6.781889796259998882e-01,6.964702010154724121e-01
7.839810252189999273e-01,7.800006270408630371e-01
1.169367671010000054e+00,8.128584623336791992e-01
1.015287995340000027e+00,1.034122586250305176e+00
9.259430170060000131e-01,9.412512779235839844e-01
1.319244027140000108e+00,9.448221325874328613e-01
9.717460274700000511e-01,1.188637256622314453e+00
1.176299691200000108e+00,9.412923455238342285e-01
1.714609026910000056e+00,1.080274581909179688e+00
1.307337045669999975e+00,1.392435193061828613e+00
6.186890006069999393e-01,1.129037618637084961e+00
2.298435926440000276e+00,7.401420474052429199e-01
1.808241009709999902e+00,1.843977212905883789e+00
8.794149756429999742e-01,1.481683135032653809e+00
1.570945024490000064e+00,9.478718042373657227e-01
1.578516006470000121e+00,1.407656788825988770e+00
6.200309991839999535e-01,1.310381293296813965e+00
9.928810000419999726e-01,7.047008275985717773e-01
4.551869928839999413e-01,1.003622174263000488e+00
1.017398953439999865e+00,6.242154836654663086e-01
8.378469943999999892e-01,9.713950753211975098e-01
4.884769916529999589e-01,8.239831328392028809e-01
1.246340990070000210e+00,6.279158592224121094e-01
1.209630966189999990e+00,1.113524079322814941e+00
1.252451062200000020e+00,1.059639573097229004e+00
1.519726991650000025e+00,1.093987584114074707e+00
1.063797950739999942e+00,1.256701231002807617e+00
1.571495056150000069e+00,9.569739103317260742e-01
1.278105020519999968e+00,1.312506794929504395e+00
1.192077994349999948e+00,1.113937258720397949e+00
8.304439187050000060e-01,1.091814517974853516e+00
1.402015686039999931e+00,8.567145466804504395e-01
1.156504034999999986e+00,1.215684533119201660e+00
1.162554860120000200e+00,1.043534517288208008e+00
6.007519960399999581e-01,1.092035889625549316e+00
1.253835797310000055e+00,7.345126867294311523e-01
1.791844010350000183e+00,1.147864222526550293e+00
1.734062552449999961e+00,1.440277814865112305e+00
4.939970970150000085e+00,1.402515411376953125e+00
2.394351005549999911e+00,3.509224891662597656e+00
2.212575912479999740e+00,1.788098335266113281e+00
1.886527061460000043e+00,2.094761133193969727e+00
9.343829751010001017e-01,1.868008136749267578e+00
9.099829792980000942e-01,1.092573881149291992e+00
8.112999796870000724e-01,9.621361494064331055e-01
1.049708962440000004e+00,8.481568694114685059e-01
1.351788043980000076e+00,1.010055780410766602e+00
1.277305960659999906e+00,1.178111076354980469e+00
7.854449748989998925e-01,1.124194383621215820e+00
4.846229851250000165e-01,8.446896076202392578e-01
6.676359772680000582e-01,6.814040541648864746e-01
8.322510123249999836e-01,7.834797501564025879e-01
5.959370136259999340e-01,8.469846248626708984e-01
3.410890102390000123e-01,6.865856647491455078e-01
6.860110163689999707e-01,5.440845489501953125e-01
8.153510093690000682e-01,7.676823735237121582e-01
3.985430002210000322e-01,8.323450684547424316e-01
6.998159885410000225e-01,5.681824088096618652e-01
4.263690114019999533e-01,7.717475891113281250e-01
6.866139769550000382e-01,5.922250747680664062e-01
1.826770007609999913e-01,7.840133905410766602e-01
7.018824815749999946e-01,4.498337209224700928e-01
1.796682000159999681e+00,7.705671787261962891e-01
7.204269766809999753e-01,1.471460103988647461e+00
4.680640101429999755e-01,8.669809699058532715e-01
6.408870220180000743e-01,8.205999135971069336e-01
7.520520091060001189e-01,9.105617403984069824e-01
1.001817584040000098e+00,8.873760104179382324e-01
1.660804033279999814e+00,9.418003559112548828e-01
1.450595021250000061e+00,1.338584780693054199e+00
1.085010051729999869e+00,1.192038774490356445e+00
1.099555015560000015e+00,9.872963428497314453e-01
7.694180011750000325e-01,1.028001189231872559e+00
1.254430413249999932e+00,8.174428343772888184e-01
1.496320962910000052e+00,1.130305886268615723e+00
7.186369895940000196e-01,1.251125216484069824e+00
8.902019858359999649e-01,7.834275364875793457e-01
9.891759753229999452e-01,9.629001617431640625e-01
2.849014520649999938e+00,9.903645515441894531e-01
4.281075000759999583e+00,2.115623950958251953e+00
1.248739004139999942e+00,2.984650611877441406e+00
7.096589803699999699e-01,1.038090109825134277e+00
7.497439980509998936e-01,9.712213277816772461e-01
8.907449841499999188e-01,9.851571917533874512e-01
1.469527959819999952e+00,9.712405800819396973e-01
1.608888030049999918e+00,1.231207489967346191e+00
1.043460965159999976e+00,1.349320888519287109e+00
1.184751033780000018e+00,1.132549762725830078e+00
5.063725113870000127e-01,1.267277359962463379e+00
6.946156024930000283e-01,7.817811965942382812e-01
9.299110174179998634e-01,8.381372690200805664e-01
7.754629850390000190e-01,9.016783833503723145e-01
8.564696311949999696e-01,8.019532561302185059e-01
9.269009828569999554e-01,8.629438877105712891e-01
7.506660223010001021e-01,9.111695885658264160e-01
9.248849749570000611e-01,8.163344860076904297e-01
1.070162653919999984e+00,9.361367225646972656e-01
8.752880096439998869e-01,1.019200563430786133e+00
7.511039972310000756e-01,8.992604613304138184e-01
8.627579808239999037e-01,8.546564579010009766e-01
5.096570253369999692e-01,9.227823019027709961e-01
8.495249748229999343e-01,6.736054420471191406e-01
6.711369752879999817e-01,8.832255601882934570e-01
6.132180094720000030e-01,7.428184747695922852e-01
3.810549974440000098e-01,7.320797443389892578e-01
8.710420131680000067e-01,6.011775732040405273e-01
6.540319919589999698e-01,8.976534008979797363e-01
9.089673757550000843e-01,7.287776470184326172e-01
9.709029793739999414e-01,9.020520448684692383e-01
9.856920242310001079e-01,9.329661726951599121e-01
1.356256246570000101e+00,9.621667265892028809e-01
1.309872984889999925e+00,1.203791856765747070e+00
6.344919800760000506e-01,1.166350841522216797e+00
5.933508276940000492e-01,7.718812227249145508e-01
8.796380162239999523e-01,7.890769243240356445e-01
1.131836414339999930e+00,9.377997517585754395e-01
1.841274023059999765e+00,1.038218617439270020e+00
2.261745929719999992e+00,1.468024492263793945e+00
2.597975969309999744e+00,1.718762755393981934e+00
2.399192094800000064e+00,1.925789356231689453e+00
1.982298016549999931e+00,1.790752768516540527e+00
2.269547939300000206e+00,1.562828779220581055e+00
2.017889976500000238e+00,1.772206425666809082e+00
1.452262043950000026e+00,1.592479944229125977e+00
1.342797994609999934e+00,1.304648160934448242e+00
1.311915040020000145e+00,1.310108780860900879e+00
1.276762008670000226e+00,1.273694515228271484e+00
1.275267004970000118e+00,1.198695778846740723e+00
1.210446000100000141e+00,1.152134656906127930e+00
8.153480291369999966e-01,1.097836375236511230e+00
7.271119952200000291e-01,8.495745658874511719e-01
6.043019890790000126e-01,8.233960866928100586e-01
9.830358624459999417e-01,7.353464365005493164e-01
1.101529002189999940e+00,9.572440385818481445e-01
1.183724999429999869e+00,1.025371909141540527e+00
4.356400072569999726e-01,1.096359729766845703e+00
3.270040154459999959e-01,6.142098307609558105e-01
8.039849996569999879e-01,5.633856058120727539e-01
4.216859936710000145e-01,8.332547545433044434e-01
5.734559893609999515e-01,5.820295214653015137e-01
3.959457874300000291e-01,6.911749243736267090e-01
4.163750112060000119e-01,5.654001832008361816e-01
5.603970289230000290e-01,5.893499255180358887e-01
7.749050259590000156e-01,6.806309223175048828e-01
6.370840072629999629e-01,8.055931329727172852e-01
3.839260041709999793e-01,7.159128785133361816e-01
5.648739933969999516e-01,5.696886181831359863e-01
1.054715037350000051e+00,6.920675039291381836e-01
6.537709832190000681e-01,9.844777584075927734e-01
5.931029915809999942e-01,7.127410769462585449e-01
1.022608995439999946e+00,7.102519869804382324e-01
8.359869718549999273e-01,9.738075137138366699e-01
6.375340223309999832e-01,8.349862694740295410e-01
9.755985140799999789e-01,7.216643095016479492e-01
4.898079931740000337e-01,9.358782172203063965e-01
1.098647952079999879e+00,6.209348440170288086e-01
1.151165962220000116e+00,1.033162593841552734e+00
8.061249852179999120e-01,1.026427984237670898e+00
4.744769930839999872e-01,8.167374134063720703e-01
7.896029949189999897e-01,6.305732131004333496e-01
4.762530028819999539e-01,8.281995058059692383e-01
5.455229878430000179e-01,6.156077384948730469e-01
6.212809681889999158e-01,6.822744011878967285e-01
7.707700133319999036e-01,7.171821594238281250e-01
9.337069988249999675e-01,8.026911020278930664e-01
8.110550045970000843e-01,9.063938856124877930e-01
6.005529761310000048e-01,8.424090743064880371e-01
1.002521038060000036e+00,7.305683493614196777e-01
8.921650052069998171e-01,9.724951386451721191e-01
9.160850048070000584e-01,8.731438517570495605e-01
7.413420081139999729e-01,9.036713838577270508e-01
9.283249974250000758e-01,7.852501869201660156e-01
6.429409980770000033e-01,9.014970064163208008e-01
9.950090050700001187e-01,7.226183414459228516e-01
6.271365880970000140e-01,9.719041585922241211e-01
1.038689017300000073e+00,7.156608104705810547e-01
6.888009905820000611e-01,9.941142201423645020e-01
5.214130282399999095e-01,7.520638704299926758e-01
6.510270237919999481e-01,6.630575060844421387e-01
1.159701943399999990e+00,7.446724176406860352e-01
6.456400156020000169e-01,1.062839269638061523e+00
1.195862650870000099e+00,7.184543013572692871e-01
1.304703950880000018e+00,1.101140141487121582e+00
8.844429850579998975e-01,1.145834684371948242e+00
7.697709798810000725e-01,9.012854099273681641e-01
7.702100276950000213e-01,8.706265091896057129e-01
6.418280005459999771e-01,8.647882938385009766e-01
8.937159776689999058e-01,7.522120475769042969e-01
5.247250199319999364e-01,8.872480988502502441e-01
5.142210125920000374e-01,6.606523394584655762e-01
7.172748446459999982e-01,6.729891300201416016e-01
6.410769820210000525e-01,7.847922444343566895e-01
4.689820110800000941e-01,7.354899048805236816e-01
1.203750014310000171e+00,6.661198735237121582e-01
7.911959886550000709e-01,1.127566099166870117e+00
1.136301159859999910e+00,8.321434855461120605e-01
8.642929792399999256e-01,1.075450420379638672e+00
8.814030289650001126e-01,8.906857371330261230e-01
5.817409753800000249e-01,9.353165626525878906e-01
8.651199936869999885e-01,7.338984012603759766e-01
9.078124761579999813e-01,8.926306962966918945e-01
7.377740144730000615e-01,8.723987340927124023e-01
1.120375037189999867e+00,7.797740697860717773e-01
9.422479867940000142e-01,1.032135963439941406e+00
1.060060024260000011e+00,8.885835409164428711e-01
7.158420085910000008e-01,9.732432961463928223e-01
4.040209949019999969e-01,7.577592134475708008e-01
2.920779883859999648e-01,5.844534039497375488e-01
6.317924261089999938e-01,5.155826807022094727e-01
1.124665260310000026e+00,7.188791036605834961e-01
1.115690946580000009e+00,1.012755036354064941e+00
1.247418999670000028e+00,9.990157485008239746e-01
6.976169943809999996e-01,1.104164004325866699e+00
3.693974971769999893e+00,7.589145302772521973e-01
8.204839825630000361e-01,2.674258708953857422e+00
8.573070168499999921e-01,7.527065873146057129e-01
6.902359724040000311e-01,1.168972015380859375e+00
8.385969996449998964e-01,1.040695190429687500e+00
1.287726998329999928e+00,1.053168535232543945e+00
9.632229804989999034e-01,1.189889550209045410e+00
1.343299984930000024e+00,9.191529750823974609e-01
7.316169738770000874e-01,1.219397902488708496e+00
6.809219717980000697e-01,8.056329488754272461e-01
7.014784216880000089e-01,7.982439994812011719e-01
6.698030233380000142e-01,7.704817056655883789e-01
1.365643024439999964e+00,7.396119236946105957e-01
9.781420230869999344e-01,1.181962847709655762e+00
6.786789894100000442e-01,9.152017831802368164e-01
5.976330041890000055e-01,7.784078121185302734e-01
8.193774819369999962e-01,7.455284595489501953e-01
7.911109924320000042e-01,8.728095293045043945e-01
1.044147372249999872e+00,8.354603648185729980e-01
1.400015950200000026e+00,1.001227498054504395e+00
8.748620152470000244e-01,1.217552542686462402e+00
6.228179931639999944e-01,8.821700215339660645e-01
7.164059877399998610e-01,7.570271492004394531e-01
6.523500084880000660e-01,8.070950508117675781e-01
9.379299879070001067e-01,7.336416840553283691e-01
5.936999917030000296e-01,9.107562303543090820e-01
5.393440127369999448e-01,6.863908767700195312e-01
9.370089769359999377e-01,6.768164634704589844e-01
8.087720274930000341e-01,9.198855161666870117e-01
5.654280185700000239e-01,8.254581689834594727e-01
6.020820140839999723e-01,6.877530813217163086e-01
1.146679997439999932e+00,7.128823399543762207e-01
9.824249744419999431e-01,1.040188193321228027e+00
5.671510100359999917e-01,9.278374910354614258e-01
7.866399884220000027e-01,6.953276395797729492e-01
7.388439774510000557e-01,8.418647050857543945e-01
6.810299754140000106e-01,7.816749811172485352e-01
7.086979746820000203e-01,7.501945495605468750e-01
6.642330288889999323e-01,7.710177898406982422e-01
5.124790072439999733e-01,7.362305521965026855e-01
6.040380001070000393e-01,6.462278366088867188e-01
6.728799939159999521e-01,7.183238267898559570e-01
8.265414834020000656e-01,7.542897462844848633e-01
4.546860158440000355e-01,8.414533138275146484e-01
5.594509840010000179e-01,6.090828776359558105e-01
1.332218050960000122e-01,6.985002756118774414e-01
1.633069962260000063e-01,4.223884046077728271e-01
1.797860413789999778e-01,4.372168779373168945e-01
5.747918486599999932e-01,4.325521886348724365e-01
8.508148789409999413e-01,6.779443025588989258e-01
8.527640104289999634e-01,8.474751114845275879e-01
1.687628030779999788e+00,8.380728363990783691e-01
2.149522066120000297e+00,1.352308392524719238e+00
8.122850060459999577e-01,1.611467242240905762e+00
1.239639997479999867e+00,8.131278157234191895e-01
2.128437280650000041e+00,1.196508526802062988e+00
2.139239072800000141e+00,1.691815614700317383e+00
9.779880046840000452e-01,1.624742865562438965e+00
6.937779784199998856e-01,9.530994296073913574e-01
7.218790054320000094e-01,8.670614957809448242e-01
7.631160020829999002e-01,8.592092394828796387e-01
8.565329909319999713e-01,8.240834474563598633e-01
1.109338045120000116e+00,8.554438948631286621e-01
6.476340293879999654e-01,1.009287714958190918e+00
9.241870045659998922e-01,7.177055478096008301e-01
7.877320051189998784e-01,9.206693172454833984e-01
1.305567026139999864e+00,8.217469453811645508e-01
9.107710123059999940e-01,1.153209090232849121e+00
8.699640035629999657e-01,8.803412318229675293e-01
5.743020176890000217e-01,8.939253687858581543e-01
8.599532246590000373e-01,7.036424279212951660e-01
4.775849878790000003e-01,8.739686012268066406e-01
1.108017444610000179e+00,6.160408854484558105e-01
1.290724992749999966e+00,1.032786130905151367e+00
8.591579794879999898e-01,1.127434968948364258e+00
3.058980107309999807e-01,8.931301832199096680e-01
9.039019942279999942e-01,5.628538727760314941e-01
6.352750062940000220e-01,9.306020140647888184e-01
1.023422956470000145e+00,7.093100547790527344e-01
6.730669736859999919e-01,9.612867236137390137e-01
8.504790067669999454e-01,7.292122840881347656e-01
5.141969919200000128e-01,8.729497790336608887e-01
1.527956604959999964e+00,6.486577391624450684e-01
4.094385623930000051e+00,1.285656809806823730e+00
9.952359795569999390e-01,2.893196821212768555e+00
8.670449852940000923e-01,9.058344960212707520e-01
1.141056060789999993e+00,1.221678137779235840e+00
1.622257947919999888e+00,1.369190692901611328e+00
1.980204939840000566e+00,1.532702922821044922e+00
1.375547051430000112e+00,1.587907791137695312e+00
1.851865053180000054e+00,1.153545260429382324e+00
1.420923948290000016e+00,1.518170714378356934e+00
1.589177966120000285e+00,1.231614351272583008e+00
1.673199415210000041e+00,1.362813949584960938e+00
2.123934030530000072e+00,1.379742264747619629e+00
1.648401975629999905e+00,1.680165410041809082e+00
1.204741954800000014e+00,1.420602560043334961e+00
7.920839786529999538e-01,1.177254676818847656e+00
1.227027416229999890e+00,9.152066707611083984e-01
1.226951003070000157e+00,1.145817637443542480e+00
1.131343960759999989e+00,1.071729302406311035e+00
1.252465009690000075e+00,1.022743105888366699e+00
1.116891980170000132e+00,1.097686052322387695e+00
1.122387051579999850e+00,1.000870585441589355e+00
1.040153026579999862e+00,1.018955230712890625e+00
8.091310262680000420e-01,9.656332731246948242e-01
7.681059837340000751e-01,8.300758600234985352e-01
7.982919812199998910e-01,8.198912739753723145e-01
7.666722536090000428e-01,8.291200995445251465e-01
1.057360053060000027e+00,7.987819314002990723e-01
8.607699871060000563e-01,9.849741458892822266e-01
1.070777058600000053e+00,8.493637442588806152e-01
5.301510095600000527e-01,9.904614686965942383e-01
6.604189872739999467e-01,6.386637687683105469e-01
9.909179806709998983e-01,7.539258599281311035e-01
3.561530113220000016e-01,9.512076377868652344e-01
9.618239998820000691e-01,5.446437001228332520e-01
1.244829058649999931e+00,9.524611830711364746e-01
8.381230235100001202e-01,1.086301088333129883e+00
9.245989918709998090e-01,8.254236578941345215e-01
8.131660223010001021e-01,9.215368628501892090e-01
1.003061056139999963e+00,8.350484967231750488e-01
8.752340078350000496e-01,9.512035846710205078e-01
7.991399765009998823e-01,8.633174896240234375e-01
8.812961578369999938e-01,8.219294548034667969e-01
1.063080191609999892e+00,8.688689470291137695e-01
9.057049751279999672e-01,9.701846837997436523e-01
6.909559965129999926e-01,8.704395890235900879e-01
1.355970025060000195e+00,7.609171271324157715e-01
7.572399973869999856e-01,1.179872155189514160e+00
2.043754577640000125e+00,7.715381383895874023e-01
8.576130270960000690e-01,1.619374990463256836e+00
2.364957094190000220e+00,8.172034621238708496e-01
4.179231166840000178e+00,1.885394573211669922e+00
2.233561992649999883e+00,2.913990736007690430e+00
8.013390302660000630e-01,1.540014266967773438e+00
8.372840285299999463e-01,8.455925583839416504e-01
8.851529955859999133e-01,9.708667397499084473e-01
9.040349721909999303e-01,9.242428541183471680e-01
1.302939534190000082e+00,8.673561811447143555e-01
7.228699922560000157e-01,1.124524474143981934e+00
8.009120225910000279e-01,7.546979784965515137e-01
1.032919287679999965e+00,8.566127419471740723e-01
1.321628212929999879e+00,9.868384599685668945e-01
9.367759823799999275e-01,1.140129923820495605e+00
7.007700204850000336e-01,8.946750164031982422e-01
7.624319791789999634e-01,7.881017923355102539e-01
1.144938945770000105e+00,8.408215641975402832e-01
7.721610069269999599e-01,1.050596475601196289e+00
8.772150278090000697e-01,7.841287851333618164e-01
1.243505001070000171e+00,8.854526281356811523e-01
6.381840109830000385e-01,1.098112583160400391e+00
7.468199729919999807e-01,7.157769799232482910e-01
6.839929819109999976e-01,8.622863888740539551e-01
1.419505119320000119e+00,8.055192828178405762e-01
6.141470074649999500e-01,1.234559178352355957e+00
7.347676754000000976e-01,6.821799874305725098e-01
6.770560145379999062e-01,8.401179313659667969e-01
1.074026942249999950e+00,7.917002439498901367e-01
6.156389713290000287e-01,1.018099904060363770e+00
9.692379832269999440e-01,6.983829140663146973e-01
9.916120171550001361e-01,9.432639479637145996e-01
8.089560270310000023e-01,9.289597868919372559e-01
2.435143947599999859e+00,8.161943554878234863e-01
8.223479986189999869e-01,1.866770744323730469e+00
5.938220024110000272e-01,8.246124982833862305e-01
5.762249827380000466e-01,8.315810561180114746e-01
4.224239885809999429e-01,8.042282462120056152e-01
6.765879988670000511e-01,6.494191884994506836e-01
5.520349740979999531e-01,7.471346259117126465e-01
9.015229940410001142e-01,6.660275459289550781e-01
7.489960193629999763e-01,8.938856124877929688e-01
8.627583980560000754e-01,7.844779491424560547e-01
9.480749964710000199e-01,8.759904503822326660e-01
1.055613875389999956e+00,9.301031827926635742e-01
1.970020055770000278e+00,1.001357674598693848e+00
9.391199946399999554e-01,1.572690606117248535e+00
1.009042978289999892e+00,9.092442393302917480e-01
7.824029922490001177e-01,1.048106431961059570e+00
1.016265034679999957e+00,8.692653775215148926e-01
8.782749772069999850e-01,9.757028222084045410e-01
7.353619933130000064e-01,8.606906533241271973e-01
1.109990954399999952e+00,7.861059308052062988e-01
7.727199792860000027e-01,1.023237347602844238e+00
1.164981961250000086e+00,7.894998788833618164e-01
7.157210111620000426e-01,1.049701690673828125e+00
1.475479006770000101e+00,7.514293789863586426e-01
8.354520201680000202e-01,1.270897746086120605e+00
7.344660162930000125e-01,8.338066339492797852e-01
7.861927747729999805e-01,8.234612941741943359e-01
1.143465042110000107e+00,8.393605947494506836e-01
9.246990084650000830e-01,1.041391372680664062e+00
2.958764553069999970e+00,8.999211788177490234e-01
2.138324022289999959e+00,2.183363199234008789e+00
2.038712024690000124e+00,1.580760240554809570e+00
1.480209946629999829e+00,1.682361006736755371e+00
9.367650747299998137e-01,1.333082914352416992e+00
1.715939760209999942e+00,9.940755963325500488e-01
1.001402020450000041e+00,1.454173803329467773e+00
8.896229863169999863e-01,9.466357231140136719e-01
7.492939829829999843e-01,9.387030601501464844e-01
1.115183949470000213e+00,8.285623788833618164e-01
9.457820057870001129e-01,1.031694531440734863e+00
6.452180147170000213e-01,9.068878293037414551e-01
1.164842009540000056e+00,7.578568458557128906e-01
1.244351029399999975e+00,1.087148189544677734e+00
9.045109748840000075e-01,1.082868337631225586e+00
5.575259923929999362e-01,8.717573285102844238e-01
5.778343677520000332e-01,6.874753236770629883e-01
7.199835777280000348e-01,7.220860719680786133e-01
7.607790231700000128e-01,8.107686638832092285e-01
5.404400229450000426e-01,8.359229564666748047e-01
8.009672760959999360e-01,6.962765455245971680e-01
7.710149884220000027e-01,8.611194491386413574e-01
6.709719896319999988e-01,8.288612961769104004e-01
2.768970489500000021e+00,7.818691730499267578e-01
3.086133003230000060e+00,2.104137659072875977e+00
1.116358041760000086e+00,2.255730390548706055e+00
1.018260955809999979e+00,1.084370851516723633e+00
7.442610263819999794e-01,1.219246029853820801e+00
1.114386796949999869e+00,1.016688108444213867e+00
1.380516409870000238e+00,1.181438803672790527e+00
1.229098439219999950e+00,1.262408852577209473e+00
1.573238968849999919e+00,1.156031250953674316e+00
1.245597958560000107e+00,1.397880434989929199e+00
8.298619985580000247e-01,1.175928592681884766e+00
5.376980304720000436e-01,9.417462944984436035e-01
8.593800067899999284e-01,7.614730000495910645e-01
7.949647903440000274e-01,9.245252609252929688e-01
8.122889995569999577e-01,8.344443440437316895e-01
1.209460973739999945e+00,8.537191152572631836e-01
1.043611049649999956e+00,1.108825087547302246e+00
9.914460182190000248e-01,9.703928828239440918e-01
1.377645969390000058e+00,9.497474431991577148e-01
7.495359778399999229e-01,1.189135313034057617e+00
7.549669742579999676e-01,7.756558060646057129e-01
8.522210121150000095e-01,8.300547003746032715e-01
1.312628030780000010e+00,8.773046731948852539e-01
9.499999880790001017e-01,1.147537469863891602e+00
8.433979749680000637e-01,9.061020612716674805e-01
6.329939961430000039e-01,8.765354752540588379e-01
6.848490238189999246e-01,7.406975030899047852e-01
8.296039700509999504e-01,7.759371995925903320e-01
1.117776036259999994e+00,8.606900572776794434e-01
1.060515046120000138e+00,1.037666678428649902e+00
9.966710209849999336e-01,1.016978383064270020e+00
6.726049780850000825e-01,9.893258213996887207e-01
8.499810099600000335e-01,7.664250135421752930e-01
7.929700016980000266e-01,8.702205419540405273e-01
7.509549856190000927e-01,8.294805288314819336e-01
9.556260704989999466e-01,8.039411306381225586e-01
6.085839867589999397e-01,9.242494702339172363e-01
7.782499790189999489e-01,6.924994587898254395e-01
5.098140239720000411e-01,8.244313001632690430e-01
6.364319920540000286e-01,6.517737507820129395e-01
6.015599966049999248e-01,7.456980347633361816e-01
6.556333899499999784e-01,7.126613259315490723e-01
6.385549902920000243e-01,7.434132695198059082e-01
8.762890100480000832e-01,7.378534078598022461e-01
7.967479825020000739e-01,8.954768180847167969e-01
6.824830174449999509e-01,8.355238437652587891e-01
8.025500178340000401e-01,7.707587480545043945e-01
7.950311899190000142e-01,8.462199568748474121e-01
1.584897041320000088e+00,8.278252482414245605e-01
1.017485976220000143e+00,1.331146240234375000e+00
9.177780151369999695e-01,9.540717005729675293e-01
1.230221033100000083e+00,9.369993805885314941e-01
1.027899026870000121e+00,1.130372643470764160e+00
9.125559926030000213e-01,9.879577755928039551e-01
7.935979962350000472e-01,9.256845116615295410e-01
1.030437946320000187e+00,8.519707322120666504e-01
5.325379967690000438e-01,9.996551871299743652e-01
6.127780079839999505e-01,6.700021028518676758e-01
8.741289973260000234e-01,7.488449811935424805e-01
3.667230010029999820e-01,8.924472928047180176e-01
7.391750216480000857e-01,5.551090836524963379e-01
5.604230165479999748e-01,8.157104253768920898e-01
7.758178114889999755e-01,6.849212646484375000e-01
8.102909922600001202e-01,8.272194266319274902e-01
6.437510252000000488e-01,8.406320810317993164e-01
7.236457467079999706e-01,7.497515082359313965e-01
9.113870263100001257e-01,8.112074136734008789e-01
6.627830266949999993e-01,9.297207593917846680e-01
1.002035975460000117e+00,7.804126739501953125e-01
8.224419951440000709e-01,1.015019536018371582e+00
1.030576944350000135e+00,8.966059684753417969e-01
6.781139969830000114e-01,1.050996303558349609e+00
5.333459973340000104e-01,8.005865812301635742e-01
3.209959864620000047e-01,7.073153853416442871e-01
7.608630061149999069e-01,5.495436787605285645e-01
7.439860105509998878e-01,8.285059332847595215e-01
5.468400120740000148e-01,7.937682271003723145e-01
7.004669904709999173e-01,6.730719208717346191e-01
8.356525897980000561e-01,7.759372591972351074e-01
1.274258971210000091e+00,8.492431044578552246e-01
8.934450149539999719e-01,1.135373830795288086e+00
6.211659908290000365e-01,9.171565771102905273e-01
7.900159955019999680e-01,7.809985876083374023e-01
1.067494988440000014e+00,8.801302313804626465e-01
6.698009967800000464e-01,1.028793692588806152e+00
1.265694975850000015e+00,7.786757946014404297e-01
6.380620002750000408e-01,1.170137882232666016e+00
9.348030090330000652e-01,7.320439219474792480e-01
8.006410002709999363e-01,9.551453590393066406e-01
1.085708975790000030e+00,8.435319662094116211e-01
3.527039885520000251e-01,1.020485281944274902e+00
5.883709788319999578e-01,5.573175549507141113e-01
4.875420033929999120e-01,7.427746057510375977e-01
4.636880159380000199e-01,6.552510261535644531e-01
3.637039959430000136e-01,6.258088946342468262e-01
8.750243186949999696e-01,5.652046203613281250e-01
6.435279846190000708e-01,8.786981701850891113e-01
4.834130108360000233e-01,7.217803597450256348e-01
2.120890021319999930e-01,6.617978215217590332e-01
4.560469985010000560e-01,4.896518588066101074e-01
4.367910027499999903e-01,6.384398937225341797e-01
7.238804101939999569e-01,6.093426346778869629e-01
5.560690164570000205e-01,7.874344587326049805e-01
4.748429954049999679e-01,6.802661418914794922e-01
2.674640119080000100e-01,6.506002545356750488e-01
9.588437080380001198e-01,5.129278302192687988e-01
7.868980169300000549e-01,9.347491264343261719e-01
1.794360995290000149e+00,8.111343979835510254e-01
1.337677955630000026e+00,1.461346149444580078e+00
1.210453987120000185e+00,1.121531128883361816e+00
5.654799938200000264e-01,1.092734336853027344e+00
4.008429944520000565e-01,6.958058476448059082e-01
2.727654874320000200e-01,6.147502064704895020e-01
5.836449861529999783e-01,5.077374577522277832e-01
8.533802628519999711e-01,6.950851678848266602e-01
8.660610318179999823e-01,8.581788539886474609e-01
1.158349990839999899e+00,8.513757586479187012e-01
7.764859795569999390e-01,1.038341164588928223e+00
1.068807005880000105e+00,7.949269413948059082e-01
5.888479948040000744e-01,1.004052639007568359e+00
1.588868498799999918e+00,6.847879886627197266e-01
4.327859878540000205e-01,1.352076768875122070e+00
3.996030092239999942e-01,6.078167557716369629e-01
5.545349717140000134e-01,6.974282860755920410e-01
6.221979856490000849e-01,7.832657098770141602e-01
1.149551987649999996e+00,7.698855400085449219e-01
1.121260046960000034e+00,1.048424482345581055e+00
9.776459932329999436e-01,1.010344624519348145e+00
1.732741951940000025e+00,9.208148121833801270e-01
2.302707910540000125e+00,1.399754047393798828e+00
1.053477048870000043e+00,1.722398877143859863e+00
7.962800264360000435e-01,9.196018576622009277e-01
5.203329920770000117e-01,8.803538084030151367e-01
6.104800105090000262e-01,7.088919281959533691e-01
4.453057944770000276e-01,7.423956990242004395e-01
6.522138714790000069e-01,5.997020006179809570e-01
1.175541162490000069e+00,7.359237074851989746e-01
1.032202124599999937e+00,1.065688014030456543e+00
7.193930149079998948e-01,9.754816889762878418e-01
8.200139999390000378e-01,8.108845949172973633e-01
9.497330188750000568e-01,8.961572051048278809e-01
1.039114952089999822e+00,9.659627676010131836e-01
5.883830189700000046e-01,1.014031767845153809e+00
9.508559703829998488e-01,7.172720432281494141e-01
5.277600288389999728e-01,9.525822401046752930e-01
7.736063003540000205e-01,6.585217714309692383e-01
9.703559875489998765e-01,8.342587947845458984e-01
1.383889913560000018e+00,9.405083060264587402e-01
7.795230150220000542e-01,1.193974614143371582e+00
6.069999933240000090e-01,8.071903586387634277e-01
4.660570025440000097e-01,7.849833965301513672e-01
9.455270171170000459e-01,7.035124301910400391e-01
6.238729953770000280e-01,9.738836884498596191e-01
3.923240005969999555e-01,7.109833359718322754e-01
5.156549811360000568e-01,5.805429220199584961e-01
9.679385423660000765e-01,6.701493859291076660e-01
1.356565952299999989e+00,9.300629496574401855e-01
9.072690010070000310e-01,1.150152325630187988e+00
8.162760138510000152e-01,8.784019351005554199e-01
2.479866981509999846e+00,8.536044359207153320e-01
1.133080005649999888e+00,1.893431067466735840e+00
1.045583963389999926e+00,9.813963770866394043e-01
8.474370241169999485e-01,1.087514877319335938e+00
1.536522984499999911e+00,9.507934451103210449e-01
9.008989930149998715e-01,1.357805132865905762e+00
4.812009930610000596e-01,8.949905633926391602e-01
8.572540283199999722e-01,6.874748468399047852e-01
8.617479801180000232e-01,9.254119992256164551e-01
1.008694052699999899e+00,8.802205324172973633e-01
1.127727031710000105e+00,9.677849411964416504e-01
7.795569896699999779e-01,1.026506066322326660e+00
9.895502924920001053e-01,7.990838885307312012e-01
8.363329768179998958e-01,9.531584978103637695e-01
9.099559783939998869e-01,8.448341488838195801e-01
5.511059761050000061e-01,9.090276956558227539e-01
1.239764332770000088e+00,6.737679839134216309e-01
1.211838960649999963e+00,1.109297037124633789e+00
1.379981994630000042e+00,1.057239174842834473e+00
1.148460984229999982e+00,1.185014605522155762e+00
7.663900256160000035e-01,1.039144754409790039e+00
9.660840034479999394e-01,8.376054763793945312e-01
8.156750202179999798e-01,9.758108854293823242e-01
1.142272949220000111e+00,8.409316539764404297e-01
1.299479961400000105e+00,1.039266705513000488e+00
8.583310246469999516e-01,1.122908711433410645e+00
7.149469852449999996e-01,8.491860628128051758e-01
8.764400482179999230e-01,7.921998500823974609e-01
8.305460214609999836e-01,8.856214284896850586e-01
8.535240292550000385e-01,8.332512974739074707e-01
9.092410206789999227e-01,8.608422279357910156e-01
5.202720165249999917e-01,8.903585672378540039e-01
7.411040067669999454e-01,6.418730020523071289e-01
5.853319764140000325e-01,8.021228909492492676e-01
5.047770142559999673e-01,6.976778507232666016e-01
5.519493222240000607e-01,6.540443897247314453e-01
9.697520136830000137e-01,6.789762377738952637e-01
1.116515994070000017e+00,9.318250417709350586e-01
1.049844980239999837e+00,1.011271357536315918e+00
6.342629790310000404e-01,9.687161445617675781e-01
5.644329786300000817e-01,7.196779847145080566e-01
9.184709787370000100e-01,7.012924551963806152e-01
9.593539834020000656e-01,9.100897908210754395e-01
5.984159708020000412e-01,9.096228480339050293e-01
9.383450150489999197e-01,6.989119052886962891e-01
4.542250037189999867e-01,9.284822344779968262e-01
7.079470157619999204e-01,6.053348779678344727e-01
3.876500129699999575e-01,7.906424999237060547e-01
4.484339952470000057e-01,5.697661638259887695e-01
8.405709862710000202e-01,6.119675636291503906e-01
5.337110161779999862e-01,8.509757518768310547e-01
7.211350202559999589e-01,6.473875045776367188e-01
5.215386152269999576e-01,7.846537828445434570e-01
7.050759792330000275e-01,6.452342867851257324e-01
6.405649781229999506e-01,7.706321477890014648e-01
5.168589949609999623e-01,7.309643626213073730e-01
1.660409450529999997e+00,6.535703539848327637e-01
2.465307950970000217e+00,1.366663813591003418e+00
1.622156023979999917e+00,1.816397190093994141e+00
1.866270065310000170e+00,1.270045757293701172e+00
3.623536109919999415e+00,1.505650520324707031e+00
7.948709726329999947e-01,2.594178915023803711e+00
9.065989851950000400e-01,7.104339003562927246e-01
8.571879863740000660e-01,1.109380125999450684e+00
7.756379842759999477e-01,1.060843467712402344e+00
7.006700038909999817e-01,9.491813182830810547e-01
6.443409919740000769e-01,8.148012757301330566e-01
7.579550147059999077e-01,7.472758293151855469e-01
5.499600172040000068e-01,8.089390993118286133e-01
4.964669942859999408e-01,6.650143861770629883e-01
1.367677569390000070e+00,6.456648707389831543e-01
1.397894024850000250e+00,1.186330199241638184e+00
8.148130178450000427e-01,1.194920063018798828e+00
1.278898954390000009e+00,9.269775152206420898e-01
8.623980283740000363e-01,1.278351187705993652e+00
1.093865990639999897e+00,9.625038504600524902e-01
8.134710192680000285e-01,1.064702749252319336e+00
1.466687083240000078e+00,8.305332064628601074e-01
9.060310125349999577e-01,1.258717179298400879e+00
7.652140259739999006e-01,8.915403485298156738e-01
1.311033964160000176e+00,8.865938782691955566e-01
7.892500162119999718e-01,1.221442103385925293e+00
1.474902033810000068e+00,8.357013463973999023e-01
9.167850017550001063e-01,1.283364892005920410e+00
1.186140060420000086e+00,8.959900140762329102e-01
1.411391973500000008e+00,1.119732618331909180e+00
2.092472076419999993e+00,1.220614194869995117e+00
7.189220190049999681e-01,1.613955974578857422e+00
1.301861047739999888e+00,7.250590324401855469e-01
1.268974781040000055e+00,1.201455831527709961e+00
1.221997022629999874e+00,1.127752304077148438e+00
9.061110019680000960e-01,1.091910481452941895e+00
1.078873991970000112e+00,9.218974709510803223e-01
1.028025031089999874e+00,1.047447562217712402e+00
7.863690257070000689e-01,9.819329977035522461e-01
1.276852965350000035e+00,8.171497583389282227e-01
7.093420028689999546e-01,1.134683847427368164e+00
5.201929807659999572e-01,7.475224733352661133e-01
5.645610094070000473e-01,6.699720621109008789e-01
9.855200052259999177e-01,6.940241456031799316e-01
1.092841982840000004e+00,9.399080872535705566e-01
4.786899983879999709e-01,9.890897274017333984e-01
3.955059945579999514e-01,6.310407519340515137e-01
1.850703001020000071e+00,6.224669218063354492e-01
1.195796012879999815e+00,1.523087024688720703e+00
1.702510833739999896e+00,1.050038337707519531e+00
2.998351097109999586e+00,1.439625859260559082e+00
2.407080888749999925e+00,2.210622072219848633e+00
2.585943937299999718e+00,1.757089614868164062e+00
2.233839035029999920e+00,1.941964268684387207e+00
1.655773043629999997e+00,1.712470412254333496e+00
1.430611014370000156e+00,1.395693540573120117e+00
8.921740055079999676e-01,1.294615387916564941e+00
1.231696963309999893e+00,9.273958802223205566e-01
8.955079913140001624e-01,1.120680928230285645e+00
1.602033019070000064e+00,8.784372210502624512e-01
1.585399031639999956e+00,1.348373770713806152e+00
1.232059955600000034e+00,1.306469082832336426e+00
1.210371017459999976e+00,1.096303105354309082e+00
1.242141008379999967e+00,1.102316856384277344e+00
9.857040047650000858e-01,1.107236981391906738e+00
7.289689779279999726e-01,9.449673891067504883e-01
6.761519908910000876e-01,8.000334501266479492e-01
1.071573019029999907e+00,7.738595604896545410e-01
9.457439780239998983e-01,1.020668387413024902e+00
4.376370012759999706e-01,9.246224164962768555e-01
5.141820311550000522e-01,6.261959671974182129e-01
3.387190103530000052e-01,7.038792371749877930e-01
7.144280076029999593e-01,5.785920023918151855e-01
4.996199905870000180e-01,8.002117276191711426e-01
7.917379736899999854e-01,6.583967208862304688e-01
8.646243214609999894e-01,8.575550317764282227e-01
6.024960279459999901e-01,8.745701313018798828e-01
1.260069966320000123e+00,7.013162374496459961e-01
1.012339949610000067e+00,1.135362029075622559e+00
1.004528999329999950e+00,9.504089355468750000e-01
6.310235261919999727e-01,9.702426791191101074e-01
1.141221046449999887e+00,7.285675406455993652e-01
5.426099896430000014e-01,1.071204423904418945e+00
8.547459840769999762e-01,6.900692582130432129e-01
7.744219899179999311e-01,9.194498062133789062e-01
3.084340095520000102e-01,8.365791440010070801e-01
8.376209735870000506e-01,5.411179661750793457e-01
7.293469905850000767e-01,8.942821025848388672e-01
7.503905892370000830e-01,7.930800914764404297e-01
1.134822010990000019e+00,8.055456280708312988e-01
1.614240050320000064e+00,1.052279353141784668e+00
1.244793057440000128e+00,1.349142909049987793e+00
7.141630053519999466e-01,1.103038907051086426e+00
7.293040156360000026e-01,8.164458870887756348e-01
6.486989855770000091e-01,8.427821993827819824e-01
3.427990078929999962e-01,7.631545066833496094e-01
3.861860036850000011e-01,5.798236727714538574e-01
6.366299986840000535e-01,6.104633212089538574e-01
3.990480005740000280e-01,7.510272860527038574e-01
4.178859889509999870e-01,5.862011313438415527e-01
1.103790521619999909e+00,6.131346821784973145e-01
6.956189870829999622e-01,1.026612997055053711e+00
8.070139884950000564e-01,7.448400855064392090e-01
5.947690010070000310e-01,8.604919910430908203e-01
1.107607960700000005e+00,7.122257351875305176e-01
9.713580012320000012e-01,1.037326455116271973e+00
7.170349955560000321e-01,9.353052377700805664e-01
6.764810085300000386e-01,7.912606596946716309e-01
1.687772989270000190e+00,7.697899937629699707e-01
9.907569885250000485e-01,1.385178565979003906e+00
8.082039952280000161e-01,9.132658243179321289e-01
1.087718963619999979e+00,8.658828139305114746e-01
1.564818024639999861e+00,1.037468671798706055e+00
6.673809885979999912e-01,1.308028101921081543e+00
1.256489992140000123e+00,7.304663658142089844e-01
1.091886043549999963e+00,1.167667627334594727e+00
7.375509738919999725e-01,1.027356743812561035e+00
6.224380135540000802e-01,8.180035948753356934e-01
8.364729881290000613e-01,7.438639402389526367e-01
5.774260163309999916e-01,8.615046143531799316e-01
1.015761017800000054e+00,6.962051391601562500e-01
1.106158971790000001e+00,9.848820567131042480e-01
6.945540308949998964e-01,1.022970676422119141e+00
1.130903959270000092e+00,7.599648237228393555e-01
9.518219828609999489e-01,1.056939721107482910e+00
7.524570226669999862e-01,9.316647648811340332e-01
5.585229992869999993e-01,8.256257772445678711e-01
1.415836334229999771e+00,7.022233009338378906e-01
1.855298042299999839e+00,1.219629287719726562e+00
7.845479845999999702e-01,1.486132383346557617e+00
8.210539817810000862e-01,8.871076703071594238e-01
5.835890173909999978e-01,1.008153438568115234e+00
8.359720110889999889e-01,8.202748298645019531e-01
2.184663057329999880e+00,9.238753318786621094e-01
6.805480122570000123e-01,1.709250688552856445e+00
1.238904953000000031e+00,7.148118615150451660e-01
1.030328035349999949e+00,1.209472656250000000e+00
7.914109826090000022e-01,1.040781617164611816e+00
8.423720002169999832e-01,9.162296056747436523e-01
4.464710056780000769e-01,9.532045125961303711e-01
5.589337944979999584e-01,6.597587466239929199e-01
7.099329829220000221e-01,6.936991214752197266e-01
7.334340214730000751e-01,7.697457075119018555e-01
7.833399772640000647e-01,7.846789360046386719e-01
8.426809906959999985e-01,8.161296248435974121e-01
1.099761009220000085e+00,8.612960577011108398e-01
8.706315755840000614e-01,1.012887477874755859e+00
5.862460136410000411e-01,8.440075516700744629e-01
8.863990306849999223e-01,6.881898045539855957e-01
1.019399046900000050e+00,8.931479454040527344e-01
8.493610024450000129e-01,9.624339342117309570e-01
1.010666966439999870e+00,8.693656325340270996e-01
1.331516027449999973e+00,9.893198013305664062e-01
1.215008974079999859e+00,1.163705587387084961e+00
1.645591020579999952e+00,1.058371067047119141e+00
9.708780050280000351e-01,1.344572305679321289e+00
1.411272048950000135e+00,9.150730967521667480e-01
7.953929901119999313e-01,1.242904424667358398e+00
1.046331048010000098e+00,8.203163743019104004e-01
8.879339694979999642e-01,1.032261133193969727e+00
8.349300026890000836e-01,9.126258492469787598e-01
9.847199916839999290e-01,8.736396431922912598e-01
1.090394020079999970e+00,9.531934261322021484e-01
4.901649951929999416e-01,1.006346821784973145e+00
6.141669750209999279e-01,6.315373182296752930e-01
6.314740180969999894e-01,7.568843960762023926e-01
8.252440094949999860e-01,7.525945305824279785e-01
1.051450967789999913e+00,8.593742847442626953e-01
1.047114968300000060e+00,9.905534982681274414e-01
3.921430110930000379e-01,9.868454337120056152e-01
4.695149958129999912e-01,5.880002379417419434e-01
7.720900177959999500e-01,6.689046025276184082e-01
7.520099878309999264e-01,8.390558362007141113e-01
6.877393722529999698e-01,8.060575723648071289e-01
6.718119978899999012e-01,7.701460719108581543e-01
1.185933232310000029e+00,7.569384574890136719e-01
6.571980118750000432e-01,1.081138730049133301e+00
8.213180303569999063e-01,7.220828533172607422e-01
7.795739769939998842e-01,8.673310279846191406e-01
1.030122995379999962e+00,8.250354528427124023e-01
6.211889982220000217e-01,9.765264987945556641e-01
8.660820126530001106e-01,7.119982838630676270e-01
9.608931541439998947e-01,8.904781341552734375e-01
6.760399937630000577e-01,9.270580410957336426e-01
7.402380108830000083e-01,7.465746402740478516e-01
5.984709858890000511e-01,8.102262020111083984e-01
6.151059865950000427e-01,7.118639945983886719e-01
9.358735680580000382e-01,7.236659526824951172e-01
5.818247795100000008e-01,9.193854331970214844e-01
7.156659960750000327e-01,6.841866374015808105e-01
6.529520154000000298e-01,7.916938066482543945e-01
9.700022935870000751e-01,7.526726126670837402e-01
7.834500074390000623e-01,9.498600363731384277e-01
7.448130249979999506e-01,8.135382533073425293e-01
8.276180028919999376e-01,8.155491352081298828e-01
8.943400979040000420e-01,8.690210580825805664e-01
2.505017042159999985e+00,8.867567181587219238e-01
1.620712041850000062e+00,1.910076260566711426e+00
1.417585968970000110e+00,1.344034075736999512e+00
1.049872040749999957e+00,1.305813789367675781e+00
1.226507544519999993e+00,1.058313012123107910e+00
1.043179035189999881e+00,1.119959354400634766e+00
9.694439768789999690e-01,9.493187665939331055e-01
8.192250132559999454e-01,9.313510656356811523e-01
8.129550218580000598e-01,8.430725932121276855e-01
6.712080240250000163e-01,8.473165035247802734e-01
5.289899706839999993e-01,7.553873062133789062e-01
3.461930155749999849e-01,6.700032353401184082e-01
4.789490103719999947e-01,5.528241991996765137e-01
1.153810977940000093e+00,6.382525563240051270e-01
9.671270251270001062e-01,1.044377565383911133e+00
7.845839858059999727e-01,9.000217914581298828e-01
4.701859951020000428e-01,8.166254758834838867e-01
5.632782578470000301e-01,6.321695446968078613e-01
2.416239976880000528e-01,6.923226714134216309e-01
2.709859907630000064e-01,4.783499240875244141e-01
1.994680017229999991e-01,5.146551728248596191e-01
1.327169984580000017e-01,4.649862945079803467e-01
4.732620120049999546e-01,4.152123332023620605e-01
6.585559844969999244e-01,6.170228719711303711e-01
9.621880054470001165e-01,7.291943430900573730e-01
5.111979842189999790e-01,9.272314906120300293e-01
9.829789996150001263e-01,6.301076412200927734e-01
9.100099802019999684e-01,9.506079554557800293e-01
1.026576042179999870e+00,8.835049271583557129e-01
8.309389948840000262e-01,9.768788814544677734e-01
9.651920199390001676e-01,8.454707264900207520e-01
1.000543951989999902e+00,9.364017248153686523e-01
1.983185052870000131e+00,9.363201260566711426e-01
1.274855017659999978e+00,1.533632040023803711e+00
1.286525964740000028e+00,1.056962490081787109e+00
1.382244944570000245e+00,1.171330571174621582e+00
1.736924052240000016e+00,1.221619367599487305e+00
1.257668018339999971e+00,1.433768153190612793e+00
7.533379793170000838e-01,1.131699800491333008e+00
1.084908962249999886e+00,8.491086959838867188e-01
1.062494039539999990e+00,1.062492966651916504e+00
7.787629961969999570e-01,9.956919550895690918e-01
8.256469964979999965e-01,8.180117607116699219e-01
9.891830086709999525e-01,8.565359115600585938e-01
1.418092012410000047e+00,9.412989616394042969e-01
1.151677966120000063e+00,1.197960615158081055e+00
1.250364065170000094e+00,1.017850637435913086e+00
8.794019818310000458e-01,1.105419158935546875e+00
1.089423060420000144e+00,8.626940846443176270e-01
1.809062957759999701e+00,1.015673637390136719e+00
8.687390089040000207e-01,1.453755855560302734e+00
8.521729707719999380e-01,8.416265845298767090e-01
1.307837963100000112e+00,9.044581651687622070e-01
1.262575984000000151e+00,1.167194962501525879e+00
7.601559758189999627e-01,1.093668699264526367e+00
1.069887042049999959e+00,7.980480790138244629e-01
8.579840064049999437e-01,1.015386343002319336e+00
1.149323940279999956e+00,8.616533875465393066e-01
1.067142963410000034e+00,1.075295448303222656e+00
7.400619983670000401e-01,9.938478469848632812e-01
6.799880266190000411e-01,7.852331399917602539e-01
7.323921322820000634e-01,7.621275782585144043e-01
8.352749943730000126e-01,7.868762612342834473e-01
6.000829935070000065e-01,8.402274847030639648e-01
1.010563969610000168e+00,6.968294978141784668e-01
7.613970041280000434e-01,9.618955254554748535e-01
7.260069847110000030e-01,7.902183532714843750e-01
1.064324021340000037e+00,7.959288358688354492e-01
5.901079773899998715e-01,1.002824187278747559e+00
7.744659781460000447e-01,6.862614154815673828e-01
7.406870126719998781e-01,8.365784287452697754e-01
8.908360004430001533e-01,8.046020865440368652e-01
7.620100975040000613e-01,8.899021744728088379e-01
7.774500250820000069e-01,7.957229018211364746e-01
5.811070203779999943e-01,8.184829950332641602e-01
7.908779978749999051e-01,7.108286619186401367e-01
8.903719782829999652e-01,8.410264253616333008e-01
7.882059812549999656e-01,8.755979537963867188e-01
7.301949858670000459e-01,8.087459802627563477e-01
9.248933196070000529e-01,7.794245481491088867e-01
1.265586972239999941e+00,9.009709954261779785e-01
7.884140014650000694e-01,1.104613184928894043e+00
9.180610179899999501e-01,8.078827857971191406e-01
6.569269895549999516e-01,9.187368750572204590e-01
8.252680301670000107e-01,7.393677830696105957e-01
4.257229864599999525e-01,8.582207560539245605e-01
9.114630222319999309e-01,6.015128493309020996e-01
7.238519787790000937e-01,9.238514900207519531e-01
9.657319784160000031e-01,7.763429284095764160e-01
7.194200158119999911e-01,9.419148564338684082e-01
7.146480083470000411e-01,7.839877605438232422e-01
6.188799738879999790e-01,8.017258048057556152e-01
8.502969741820000094e-01,7.298852205276489258e-01
6.113014817240000065e-01,8.602091073989868164e-01
8.405809998509999881e-01,6.977115869522094727e-01
5.909900069240000553e-01,8.542085289955139160e-01
1.191807866100000002e+00,6.975758075714111328e-01
1.072478055950000009e+00,1.083117008209228516e+00
7.976800203319999172e-01,9.868646860122680664e-01
7.140370011329999489e-01,8.580345511436462402e-01
8.885610103609999921e-01,8.155350685119628906e-01
7.367290258409999737e-01,9.044878482818603516e-01
9.655410051350000744e-01,7.766839265823364258e-01
8.569459915160000385e-01,9.291459321975708008e-01
5.838339924809999859e-01,8.514835834503173828e-01
3.047562122340000457e+00,6.965097188949584961e-01
8.865389823909999301e-01,2.290567636489868164e+00
1.186460971829999878e+00,9.355477690696716309e-01
8.750730156899999557e-01,1.478640794754028320e+00
1.111973047260000014e+00,1.250912427902221680e+00
6.929270029070000447e-01,1.248261690139770508e+00
5.632749795910000357e-01,8.038137555122375488e-01
5.519689917560000048e-01,7.430068850517272949e-01
9.211350083349998386e-01,7.332896590232849121e-01
5.465030074119999748e-01,9.339377284049987793e-01
9.997850060459999577e-01,6.646373867988586426e-01
7.512239813800000166e-01,9.689028263092041016e-01
8.402569890019999654e-01,7.952240705490112305e-01
7.843149900439999600e-01,8.794781565666198730e-01
5.915480256080000165e-01,8.317440748214721680e-01
6.109840273859999948e-01,7.124434113502502441e-01
9.328789710999999540e-01,7.265971302986145020e-01
7.992020249369999885e-01,9.119887351989746094e-01
9.833549857140000405e-01,8.173308968544006348e-01
5.405290126799999761e-01,9.527246356010437012e-01
1.093670010570000128e+00,6.618907451629638672e-01
9.266330003740002041e-01,1.022961139678955078e+00
7.972419857979999858e-01,8.938725590705871582e-01
5.896059870719999596e-01,8.322561383247375488e-01
7.799540162090000672e-01,7.004706859588623047e-01
5.182790160179999717e-01,8.173530101776123047e-01
7.263879776000000676e-01,6.448259353637695312e-01
6.216366887090000182e-01,7.921375632286071777e-01
8.810679912569999717e-01,7.118090987205505371e-01
7.315016984940000411e-01,8.783948421478271484e-01
9.703850150110000516e-01,7.819990515708923340e-01
8.715350031849999901e-01,9.452250599861145020e-01
5.505740046500000595e-01,8.668403029441833496e-01
2.576299905780000121e-01,6.751220822334289551e-01
6.952109932899999123e-01,5.087312459945678711e-01
3.547430038449999601e-01,7.833248376846313477e-01
1.308350920679999918e+00,5.605575442314147949e-01
1.424710035319999957e+00,1.176877140998840332e+00
2.422243118290000385e+00,1.196212053298950195e+00
1.588093161580000023e+00,1.821298956871032715e+00
2.882889986040000352e+00,1.241770505905151367e+00
1.510810017590000109e+00,2.173278331756591797e+00
5.103110075000000245e-01,1.242267131805419922e+00
6.637499928469999810e-01,7.422565221786499023e-01
5.865659713749999948e-01,8.667629957199096680e-01
9.182999730109998593e-01,7.460883259773254395e-01
1.126363039020000123e+00,9.101474881172180176e-01
9.455379843710000065e-01,1.021550059318542480e+00
7.979699969290000583e-01,9.036958217620849609e-01
8.895260095600000527e-01,8.348835110664367676e-01
5.017459988589999531e-01,9.056784510612487793e-01
7.889080047609999813e-01,6.603116393089294434e-01
5.571460127830000220e-01,8.621333837509155273e-01
8.079270124439998924e-01,6.873040199279785156e-01
7.382910251620000697e-01,8.397831320762634277e-01
6.742079854009999096e-01,7.853300571441650391e-01
8.787713646889999675e-01,7.534437775611877441e-01
7.401880025859999268e-01,8.799125552177429199e-01
8.886500000949999478e-01,7.822683453559875488e-01
7.983270287510000340e-01,8.899526596069335938e-01
5.137799978260000344e-01,8.240646123886108398e-01
7.760372757910000141e-01,6.584386825561523438e-01
8.528280258179999906e-01,8.344525098800659180e-01
7.851629853249999513e-01,8.687694072723388672e-01
8.431609868999999646e-01,8.395430445671081543e-01
1.024798870089999925e+00,8.732947111129760742e-01
8.044279813770001120e-01,9.725413918495178223e-01
8.841310143469999216e-01,8.254497051239013672e-01
3.615649938579999501e-01,8.972949385643005371e-01
1.171491026879999842e+00,5.613125562667846680e-01
4.477910101410000343e-01,1.076003313064575195e+00
7.665730118750000432e-01,5.922265052795410156e-01
7.735599875449999940e-01,8.444417119026184082e-01
1.054823040959999902e+00,8.182573318481445312e-01
7.843300104139999673e-01,9.872963428497314453e-01
1.034250974660000155e+00,8.103559613227844238e-01
1.096979022029999973e+00,9.805682897567749023e-01
7.633029818529999400e-01,9.948790669441223145e-01
5.883730053899999257e-01,7.907046675682067871e-01
6.365630030629999547e-01,7.078494429588317871e-01
5.750700235369999858e-01,7.366209030151367188e-01
5.399640202519999654e-01,6.847161054611206055e-01
1.324671149250000068e+00,6.648918986320495605e-01
8.178460001949999780e-01,1.150137186050415039e+00
6.359609961509999909e-01,8.084197640419006348e-01
8.135920166969999867e-01,7.594305276870727539e-01
9.872140288350000903e-01,8.761706352233886719e-01
9.839289784429998686e-01,9.511281847953796387e-01
5.904790163040000150e-01,9.286832213401794434e-01
8.986790180209999201e-01,6.903703808784484863e-01
6.268000006680000125e-01,9.028724431991577148e-01
6.926850080490000172e-01,7.075816392898559570e-01
5.757049918169999669e-01,7.639342546463012695e-01
6.764680147170000213e-01,6.880618929862976074e-01
8.279470205309999997e-01,7.538525462150573730e-01
6.547859907149999881e-01,8.386721611022949219e-01
1.085815548900000094e+00,7.307831048965454102e-01
8.509550094600001335e-01,1.005823969841003418e+00
8.879359960559999321e-01,8.375005125999450684e-01
6.557850241659999302e-01,8.838733434677124023e-01
6.597809791559999804e-01,7.354242205619812012e-01
8.856279850010000398e-01,7.521050572395324707e-01
7.502999901769999980e-01,8.855325579643249512e-01
9.303160309790000637e-01,7.891805768013000488e-01
7.259460091590000941e-01,9.084838032722473145e-01
7.123904824259998936e-01,7.711100578308105469e-01
9.326570034029998402e-01,7.854167222976684570e-01
6.544970273969999974e-01,9.198812246322631836e-01
4.987269937989999846e-01,7.430016994476318359e-01
9.782410264020000579e-01,6.736007332801818848e-01
5.593240261080000275e-01,9.643549323081970215e-01
8.733990192409999409e-01,6.666554212570190430e-01
6.232500076290000690e-01,8.905810117721557617e-01
6.319249868390000024e-01,7.152073383331298828e-01
8.335350155830000274e-01,7.318660020828247070e-01
8.613430261610000027e-01,8.494125604629516602e-01
1.036013007159999999e+00,8.619509339332580566e-01
6.160370111469999355e-01,9.766826033592224121e-01
9.874529838560001105e-01,7.187550067901611328e-01
6.686739921569999634e-01,9.740137457847595215e-01
6.455339789389999972e-01,7.431539297103881836e-01
1.007030010220000049e+00,7.419994473457336426e-01
7.763000130650000719e-01,9.676892161369323730e-01
9.358490109440000815e-01,8.050142526626586914e-01
6.626719832419999401e-01,9.245465397834777832e-01
1.113351941109999910e+00,7.353612184524536133e-01
5.495319962500000432e-01,1.022241115570068359e+00
9.273632764820001206e-01,6.467248201370239258e-01
8.215330243109999486e-01,9.142210483551025391e-01
9.193540215490000334e-01,8.324930667877197266e-01
6.899859905239998925e-01,9.345861673355102539e-01
6.497738957409999738e-01,7.811299562454223633e-01
9.705049991610000815e-01,7.454610466957092285e-01
8.034440279009998909e-01,9.279611706733703613e-01
8.920990228650002019e-01,8.227793574333190918e-01
7.462270259859999921e-01,8.863969445228576660e-01
1.495407462120000197e+00,7.825288176536560059e-01
7.597569823270000633e-01,1.260615706443786621e+00
9.677280187610000084e-01,8.007173538208007812e-01
1.126011013979999920e+00,1.049127578735351562e+00
7.641419768330000029e-01,1.123477816581726074e+00
1.423818945879999909e+00,8.625352978706359863e-01
8.309190273280000483e-01,1.281569838523864746e+00
5.316870212550000030e-01,8.651794195175170898e-01
6.942920088770000442e-01,7.294718623161315918e-01
1.097100019450000019e+00,8.292642235755920410e-01
8.623710274700000511e-01,1.036680459976196289e+00
9.711959958080000899e-01,8.482807874679565430e-01
7.501904964450000213e-01,9.405062198638916016e-01
5.659890174870000346e-01,7.953469157218933105e-01
7.235890030859999378e-01,6.852998137474060059e-01
1.088876962660000114e+00,7.785975337028503418e-01
2.614549994470000138e-01,9.921624660491943359e-01
1.923168003559999895e-01,4.624639451503753662e-01
2.048390060660000012e-01,4.751280546188354492e-01
3.752999901769999980e-01,4.771968126296997070e-01
1.878910064700000104e-01,5.712413787841796875e-01
4.178839921949999980e-01,4.449745118618011475e-01
6.128349900249999704e-01,6.000033020973205566e-01
4.822100102900000462e-01,7.090485095977783203e-01
8.136649727820000066e-01,6.198528409004211426e-01
8.997989892959999958e-01,8.395502567291259766e-01
7.667459845540000041e-01,8.722769618034362793e-01
6.762999892229999421e-01,7.894625067710876465e-01
9.804093837739999984e-01,7.534120082855224609e-01
1.075533032420000090e+00,9.476221799850463867e-01
6.459739804270000496e-01,9.919170141220092773e-01
7.601699829100000416e-01,7.429357767105102539e-01
8.707180023190000950e-01,8.326117992401123047e-01
1.045557022089999899e+00,8.821920752525329590e-01
4.832339882850000268e-01,9.789518117904663086e-01
1.085988998409999962e+00,6.266886591911315918e-01
7.320979833600000930e-01,1.030768871307373047e+00
7.128990292550000385e-01,7.702865600585937500e-01
1.045389056210000112e+00,7.842656373977661133e-01
7.359200119969999676e-01,9.815790653228759766e-01
8.956930041310000590e-01,7.630923390388488770e-01
8.745509982110000191e-01,8.890389204025268555e-01
9.237470030779999508e-01,8.620880246162414551e-01
9.997780323029999971e-01,8.937929272651672363e-01
1.739534020420000049e+00,9.381063580513000488e-01
8.107889890670000321e-01,1.410383701324462891e+00
7.049050331119999235e-01,8.220731616020202637e-01
8.328269720080000438e-01,8.511735200881958008e-01
8.276600241660000412e-01,9.220215678215026855e-01
8.953109979629999549e-01,8.698310852050781250e-01
1.459501028060000039e+00,8.841078877449035645e-01
1.179519057270000060e+00,1.228510975837707520e+00
1.443411946299999915e+00,1.033823728561401367e+00
1.306735038760000078e+00,1.233112573623657227e+00
7.634999752040000365e-01,1.118078470230102539e+00
1.145148038860000161e+00,7.918007373809814453e-01
7.253450155259999477e-01,1.068696260452270508e+00
7.633590102199999672e-01,7.710853815078735352e-01
6.174820065499999622e-01,8.059831857681274414e-01
1.029322981830000039e+00,7.098968029022216797e-01
1.302055954929999926e+00,9.797599315643310547e-01
3.164124965670000122e+00,1.126023173332214355e+00
9.734439849849999549e-01,2.297858953475952148e+00
1.229671001429999855e+00,8.375765681266784668e-01
7.441530227660000385e-01,1.214603066444396973e+00
1.063034057620000139e+00,8.638544678688049316e-01
1.123872041700000102e+00,1.036280751228332520e+00
8.984770178789999173e-01,1.014396309852600098e+00
7.175139784810000698e-01,8.788135051727294922e-01
5.367509722709999931e-01,7.852908968925476074e-01
1.175443053249999981e+00,6.823000907897949219e-01
1.101048946379999949e+00,1.077077984809875488e+00
5.734490156170000130e-01,9.931375980377197266e-01
1.431144952770000200e+00,6.756436824798583984e-01
1.037794947620000130e+00,1.236565113067626953e+00
6.568620204930000206e-01,9.434236288070678711e-01
1.074908018110000141e+00,7.567762136459350586e-01
1.385972023009999887e+00,1.030982851982116699e+00
1.004804968829999812e+00,1.174135327339172363e+00
1.609539985660000116e+00,9.218837022781372070e-01
2.817575931549999524e+00,1.333839654922485352e+00
1.962562561039999931e+00,2.063675880432128906e+00
1.279752016069999998e+00,1.486172437667846680e+00
1.995329976079999845e+00,1.163074254989624023e+00
2.033385992049999924e+00,1.661458373069763184e+00
1.307443976400000096e+00,1.591049075126647949e+00
1.611258029939999892e+00,1.100851774215698242e+00
2.040218114850000042e+00,1.336623430252075195e+00
2.183244943620000100e+00,1.588903427124023438e+00
1.351415991779999937e+00,1.663348913192749023e+00
7.242180109020001089e-01,1.136801123619079590e+00
1.363389015200000109e+00,8.060227632522583008e-01
1.526808977129999967e+00,1.217834949493408203e+00
1.784019589419999940e+00,1.263135194778442383e+00
1.103597044940000105e+00,1.410271286964416504e+00
1.763007998470000004e+00,9.797566533088684082e-01
1.157549023629999896e+00,1.467508554458618164e+00
1.153326034550000045e+00,1.033406019210815430e+00
2.362811088559999551e+00,1.085490703582763672e+00
2.580787897110000007e+00,1.830498814582824707e+00
1.242146968839999976e+00,1.882180690765380859e+00
1.712821006770000265e+00,1.050338268280029297e+00
6.676509976389999323e-01,1.477767467498779297e+00
8.271329998970000652e-01,7.706893682479858398e-01
9.642647504810000214e-01,8.974778056144714355e-01
1.394161701200000048e+00,9.199620485305786133e-01
7.584049701689999923e-01,1.177575230598449707e+00
6.900759935379999765e-01,7.817099094390869141e-01
6.740249991419999809e-01,8.000152707099914551e-01
8.615220189090000424e-01,7.824421525001525879e-01
7.907469868659999790e-01,8.828271031379699707e-01
7.285000085830000138e-01,8.255646228790283203e-01
2.411980032920000017e-01,7.976819276809692383e-01
3.354600071909999981e-01,4.836707413196563721e-01
5.912460088730000507e-01,5.456314086914062500e-01
1.058426976200000036e+00,6.923077106475830078e-01
7.669919729230000316e-01,9.781310558319091797e-01
5.881239771840000019e-01,7.918981313705444336e-01
5.922303199769999305e-01,7.038193941116333008e-01
8.753510117530000079e-01,7.059913277626037598e-01
7.038279771799998974e-01,8.700118064880371094e-01
5.677499771120000371e-01,7.576488852500915527e-01
7.133870124819999825e-01,6.850558519363403320e-01
1.077505946160000061e+00,7.852988243103027344e-01
6.909419894220000247e-01,1.001609921455383301e+00
7.724580168719999973e-01,7.563156485557556152e-01
7.237120270730000859e-01,8.502748608589172363e-01
9.752489924429997847e-01,8.012136220932006836e-01
9.151769876480000399e-01,9.398642778396606445e-01
7.574009895319999686e-01,8.865135908126831055e-01
6.912069916730000374e-01,7.927834987640380859e-01
1.183527946470000147e+00,7.599371075630187988e-01
7.705749869349999281e-01,1.066594839096069336e+00
8.947700262070000798e-01,7.922050952911376953e-01
6.143350005150000070e-01,9.107268452644348145e-01
7.692319750789999855e-01,7.297699451446533203e-01
9.070749878880000061e-01,8.473335504531860352e-01
4.068099856379999713e-01,9.126660823822021484e-01
5.138880014419999753e-01,5.939628481864929199e-01
2.481469959019999838e-01,7.041581869125366211e-01
2.568759918210000159e-01,5.231909155845642090e-01
5.980659723279999618e-01,5.104000568389892578e-01
5.981699824330000137e-01,7.022615075111389160e-01
8.801140189170000294e-01,6.946874260902404785e-01
1.085649013520000095e+00,8.738538622856140137e-01
9.920129775999999566e-01,9.872299432754516602e-01
8.743849992749999078e-01,9.215531349182128906e-01
8.770260214810000621e-01,8.661115169525146484e-01
1.008928894999999937e+00,8.855953812599182129e-01
8.088759779930000393e-01,9.564767479896545410e-01
6.714209914210000907e-01,8.324355483055114746e-01
7.449629902840000373e-01,8.004453778266906738e-01
6.942679882050000195e-01,8.468679189682006836e-01
1.001886010170000008e+00,7.896105051040649414e-01
7.935580015180000446e-01,9.624399542808532715e-01
8.450049161910000439e-01,8.202367424964904785e-01
8.031240105629999793e-01,8.715177178382873535e-01
5.744469761850000689e-01,8.383979797363281250e-01
5.679720044139999757e-01,7.090115547180175781e-01
4.538080096239999195e-01,7.208010554313659668e-01
8.494881391529999215e-01,6.389043331146240234e-01
4.064599871639999473e-01,8.682113885879516602e-01
2.453519999980000310e-01,5.754191875457763672e-01
2.323218107220000217e+00,5.039210915565490723e-01
2.027115583420000089e+00,1.858778834342956543e+00
1.581117987629999888e+00,1.709789395332336426e+00
1.727049946780000012e+00,1.484287977218627930e+00
1.150642037389999928e+00,1.646328210830688477e+00
1.607933998109999818e+00,1.253791332244873047e+00
1.331233978270000007e+00,1.588982343673706055e+00
1.221642017359999999e+00,1.351449728012084961e+00
1.583541989330000010e+00,1.263978004455566406e+00
1.608662128450000006e+00,1.491856575012207031e+00
2.185653924939999992e+00,1.479339838027954102e+00
2.989559888840000124e+00,1.877065777778625488e+00
7.574499845500000106e-01,2.405351638793945312e+00
1.811344027520000122e+00,8.945506811141967773e-01
1.527951955800000094e+00,1.756052970886230469e+00
8.892235755919999374e-01,1.477242708206176758e+00
