1.069700956339999953e+00,1.105961799621582031e+00
7.274609804150000691e-01,9.395480155944824219e-01
7.892770171170000459e-01,7.131290435791015625e-01
6.237750053410000550e-01,7.899015545845031738e-01
6.914690136910000007e-01,6.708790659904479980e-01
8.557710051540000640e-01,7.216588854789733887e-01
7.093830108640000187e-01,8.565154671669006348e-01
1.014547944070000041e+00,7.287698388099670410e-01
1.115731000900000103e+00,9.483407735824584961e-01
4.182830154900000208e-01,1.009227752685546875e+00
1.002280950550000105e+00,5.351247191429138184e-01
1.218860983849999968e+00,1.000147700309753418e+00
1.143296003339999922e+00,1.045765876770019531e+00
6.528189778330000248e-01,9.918038845062255859e-01
6.746559739110000731e-01,6.921384334564208984e-01
6.009536385540000802e-01,7.434347271919250488e-01
6.694570183749999348e-01,6.444061994552612305e-01
6.538079977039999990e-01,7.380885481834411621e-01
7.814120054240000224e-01,7.183927893638610840e-01
1.206303954120000022e+00,7.804933786392211914e-01
8.469259738919999725e-01,1.055243134498596191e+00
8.286409974099999687e-01,7.997705340385437012e-01
6.482390165329999787e-01,8.212189078330993652e-01
5.623700022700000023e-01,6.668380498886108398e-01
7.183309793469999649e-01,6.165016293525695801e-01
1.099647998810000082e+00,7.260738015174865723e-01
9.541710019110000163e-01,1.011170744895935059e+00
7.290139794350000146e-01,9.121512770652770996e-01
6.694499850270000385e-01,7.964768409729003906e-01
8.631219863889999511e-01,7.036836743354797363e-01
6.464660167689999515e-01,8.624009490013122559e-01
8.223180174830000411e-01,6.896752119064331055e-01
9.235979914669999458e-01,8.058740496635437012e-01
8.300920128820000743e-01,8.680347204208374023e-01
1.067314028740000031e+00,8.269305825233459473e-01
1.546175003050000107e+00,9.848109483718872070e-01
6.827279925350000500e-01,1.309927821159362793e+00
6.385620236399999206e-01,7.207664847373962402e-01
6.464239954950000699e-01,7.674931287765502930e-01
6.881093978879999629e-01,7.398477196693420410e-01
7.273989915849999877e-01,7.075275182723999023e-01
6.500350236890000133e-01,7.427112460136413574e-01
8.693690299990000092e-01,6.866475343704223633e-01
4.408580064769999640e-01,8.295075893402099609e-01
4.518609941010000575e-01,5.385742783546447754e-01
7.575070261959999662e-01,5.799873471260070801e-01
4.952389895920000229e-01,7.878049015998840332e-01
6.850870251659999521e-01,5.995932221412658691e-01
7.243813276289999825e-01,7.386999130249023438e-01
8.653740286830000628e-01,7.142312526702880859e-01
7.400469779970000328e-01,8.320573568344116211e-01
8.070759773250000269e-01,7.194141149520874023e-01
8.204330205920000729e-01,7.986758351325988770e-01
1.114411950110000049e+00,7.935582399368286133e-01
1.108605027200000093e+00,9.855061769485473633e-01
4.751499891279999943e-01,9.822239279747009277e-01
1.039268016820000140e+00,5.752248764038085938e-01
9.457899928089998909e-01,9.973807334899902344e-01
7.877500057220000462e-01,8.755233287811279297e-01
3.504549860949999762e-01,7.680566906929016113e-01
9.367713332179998797e-01,5.023326873779296875e-01
9.868059754369999936e-01,9.203545451164245605e-01
6.470239758489999549e-01,9.366280436515808105e-01
1.029777050020000084e+00,6.774961948394775391e-01
1.187446951870000156e+00,9.887404441833496094e-01
9.328820109370000724e-01,1.061422586441040039e+00
7.528370022769999004e-01,9.294942021369934082e-01
6.420040130619999452e-01,8.161635398864746094e-01
2.307340055699999559e-01,7.393928766250610352e-01
4.714997112749998998e-01,3.593641817569732666e-01
8.772729635240000823e-01,5.584338903427124023e-01
7.876309752460000091e-01,8.265289664268493652e-01
2.742219865320000283e-01,8.250819444656372070e-01
3.992269933219999567e-01,4.515171349048614502e-01
9.923512339589999343e-01,5.817497372627258301e-01
7.627239823340000724e-01,9.219460487365722656e-01
7.200859785079999353e-01,7.752267718315124512e-01
6.264780163759999798e-01,7.726315855979919434e-01
7.269890308380000388e-01,6.780531406402587891e-01
9.301019906999998810e-01,7.467516064643859863e-01
6.872699856759999504e-01,8.677154183387756348e-01
8.662552833559999943e-01,6.867178678512573242e-01
8.352038264269999734e-01,8.295820951461791992e-01
9.402499794960000878e-01,7.957136631011962891e-01
1.023357987399999836e+00,9.164598584175109863e-01
7.322629690170000538e-01,9.568856358528137207e-01
9.300749897960000068e-01,7.314902544021606445e-01
8.702930212019999168e-01,8.774318695068359375e-01
5.104020237919999481e-01,8.748552799224853516e-01
1.025817990299999982e+00,6.152523159980773926e-01
4.551239907739999535e-01,9.648825526237487793e-01
7.345349788670000324e-01,5.104572176933288574e-01
7.012919783589999234e-01,7.590282559394836426e-01
1.014386057849999911e+00,7.176980972290039062e-01
1.123770236970000225e+00,9.303405284881591797e-01
4.825370013710000294e-01,9.767960309982299805e-01
4.689320027829999571e-01,5.442582368850708008e-01
8.755196928980000237e-01,6.155053377151489258e-01
1.145424962039999883e+00,8.677419424057006836e-01
1.943787455559999877e+00,1.017027616500854492e+00
1.557039022450000143e+00,1.501485466957092285e+00
2.104775905609999942e+00,1.307325482368469238e+00
1.062240004540000005e+00,1.709678649902343750e+00
7.867829799650000178e-01,9.559254646301269531e-01
2.247971057890000068e+00,7.651688456535339355e-01
5.664669871329999218e-01,1.825580835342407227e+00
8.389729857439999217e-01,6.722415685653686523e-01
3.188189864160000386e-01,1.067038774490356445e+00
6.386680006980000046e-01,5.839074850082397461e-01
7.540266513819999794e-01,7.135248184204101562e-01
1.085826039310000102e+00,7.381576895713806152e-01
6.014299988750000381e-01,9.832270741462707520e-01
6.923220157619999204e-01,6.342329382896423340e-01
8.782439827919999997e-01,7.411256432533264160e-01
1.279224038119999962e+00,8.473719954490661621e-01
7.251669764520000117e-01,1.106026411056518555e+00
4.283109903339999969e-01,7.145446538925170898e-01
7.012249827380000466e-01,5.417326688766479492e-01
8.846225738529999161e-01,7.269645929336547852e-01
7.809653878210001121e-01,8.384007811546325684e-01
9.259700179099999984e-01,7.742403149604797363e-01
9.178640246389999646e-01,9.292050600051879883e-01
9.073020219800000952e-01,9.100258946418762207e-01
4.099450111390000040e-01,8.694897294044494629e-01
8.741459846500000408e-01,4.685566723346710205e-01
1.231343984599999830e+00,8.600269556045532227e-01
7.683960199359999299e-01,1.052949070930480957e+00
9.357339143749998644e-01,7.318223118782043457e-01
7.523270249369999885e-01,8.728480339050292969e-01
6.247839927670000293e-01,7.427077889442443848e-01
1.977947235110000035e+00,6.786426305770874023e-01
2.476479291920000048e+00,1.591071844100952148e+00
6.822599768639999729e-01,2.082597970962524414e+00
1.294077992440000102e+00,8.573915362358093262e-01
2.116506099700000032e+00,1.454182267189025879e+00
2.030230045320000176e+00,1.801345348358154297e+00
1.727593064309999926e+00,1.704197525978088379e+00
1.321619033810000010e+00,1.523558139801025391e+00
1.114274978639999913e+00,1.264722704887390137e+00
1.618482947350000201e+00,1.032410025596618652e+00
1.102354049679999948e+00,1.352127790451049805e+00
8.501269817350000091e-01,9.727332592010498047e-01
6.531813144679999850e-01,8.537414073944091797e-01
6.168276071549999573e-01,7.024801969528198242e-01
1.023204803470000090e+00,6.848445534706115723e-01
1.176781058310000017e+00,9.396637678146362305e-01
1.108754038809999898e+00,1.067563652992248535e+00
9.838110208509999177e-01,1.023460507392883301e+00
1.829927563670000312e+00,9.333235621452331543e-01
1.342131018639999951e+00,1.451304316520690918e+00
1.265669584270000092e+00,1.230954289436340332e+00
7.930377125740000199e-01,1.250529646873474121e+00
1.030689358710000114e+00,8.968140482902526855e-01
8.210232257839999992e-01,1.010323762893676758e+00
1.099169254300000009e+00,8.291810154914855957e-01
5.255355238910000004e-01,1.021827101707458496e+00
7.758393883709999717e-01,6.131920814514160156e-01
7.209759950640000081e-01,8.281751871109008789e-01
8.666771054269999386e-01,7.244461178779602051e-01
8.462041020389999835e-01,8.216288685798645020e-01
7.614132165909999195e-01,7.948738932609558105e-01
6.587246060370000045e-01,7.553095817565917969e-01
1.078659296040000104e+00,6.990423798561096191e-01
1.281940340999999872e+00,9.737620353698730469e-01
6.600005030629999547e-01,1.150871872901916504e+00
1.112500548360000119e+00,7.968499660491943359e-01
6.280704736709999958e-01,1.153640270233154297e+00
6.864575743680000341e-01,7.283279895782470703e-01
9.000409841540001343e-01,7.058827877044677734e-01
7.342569231990000445e-01,8.661209344863891602e-01
1.011121273039999879e+00,7.572028040885925293e-01
8.827599883079999543e-01,9.404636621475219727e-01
7.521411776540001259e-01,8.382416367530822754e-01
9.489411115649999395e-01,7.415211200714111328e-01
6.799052953720000625e-01,8.911364078521728516e-01
7.211565971369999772e-01,7.226044535636901855e-01
6.504104733470000843e-01,7.398476004600524902e-01
7.167106270790000178e-01,7.392410635948181152e-01
9.056316018100001308e-01,7.960137724876403809e-01
6.526464819910000603e-01,8.739537000656127930e-01
7.056654095649999014e-01,6.754062771797180176e-01
6.581057906149999637e-01,7.142801284790039062e-01
6.592794060709999959e-01,6.911997199058532715e-01
6.634064316750000190e-01,7.029469609260559082e-01
7.808002829549999246e-01,6.898620724678039551e-01
7.565907239910000248e-01,7.754284739494323730e-01
9.280405640599999062e-01,7.464956641197204590e-01
7.073829770089999913e-01,8.776246905326843262e-01
3.888399899009999383e-01,7.355650067329406738e-01
3.422417938710000107e-01,5.255914330482482910e-01
2.337300032380000003e-01,4.992979168891906738e-01
1.459127068520000015e-01,3.709312677383422852e-01
3.949534893039999828e-01,3.109001219272613525e-01
9.678409695629999199e-01,5.214060544967651367e-01
7.839220166210000285e-01,8.974152803421020508e-01
8.333759903910000766e-01,7.687982916831970215e-01
9.723259806630000224e-01,8.179737925529479980e-01
6.905210018160000685e-01,8.868036866188049316e-01
1.345324039460000121e+00,7.051562666893005371e-01
7.227010130879999439e-01,1.239278674125671387e+00
6.804850101469999135e-01,7.938624620437622070e-01
7.610610127449999318e-01,8.134418725967407227e-01
8.075709938999999782e-01,7.805803418159484863e-01
5.886639952659999953e-01,8.169699907302856445e-01
9.960750937460000065e-01,6.506739258766174316e-01
1.045413970949999882e+00,9.224359989166259766e-01
4.713059961800000752e-01,9.545519351959228516e-01
1.047140955920000005e+00,5.789796113967895508e-01
1.126214265820000060e+00,9.971235990524291992e-01
2.560461759570000329e+00,9.912559390068054199e-01
7.747610211370000721e-01,2.240768194198608398e+00
7.172060012819999608e-01,1.037526607513427734e+00
8.005080223080000001e-01,1.193590879440307617e+00
5.680390000339999856e-01,1.162379264831542969e+00
1.195780038829999947e+00,7.131775021553039551e-01
7.970449924470000003e-01,1.141280293464660645e+00
4.899359941480000979e-01,8.305377364158630371e-01
9.918130040170001216e-01,6.381576061248779297e-01
7.445690035819999553e-01,9.621031284332275391e-01
6.096370220180000743e-01,7.209661602973937988e-01
8.565919995309999591e-01,6.524583697319030762e-01
8.144299983980000102e-01,8.401741981506347656e-01
7.605929970739999657e-01,7.964711189270019531e-01
9.157519936559999074e-01,7.559258937835693359e-01
7.421634793279999753e-01,8.732262253761291504e-01
7.329360246660000522e-01,7.286420464515686035e-01
8.745691180230000805e-01,7.704637646675109863e-01
9.644910097120000803e-01,8.406522870063781738e-01
1.477671980859999845e+00,9.012226462364196777e-01
6.752679944040000937e-01,1.423960447311401367e+00
5.030400156970000758e-01,8.706649541854858398e-01
7.066659927370000371e-01,7.999392151832580566e-01
2.968195915220000369e+00,8.455328345298767090e-01
1.255300998690000114e+00,2.283435106277465820e+00
4.084815025330000182e+00,1.083963394165039062e+00
1.692322969440000158e+00,3.055087566375732422e+00
4.121052026750000041e-01,1.354212045669555664e+00
1.035750985149999970e+00,6.791239976882934570e-01
6.408920288089999806e-01,1.241907954216003418e+00
7.065470218660000468e-01,6.992459297180175781e-01
1.060830354689999977e+00,7.117764353752136230e-01
1.880954027180000265e+00,9.434409737586975098e-01
1.886373996729999947e+00,1.506883859634399414e+00
1.328773975370000082e+00,1.480812549591064453e+00
3.931840062139999592e-01,1.146677255630493164e+00
6.382430195809999374e-01,5.525054335594177246e-01
1.045531988140000035e+00,7.921441197395324707e-01
6.588029861449999913e-01,9.627788662910461426e-01
8.046740293499999863e-01,6.884828209877014160e-01
8.740410208700001293e-01,8.158180117607116699e-01
8.532550334930000258e-01,8.265781998634338379e-01
8.952109813690000140e-01,8.168934583663940430e-01
7.301589846610000434e-01,8.527407050132751465e-01
4.149410128589999802e-01,7.554291486740112305e-01
2.700940072540000125e-01,5.246610641479492188e-01
4.911319911479999356e-01,4.014185667037963867e-01
5.079169869420000483e-01,5.900367498397827148e-01
1.224020004270000017e+00,5.892106890678405762e-01
1.267657995220000222e+00,1.168922185897827148e+00
2.633487939829999736e+00,1.136093854904174805e+00
3.999615430830000040e+00,2.140725851058959961e+00
6.651418209080000032e+00,3.005460977554321289e+00
2.102678060530000170e+00,4.952531337738037109e+00
1.283689975739999989e+00,2.142709016799926758e+00
1.291347503659999951e+00,2.132083177566528320e+00
1.353754043579999733e+00,2.115794181823730469e+00
2.390191078189999985e+00,1.852323293685913086e+00
1.461441040039999972e+00,2.050883293151855469e+00
1.599208951000000045e+00,1.324176907539367676e+00
1.471150994300000070e+00,1.480385422706604004e+00
1.298205018039999992e+00,1.301482200622558594e+00
1.579622030259999921e+00,1.176258802413940430e+00
1.360355019570000268e+00,1.360295891761779785e+00
8.036410212519999874e-01,1.189087152481079102e+00
4.276689887049999750e-01,9.063922762870788574e-01
2.694070041180000041e-01,6.752884984016418457e-01
3.897170126439999938e-01,5.567150712013244629e-01
4.179170131680000067e-01,5.543824434280395508e-01
1.546036005019999937e+00,5.460227727890014648e-01
1.017611026760000037e+00,1.318778038024902344e+00
8.653150200839999640e-01,9.010059237480163574e-01
6.194109916690000439e-01,8.536775112152099609e-01
8.454149961469999974e-01,7.125790715217590332e-01
8.048596382139999728e-01,8.511491417884826660e-01
1.435889005660000217e+00,7.934619784355163574e-01
2.565752029420000024e+00,1.214799165725708008e+00
6.206179142000000759e+00,1.912787556648254395e+00
9.309499859810000943e-01,4.449958324432373047e+00
9.077759981159999603e-01,1.023845791816711426e+00
4.609797894950000141e-01,1.607084155082702637e+00
5.264570117000000327e-01,1.145510077476501465e+00
7.942249774930000283e-01,8.503600955009460449e-01
9.704009890559999185e-01,8.039266467094421387e-01
6.695889830590000535e-01,8.837105035781860352e-01
6.997730135920000594e-01,6.635134220123291016e-01
6.903669834139999351e-01,7.156494259834289551e-01
6.361600160600000553e-01,7.159078121185302734e-01
9.726700186730000697e-01,6.851009726524353027e-01
6.393389701839999884e-01,9.442102909088134766e-01
5.123779773709999930e-01,6.901757121086120605e-01
5.699130296709999932e-01,6.340309381484985352e-01
8.318089842800000522e-01,6.496665477752685547e-01
4.694110155110000071e-01,8.380449414253234863e-01
9.054309725759999150e-01,5.594453215599060059e-01
8.482750058169999940e-01,9.066621065139770508e-01
6.566630005839999562e-01,8.325692415237426758e-01
6.324055790899999474e-01,6.848255395889282227e-01
3.268550038340000130e-01,6.531044840812683105e-01
3.047409951689999952e-01,4.545128345489501953e-01
2.159480005499999911e-01,4.634676277637481689e-01
2.148479968310000043e-01,3.649326860904693604e-01
1.512310057880000003e-01,3.826881349086761475e-01
4.153338372709999837e-01,3.316285014152526855e-01
7.344200015070000420e-01,5.353721976280212402e-01
9.913370013240000445e-01,7.451325058937072754e-01
7.910000085830000138e-01,9.227151274681091309e-01
7.429170012469999973e-01,7.559650540351867676e-01
7.426548600200000294e-01,7.396548986434936523e-01
8.799139857289999256e-01,7.415632009506225586e-01
7.376829981800000491e-01,8.477937579154968262e-01
1.240342974660000097e+00,7.518846392631530762e-01
8.343409895899999151e-01,1.114090561866760254e+00
3.054729998110000122e-01,8.261392712593078613e-01
8.929460048680001316e-01,4.687661826610565186e-01
1.285866022110000007e+00,8.950389027595520020e-01
4.146400094030000538e-01,1.110321164131164551e+00
1.090137004850000091e+00,5.531403422355651855e-01
5.923830270769999684e-01,1.112106680870056152e+00
3.773260116580000045e-01,6.638122797012329102e-01
2.693597316740000469e+00,4.820782840251922607e-01
2.288666009900000020e+00,2.061949968338012695e+00
8.955270051960001476e-01,1.911186099052429199e+00
8.070570230480000884e-01,1.129520416259765625e+00
1.194862961769999954e+00,1.188432812690734863e+00
8.929409980769997812e-01,1.295215845108032227e+00
9.776080250740000199e-01,8.902117013931274414e-01
1.832507014270000179e+00,9.689957499504089355e-01
1.403792977329999747e+00,1.513329982757568359e+00
7.223749756810000644e-01,1.196902155876159668e+00
6.599410176280000595e-01,7.773742675781250000e-01
7.407349944109999917e-01,7.590302824974060059e-01
5.553659796709999874e-01,7.487152814865112305e-01
1.236768960949999885e+00,6.132984161376953125e-01
6.214020252229999208e-01,1.119604110717773438e+00
7.108730077739999764e-01,6.711127161979675293e-01
3.064779937269999643e-01,7.784115076065063477e-01
6.473349928859999380e-01,4.523794353008270264e-01
5.458269715310000159e-01,6.936829686164855957e-01
1.024247765539999966e+00,6.175075769424438477e-01
8.176820278170000567e-01,9.324896931648254395e-01
7.440620064740001149e-01,8.596259951591491699e-01
7.367150187490000279e-01,8.375035524368286133e-01
5.768560171130000525e-01,8.077744245529174805e-01
9.152600169179998524e-01,6.049716472625732422e-01
1.137029051779999911e+00,9.011803865432739258e-01
4.960080087179999930e-01,1.010983705520629883e+00
4.941360056399998757e-01,5.384318828582763672e-01
8.834533095360000976e-01,5.473015904426574707e-01
1.271524906160000024e+00,8.235450983047485352e-01
8.864369988439999570e-01,1.061300873756408691e+00
8.988280296330001251e-01,8.750238418579101562e-01
9.049779772759999341e-01,9.261354804039001465e-01
8.299319744109999730e-01,9.045264720916748047e-01
8.756300210950000995e-01,7.877459526062011719e-01
5.502920150760000073e-01,8.387480974197387695e-01
1.073919415470000027e+00,6.003431677818298340e-01
8.491920232770000521e-01,9.800315499305725098e-01
6.393229961399998773e-01,8.290820717811584473e-01
7.995309829709998928e-01,6.946265697479248047e-01
9.646000266079999275e-01,7.960017323493957520e-01
8.413559794430000016e-01,9.166742563247680664e-01
7.011449933050000194e-01,8.351014852523803711e-01
7.240070104600000445e-01,7.423551678657531738e-01
1.010308027270000020e+00,7.278312444686889648e-01
6.538060307499999890e-01,9.290078282356262207e-01
7.932850122450000319e-01,6.675060987472534180e-01
6.538396477699999210e-01,7.843893766403198242e-01
1.160789966579999888e+00,6.626462936401367188e-01
8.085789680480000019e-01,1.028449535369873047e+00
3.743770122530000188e-01,7.715194225311279297e-01
2.556999921800000020e-01,4.926634132862091064e-01
4.893150031570000502e-01,4.113640785217285156e-01
1.151844024660000132e+00,5.811567306518554688e-01
7.372779846189999597e-01,1.044751882553100586e+00
1.088750958439999916e+00,7.241789102554321289e-01
1.975852966309999514e+00,9.826825261116027832e-01
8.547700047490001118e-01,1.599311590194702148e+00
7.977370023729999371e-01,8.831222653388977051e-01
1.052428960799999924e+00,9.557967782020568848e-01
3.179450988770000208e+00,1.061506390571594238e+00
1.797067999840000319e+00,2.434340238571166992e+00
1.056702017779999947e+00,1.437931895256042480e+00
8.751260042189999977e-01,1.069727659225463867e+00
6.645399928090000019e-01,9.834926724433898926e-01
7.571684122089999969e-01,6.945750117301940918e-01
1.368484020229999931e+00,7.492001652717590332e-01
9.052469730380000579e-01,1.192461490631103516e+00
1.032060980800000083e+00,9.150553345680236816e-01
6.141330003739999821e-01,1.044377088546752930e+00
9.733130335809998535e-01,7.151006460189819336e-01
6.452289819719999597e-01,9.012076258659362793e-01
4.894390106200000035e-01,6.446235775947570801e-01
8.408679962160000576e-01,5.644847154617309570e-01
7.771940231319999226e-01,8.241261839866638184e-01
6.755350232119999854e-01,7.447366118431091309e-01
6.592059731480000018e-01,6.965385675430297852e-01
1.084153056139999904e+00,6.831631064414978027e-01
9.314100146289999715e-01,9.820448756217956543e-01
1.359479665760000122e+00,8.525616526603698730e-01
7.633988261220000515e-01,1.174058198928833008e+00
5.357339978220000409e-01,7.737666964530944824e-01
6.781889796259998882e-01,6.617960333824157715e-01
7.839810252189999273e-01,7.317296266555786133e-01
1.169367671010000054e+00,7.582133412361145020e-01
1.015287995340000027e+00,1.007152915000915527e+00
9.259430170060000131e-01,9.957996010780334473e-01
1.319244027140000108e+00,9.477587938308715820e-01
9.717460274700000511e-01,1.207163572311401367e+00
1.176299691200000108e+00,9.329721331596374512e-01
1.714609026910000056e+00,1.053078293800354004e+00
1.307337045669999975e+00,1.435792207717895508e+00
6.186890006069999393e-01,1.155536174774169922e+00
2.298435926440000276e+00,7.119531631469726562e-01
1.808241009709999902e+00,2.007260560989379883e+00
8.794149756429999742e-01,1.572806715965270996e+00
1.570945024490000064e+00,9.770389795303344727e-01
1.578516006470000121e+00,1.410529136657714844e+00
6.200309991839999535e-01,1.307839155197143555e+00
9.928810000419999726e-01,6.832090616226196289e-01
4.551869928839999413e-01,1.013586044311523438e+00
1.017398953439999865e+00,5.356556773185729980e-01
8.378469943999999892e-01,9.444663524627685547e-01
4.884769916529999589e-01,7.953568696975708008e-01
1.246340990070000210e+00,5.589513778686523438e-01
1.209630966189999990e+00,1.134684205055236816e+00
1.252451062200000020e+00,1.048944234848022461e+00
1.519726991650000025e+00,1.078297615051269531e+00
1.063797950739999942e+00,1.253497242927551270e+00
1.571495056150000069e+00,9.310364127159118652e-01
1.278105020519999968e+00,1.343840956687927246e+00
1.192077994349999948e+00,1.133623600006103516e+00
8.304439187050000060e-01,1.096536397933959961e+00
1.402015686039999931e+00,8.070976138114929199e-01
1.156504034999999986e+00,1.232883572578430176e+00
1.162554860120000200e+00,1.079287886619567871e+00
6.007519960399999581e-01,1.117388725280761719e+00
1.253835797310000055e+00,6.930357813835144043e-01
1.791844010350000183e+00,1.141459941864013672e+00
1.734062552449999961e+00,1.503104686737060547e+00
4.939970970150000085e+00,1.439131855964660645e+00
2.394351005549999911e+00,3.758018016815185547e+00
2.212575912479999740e+00,2.120656728744506836e+00
1.886527061460000043e+00,2.339171409606933594e+00
9.343829751010001017e-01,2.008313894271850586e+00
9.099829792980000942e-01,1.000504255294799805e+00
8.112999796870000724e-01,8.905750513076782227e-01
1.049708962440000004e+00,8.483397960662841797e-01
1.351788043980000076e+00,1.007380843162536621e+00
1.277305960659999906e+00,1.184563636779785156e+00
7.854449748989998925e-01,1.161565065383911133e+00
4.846229851250000165e-01,8.386512398719787598e-01
6.676359772680000582e-01,6.436771154403686523e-01
8.322510123249999836e-01,7.330883145332336426e-01
5.959370136259999340e-01,8.068634867668151855e-01
3.410890102390000123e-01,6.329306960105895996e-01
6.860110163689999707e-01,4.735693037509918213e-01
8.153510093690000682e-01,7.456634640693664551e-01
3.985430002210000322e-01,8.016912341117858887e-01
6.998159885410000225e-01,4.929792881011962891e-01
4.263690114019999533e-01,7.358985543251037598e-01
6.866139769550000382e-01,5.576979517936706543e-01
1.826770007609999913e-01,7.740306854248046875e-01
7.018824815749999946e-01,3.327046334743499756e-01
1.796682000159999681e+00,7.367676496505737305e-01
7.204269766809999753e-01,1.692005038261413574e+00
4.680640101429999755e-01,9.777545332908630371e-01
6.408870220180000743e-01,8.851562142372131348e-01
7.520520091060001189e-01,9.678040146827697754e-01
1.001817584040000098e+00,7.743672132492065430e-01
1.660804033279999814e+00,8.978995084762573242e-01
1.450595021250000061e+00,1.374891519546508789e+00
1.085010051729999869e+00,1.183714985847473145e+00
1.099555015560000015e+00,9.831908941268920898e-01
7.694180011750000325e-01,1.022602558135986328e+00
1.254430413249999932e+00,7.910028100013732910e-01
1.496320962910000052e+00,1.122602224349975586e+00
7.186369895940000196e-01,1.287027835845947266e+00
8.902019858359999649e-01,8.017609715461730957e-01
9.891759753229999452e-01,9.908527731895446777e-01
2.849014520649999938e+00,9.543495774269104004e-01
4.281075000759999583e+00,2.182675361633300781e+00
1.248739004139999942e+00,3.216657638549804688e+00
7.096589803699999699e-01,1.157733082771301270e+00
7.497439980509998936e-01,1.044927120208740234e+00
8.907449841499999188e-01,1.026777386665344238e+00
1.469527959819999952e+00,8.633924722671508789e-01
1.608888030049999918e+00,1.226353287696838379e+00
1.043460965159999976e+00,1.588114023208618164e+00
1.184751033780000018e+00,1.241675376892089844e+00
5.063725113870000127e-01,1.380709886550903320e+00
6.946156024930000283e-01,7.482394576072692871e-01
9.299110174179998634e-01,7.317129969596862793e-01
7.754629850390000190e-01,8.887739181518554688e-01
8.564696311949999696e-01,7.654272317886352539e-01
9.269009828569999554e-01,8.353933095932006836e-01
7.506660223010001021e-01,9.250873923301696777e-01
9.248849749570000611e-01,7.976906895637512207e-01
1.070162653919999984e+00,9.441249966621398926e-01
8.752880096439998869e-01,1.023123383522033691e+00
7.511039972310000756e-01,9.274425506591796875e-01
8.627579808239999037e-01,8.673008084297180176e-01
5.096570253369999692e-01,9.130703210830688477e-01
8.495249748229999343e-01,6.221895813941955566e-01
6.711369752879999817e-01,8.522028923034667969e-01
6.132180094720000030e-01,7.104495167732238770e-01
3.810549974440000098e-01,7.326773405075073242e-01
8.710420131680000067e-01,5.454330444335937500e-01
6.540319919589999698e-01,8.777273893356323242e-01
9.089673757550000843e-01,6.895619630813598633e-01
9.709029793739999414e-01,8.803121447563171387e-01
9.856920242310001079e-01,9.442141056060791016e-01
1.356256246570000101e+00,9.753315448760986328e-01
1.309872984889999925e+00,1.232905983924865723e+00
6.344919800760000506e-01,1.219066023826599121e+00
5.933508276940000492e-01,7.810730338096618652e-01
8.796380162239999523e-01,7.974745035171508789e-01
1.131836414339999930e+00,9.015656709671020508e-01
1.841274023059999765e+00,1.018458366394042969e+00
2.261745929719999992e+00,1.517350792884826660e+00
2.597975969309999744e+00,1.776895403861999512e+00
2.399192094800000064e+00,1.975845932960510254e+00
1.982298016549999931e+00,1.862628579139709473e+00
2.269547939300000206e+00,1.618661165237426758e+00
2.017889976500000238e+00,1.812110304832458496e+00
1.452262043950000026e+00,1.688430666923522949e+00
1.342797994609999934e+00,1.424306511878967285e+00
1.311915040020000145e+00,1.400301933288574219e+00
1.276762008670000226e+00,1.321676135063171387e+00
1.275267004970000118e+00,1.185374259948730469e+00
1.210446000100000141e+00,1.160728812217712402e+00
8.153480291369999966e-01,1.089515328407287598e+00
7.271119952200000291e-01,8.453847169876098633e-01
6.043019890790000126e-01,8.101735711097717285e-01
9.830358624459999417e-01,6.812503337860107422e-01
1.101529002189999940e+00,9.533925652503967285e-01
1.183724999429999869e+00,1.071084856986999512e+00
4.356400072569999726e-01,1.104166746139526367e+00
3.270040154459999959e-01,5.536610484123229980e-01
8.039849996569999879e-01,4.609625935554504395e-01
4.216859936710000145e-01,8.275486826896667480e-01
5.734559893609999515e-01,5.121101140975952148e-01
3.959457874300000291e-01,6.334004402160644531e-01
4.163750112060000119e-01,4.923298656940460205e-01
5.603970289230000290e-01,5.399495959281921387e-01
7.749050259590000156e-01,6.317107081413269043e-01
6.370840072629999629e-01,7.782081961631774902e-01
3.839260041709999793e-01,6.707046627998352051e-01
5.648739933969999516e-01,5.012236833572387695e-01
1.054715037350000051e+00,6.585761904716491699e-01
6.537709832190000681e-01,9.643107056617736816e-01
5.931029915809999942e-01,6.781526207923889160e-01
1.022608995439999946e+00,6.645305752754211426e-01
8.359869718549999273e-01,9.667924046516418457e-01
6.375340223309999832e-01,7.965678572654724121e-01
9.755985140799999789e-01,6.674803495407104492e-01
4.898079931740000337e-01,9.125621318817138672e-01
1.098647952079999879e+00,5.792266130447387695e-01
1.151165962220000116e+00,1.025791764259338379e+00
8.061249852179999120e-01,1.013172864913940430e+00
4.744769930839999872e-01,7.835195660591125488e-01
7.896029949189999897e-01,5.604383349418640137e-01
4.762530028819999539e-01,7.912997603416442871e-01
5.455229878430000179e-01,5.682004094123840332e-01
6.212809681889999158e-01,6.350940465927124023e-01
7.707700133319999036e-01,6.656748056411743164e-01
9.337069988249999675e-01,7.737840414047241211e-01
8.110550045970000843e-01,9.024516940116882324e-01
6.005529761310000048e-01,8.490098118782043457e-01
1.002521038060000036e+00,6.887470483779907227e-01
8.921650052069998171e-01,9.470242261886596680e-01
9.160850048070000584e-01,8.596255779266357422e-01
7.413420081139999729e-01,8.767057657241821289e-01
9.283249974250000758e-01,7.316885590553283691e-01
6.429409980770000033e-01,8.708294034004211426e-01
9.950090050700001187e-01,7.102710008621215820e-01
6.271365880970000140e-01,9.561760425567626953e-01
1.038689017300000073e+00,6.759067177772521973e-01
6.888009905820000611e-01,9.911888837814331055e-01
5.214130282399999095e-01,7.110429406166076660e-01
6.510270237919999481e-01,5.950498580932617188e-01
1.159701943399999990e+00,7.328032255172729492e-01
6.456400156020000169e-01,1.062139987945556641e+00
1.195862650870000099e+00,6.872617006301879883e-01
1.304703950880000018e+00,1.118295192718505859e+00
8.844429850579998975e-01,1.175013780593872070e+00
7.697709798810000725e-01,9.243774414062500000e-01
7.702100276950000213e-01,8.772147297859191895e-01
6.418280005459999771e-01,8.550873398780822754e-01
8.937159776689999058e-01,6.675043106079101562e-01
5.247250199319999364e-01,8.899772763252258301e-01
5.142210125920000374e-01,6.180637478828430176e-01
7.172748446459999982e-01,6.248514652252197266e-01
6.410769820210000525e-01,7.411453723907470703e-01
4.689820110800000941e-01,7.582911252975463867e-01
1.203750014310000171e+00,6.425592303276062012e-01
7.911959886550000709e-01,1.163790583610534668e+00
1.136301159859999910e+00,8.223119974136352539e-01
8.642929792399999256e-01,1.086626052856445312e+00
8.814030289650001126e-01,9.176495671272277832e-01
5.817409753800000249e-01,9.447652101516723633e-01
8.651199936869999885e-01,6.980862021446228027e-01
9.078124761579999813e-01,8.249472975730895996e-01
7.377740144730000615e-01,8.468676209449768066e-01
1.120375037189999867e+00,7.571228742599487305e-01
9.422479867940000142e-01,1.008235335350036621e+00
1.060060024260000011e+00,8.462163209915161133e-01
7.158420085910000008e-01,9.507153630256652832e-01
4.040209949019999969e-01,7.164041399955749512e-01
2.920779883859999648e-01,5.050017833709716797e-01
6.317924261089999938e-01,4.267475605010986328e-01
1.124665260310000026e+00,6.806708574295043945e-01
1.115690946580000009e+00,1.008073091506958008e+00
1.247418999670000028e+00,1.001211404800415039e+00
6.976169943809999996e-01,1.112200856208801270e+00
3.693974971769999893e+00,7.153775691986083984e-01
8.204839825630000361e-01,2.830813169479370117e+00
8.573070168499999921e-01,9.741023182868957520e-01
6.902359724040000311e-01,1.336569070816040039e+00
8.385969996449998964e-01,1.155458211898803711e+00
1.287726998329999928e+00,1.026631474494934082e+00
9.632229804989999034e-01,1.123985886573791504e+00
1.343299984930000024e+00,9.731933474540710449e-01
7.316169738770000874e-01,1.243379354476928711e+00
6.809219717980000697e-01,8.017137050628662109e-01
7.014784216880000089e-01,7.344527244567871094e-01
6.698030233380000142e-01,7.104831337928771973e-01
1.365643024439999964e+00,7.085879445075988770e-01
9.781420230869999344e-01,1.194185256958007812e+00
6.786789894100000442e-01,9.200131297111511230e-01
5.976330041890000055e-01,7.683349251747131348e-01
8.193774819369999962e-01,7.214577794075012207e-01
7.911109924320000042e-01,8.528879880905151367e-01
1.044147372249999872e+00,8.259951472282409668e-01
1.400015950200000026e+00,1.006397724151611328e+00
8.748620152470000244e-01,1.257851719856262207e+00
6.228179931639999944e-01,8.718395829200744629e-01
7.164059877399998610e-01,7.337589859962463379e-01
6.523500084880000660e-01,7.493255734443664551e-01
9.379299879070001067e-01,6.853439211845397949e-01
5.936999917030000296e-01,8.887303471565246582e-01
5.393440127369999448e-01,6.438488364219665527e-01
9.370089769359999377e-01,6.247634291648864746e-01
8.087720274930000341e-01,9.113503098487854004e-01
5.654280185700000239e-01,8.027495741844177246e-01
6.020820140839999723e-01,6.371525526046752930e-01
1.146679997439999932e+00,6.524699330329895020e-01
9.824249744419999431e-01,1.051040530204772949e+00
5.671510100359999917e-01,9.287344217300415039e-01
7.866399884220000027e-01,6.535174250602722168e-01
7.388439774510000557e-01,7.974266409873962402e-01
6.810299754140000106e-01,7.400766611099243164e-01
7.086979746820000203e-01,7.133217453956604004e-01
6.642330288889999323e-01,7.262240052223205566e-01
5.124790072439999733e-01,6.853440403938293457e-01
6.040380001070000393e-01,6.034998893737792969e-01
6.728799939159999521e-01,6.878952383995056152e-01
8.265414834020000656e-01,7.092157602310180664e-01
4.546860158440000355e-01,8.179659247398376465e-01
5.594509840010000179e-01,5.545140504837036133e-01
1.332218050960000122e-01,6.723988056182861328e-01
1.633069962260000063e-01,3.072037696838378906e-01
1.797860413789999778e-01,3.396263718605041504e-01
5.747918486599999932e-01,3.384739160537719727e-01
8.508148789409999413e-01,6.609257459640502930e-01
8.527640104289999634e-01,8.174837231636047363e-01
1.687628030779999788e+00,7.969081401824951172e-01
2.149522066120000297e+00,1.330919861793518066e+00
8.122850060459999577e-01,1.704310297966003418e+00
1.239639997479999867e+00,8.391216993331909180e-01
2.128437280650000041e+00,1.245021462440490723e+00
2.139239072800000141e+00,1.681448817253112793e+00
9.779880046840000452e-01,1.727127313613891602e+00
6.937779784199998856e-01,9.962781071662902832e-01
7.218790054320000094e-01,8.861341476440429688e-01
7.631160020829999002e-01,8.099581003189086914e-01
8.565329909319999713e-01,7.659181952476501465e-01
1.109338045120000116e+00,8.210159540176391602e-01
6.476340293879999654e-01,1.001839041709899902e+00
9.241870045659998922e-01,6.745675802230834961e-01
7.877320051189998784e-01,9.104933738708496094e-01
1.305567026139999864e+00,7.992308735847473145e-01
9.107710123059999940e-01,1.155698299407958984e+00
8.699640035629999657e-01,8.723829388618469238e-01
5.743020176890000217e-01,8.861621022224426270e-01
8.599532246590000373e-01,6.415922641754150391e-01
4.775849878790000003e-01,8.349467515945434570e-01
1.108017444610000179e+00,5.710791945457458496e-01
1.290724992749999966e+00,1.021112084388732910e+00
8.591579794879999898e-01,1.201560258865356445e+00
3.058980107309999807e-01,8.883529901504516602e-01
9.039019942279999942e-01,4.947939515113830566e-01
6.352750062940000220e-01,9.043962359428405762e-01
1.023422956470000145e+00,6.504799723625183105e-01
6.730669736859999919e-01,9.383839964866638184e-01
8.504790067669999454e-01,7.033833265304565430e-01
5.141969919200000128e-01,8.478863835334777832e-01
1.527956604959999964e+00,5.929045081138610840e-01
4.094385623930000051e+00,1.283683538436889648e+00
9.952359795569999390e-01,3.150374174118041992e+00
8.670449852940000923e-01,1.142794966697692871e+00
1.141056060789999993e+00,1.401302814483642578e+00
1.622257947919999888e+00,1.511197328567504883e+00
1.980204939840000566e+00,1.503691792488098145e+00
1.375547051430000112e+00,1.581625461578369141e+00
1.851865053180000054e+00,1.171867370605468750e+00
1.420923948290000016e+00,1.590665936470031738e+00
1.589177966120000285e+00,1.267816662788391113e+00
1.673199415210000041e+00,1.383139848709106445e+00
2.123934030530000072e+00,1.385181307792663574e+00
1.648401975629999905e+00,1.834037780761718750e+00
1.204741954800000014e+00,1.507482647895812988e+00
7.920839786529999538e-01,1.229610681533813477e+00
1.227027416229999890e+00,9.015753269195556641e-01
1.226951003070000157e+00,1.091652989387512207e+00
1.131343960759999989e+00,1.071770191192626953e+00
1.252465009690000075e+00,1.003658771514892578e+00
1.116891980170000132e+00,1.072030901908874512e+00
1.122387051579999850e+00,9.863497614860534668e-01
1.040153026579999862e+00,9.992217421531677246e-01
8.091310262680000420e-01,9.435499906539916992e-01
7.681059837340000751e-01,8.064705729484558105e-01
7.982919812199998910e-01,7.870107293128967285e-01
7.666722536090000428e-01,7.812148332595825195e-01
1.057360053060000027e+00,7.656910419464111328e-01
8.607699871060000563e-01,9.718627929687500000e-01
1.070777058600000053e+00,8.162761330604553223e-01
5.301510095600000527e-01,9.605753421783447266e-01
6.604189872739999467e-01,5.797702074050903320e-01
9.909179806709998983e-01,7.226243615150451660e-01
3.561530113220000016e-01,9.434759020805358887e-01
9.618239998820000691e-01,4.798825383186340332e-01
1.244829058649999931e+00,9.432678222656250000e-01
8.381230235100001202e-01,1.064732313156127930e+00
9.245989918709998090e-01,8.164727091789245605e-01
8.131660223010001021e-01,8.999711275100708008e-01
1.003061056139999963e+00,7.894549369812011719e-01
8.752340078350000496e-01,9.355493187904357910e-01
7.991399765009998823e-01,8.306553959846496582e-01
8.812961578369999938e-01,7.790906429290771484e-01
1.063080191609999892e+00,8.243609070777893066e-01
9.057049751279999672e-01,9.405032396316528320e-01
6.909559965129999926e-01,8.557913303375244141e-01
1.355970025060000195e+00,7.197794318199157715e-01
7.572399973869999856e-01,1.178963899612426758e+00
2.043754577640000125e+00,7.475563883781433105e-01
8.576130270960000690e-01,1.649385094642639160e+00
2.364957094190000220e+00,8.731546998023986816e-01
4.179231166840000178e+00,1.935882449150085449e+00
2.233561992649999883e+00,2.955087184906005859e+00
8.013390302660000630e-01,1.629604458808898926e+00
8.372840285299999463e-01,8.856065869331359863e-01
8.851529955859999133e-01,9.842763543128967285e-01
9.040349721909999303e-01,8.136093020439147949e-01
1.302939534190000082e+00,8.378529548645019531e-01
7.228699922560000157e-01,1.120398163795471191e+00
8.009120225910000279e-01,7.342093586921691895e-01
1.032919287679999965e+00,8.483237028121948242e-01
1.321628212929999879e+00,9.560503363609313965e-01
9.367759823799999275e-01,1.141332983970642090e+00
7.007700204850000336e-01,8.829417228698730469e-01
7.624319791789999634e-01,7.811905741691589355e-01
1.144938945770000105e+00,8.169249296188354492e-01
7.721610069269999599e-01,1.011429667472839355e+00
8.772150278090000697e-01,7.611287832260131836e-01
1.243505001070000171e+00,8.594551682472229004e-01
6.381840109830000385e-01,1.079299569129943848e+00
7.468199729919999807e-01,7.399565577507019043e-01
6.839929819109999976e-01,8.796863555908203125e-01
1.419505119320000119e+00,7.776502370834350586e-01
6.141470074649999500e-01,1.216354489326477051e+00
7.347676754000000976e-01,6.749977469444274902e-01
6.770560145379999062e-01,8.525020480155944824e-01
1.074026942249999950e+00,7.603046298027038574e-01
6.156389713290000287e-01,9.961199760437011719e-01
9.692379832269999440e-01,6.514369845390319824e-01
9.916120171550001361e-01,9.178363680839538574e-01
8.089560270310000023e-01,8.991766571998596191e-01
2.435143947599999859e+00,7.743529081344604492e-01
8.223479986189999869e-01,2.016526937484741211e+00
5.938220024110000272e-01,8.879473805427551270e-01
5.762249827380000466e-01,8.555337786674499512e-01
4.224239885809999429e-01,8.201994299888610840e-01
6.765879988670000511e-01,5.133439898490905762e-01
5.520349740979999531e-01,7.164251804351806641e-01
9.015229940410001142e-01,6.227177381515502930e-01
7.489960193629999763e-01,8.704786300659179688e-01
8.627583980560000754e-01,7.622887492179870605e-01
9.480749964710000199e-01,8.580816388130187988e-01
1.055613875389999956e+00,9.414344429969787598e-01
1.970020055770000278e+00,9.849883317947387695e-01
9.391199946399999554e-01,1.659486174583435059e+00
1.009042978289999892e+00,9.465867280960083008e-01
7.824029922490001177e-01,1.086728692054748535e+00
1.016265034679999957e+00,8.102322816848754883e-01
8.782749772069999850e-01,9.373209476470947266e-01
7.353619933130000064e-01,8.343889117240905762e-01
1.109990954399999952e+00,7.480923533439636230e-01
7.727199792860000027e-01,1.009003877639770508e+00
1.164981961250000086e+00,7.439689040184020996e-01
7.157210111620000426e-01,1.024636864662170410e+00
1.475479006770000101e+00,7.348141074180603027e-01
8.354520201680000202e-01,1.296487092971801758e+00
7.344660162930000125e-01,8.275807499885559082e-01
7.861927747729999805e-01,8.033540844917297363e-01
1.143465042110000107e+00,7.826912403106689453e-01
9.246990084650000830e-01,1.058420896530151367e+00
2.958764553069999970e+00,8.771501779556274414e-01
2.138324022289999959e+00,2.248205423355102539e+00
2.038712024690000124e+00,1.740590572357177734e+00
1.480209946629999829e+00,1.778254032135009766e+00
9.367650747299998137e-01,1.405155420303344727e+00
1.715939760209999942e+00,9.596980810165405273e-01
1.001402020450000041e+00,1.478893637657165527e+00
8.896229863169999863e-01,9.718828797340393066e-01
7.492939829829999843e-01,9.330863952636718750e-01
1.115183949470000213e+00,7.773519158363342285e-01
9.457820057870001129e-01,1.007823348045349121e+00
6.452180147170000213e-01,9.216390848159790039e-01
1.164842009540000056e+00,7.428050041198730469e-01
1.244351029399999975e+00,1.065009355545043945e+00
9.045109748840000075e-01,1.065764069557189941e+00
5.575259923929999362e-01,8.483121991157531738e-01
5.778343677520000332e-01,6.533853411674499512e-01
7.199835777280000348e-01,7.001080513000488281e-01
7.607790231700000128e-01,8.140844106674194336e-01
5.404400229450000426e-01,8.323774933815002441e-01
8.009672760959999360e-01,6.627981066703796387e-01
7.710149884220000027e-01,8.471816182136535645e-01
6.709719896319999988e-01,8.359460830688476562e-01
2.768970489500000021e+00,7.676424384117126465e-01
3.086133003230000060e+00,2.232878923416137695e+00
1.116358041760000086e+00,2.466216325759887695e+00
1.018260955809999979e+00,1.220780849456787109e+00
7.442610263819999794e-01,1.361571073532104492e+00
1.114386796949999869e+00,1.072402954101562500e+00
1.380516409870000238e+00,1.188235521316528320e+00
1.229098439219999950e+00,1.317306518554687500e+00
1.573238968849999919e+00,1.217320203781127930e+00
1.245597958560000107e+00,1.478462934494018555e+00
8.298619985580000247e-01,1.237272143363952637e+00
5.376980304720000436e-01,9.832886457443237305e-01
8.593800067899999284e-01,7.284553647041320801e-01
7.949647903440000274e-01,8.963162302970886230e-01
8.122889995569999577e-01,8.054996728897094727e-01
1.209460973739999945e+00,8.660663366317749023e-01
1.043611049649999956e+00,1.103620529174804688e+00
9.914460182190000248e-01,9.539874792098999023e-01
1.377645969390000058e+00,9.338120222091674805e-01
7.495359778399999229e-01,1.183153986930847168e+00
7.549669742579999676e-01,7.569174170494079590e-01
8.522210121150000095e-01,8.101585507392883301e-01
1.312628030780000010e+00,8.447417616844177246e-01
9.499999880790001017e-01,1.153419733047485352e+00
8.433979749680000637e-01,9.068344235420227051e-01
6.329939961430000039e-01,8.559795022010803223e-01
6.848490238189999246e-01,6.953402161598205566e-01
8.296039700509999504e-01,7.566804885864257812e-01
1.117776036259999994e+00,8.336591720581054688e-01
1.060515046120000138e+00,1.077921390533447266e+00
9.966710209849999336e-01,1.047521829605102539e+00
6.726049780850000825e-01,9.874354600906372070e-01
8.499810099600000335e-01,6.949551105499267578e-01
7.929700016980000266e-01,8.616459369659423828e-01
7.509549856190000927e-01,8.023964166641235352e-01
9.556260704989999466e-01,7.687434554100036621e-01
6.085839867589999397e-01,8.886336088180541992e-01
7.782499790189999489e-01,6.464764475822448730e-01
5.098140239720000411e-01,8.044123649597167969e-01
6.364319920540000286e-01,6.060928702354431152e-01
6.015599966049999248e-01,7.186214327812194824e-01
6.556333899499999784e-01,6.636575460433959961e-01
6.385549902920000243e-01,7.134537100791931152e-01
8.762890100480000832e-01,7.199773192405700684e-01
7.967479825020000739e-01,8.906021714210510254e-01
6.824830174449999509e-01,8.160153627395629883e-01
8.025500178340000401e-01,7.437587380409240723e-01
7.950311899190000142e-01,8.156771063804626465e-01
1.584897041320000088e+00,8.040773868560791016e-01
1.017485976220000143e+00,1.388100147247314453e+00
9.177780151369999695e-01,9.604231715202331543e-01
1.230221033100000083e+00,9.280232787132263184e-01
1.027899026870000121e+00,1.157845139503479004e+00
9.125559926030000213e-01,9.890515208244323730e-01
7.935979962350000472e-01,9.155830740928649902e-01
1.030437946320000187e+00,8.412825465202331543e-01
5.325379967690000438e-01,9.918119311332702637e-01
6.127780079839999505e-01,6.352484822273254395e-01
8.741289973260000234e-01,7.240139842033386230e-01
3.667230010029999820e-01,8.631516695022583008e-01
7.391750216480000857e-01,4.950048625469207764e-01
5.604230165479999748e-01,8.038054108619689941e-01
7.758178114889999755e-01,6.435695290565490723e-01
8.102909922600001202e-01,8.031662702560424805e-01
6.437510252000000488e-01,8.386788964271545410e-01
7.236457467079999706e-01,7.276738882064819336e-01
9.113870263100001257e-01,8.019288182258605957e-01
6.627830266949999993e-01,9.523032903671264648e-01
1.002035975460000117e+00,7.849013209342956543e-01
8.224419951440000709e-01,1.048411488533020020e+00
1.030576944350000135e+00,9.458528161048889160e-01
6.781139969830000114e-01,1.071636795997619629e+00
5.333459973340000104e-01,7.930653691291809082e-01
3.209959864620000047e-01,6.347375512123107910e-01
7.608630061149999069e-01,4.947071969509124756e-01
7.439860105509998878e-01,8.181377649307250977e-01
5.468400120740000148e-01,7.611315250396728516e-01
7.004669904709999173e-01,6.239377260208129883e-01
8.356525897980000561e-01,7.423767447471618652e-01
1.274258971210000091e+00,8.252155780792236328e-01
8.934450149539999719e-01,1.205684185028076172e+00
6.211659908290000365e-01,9.444962143898010254e-01
7.900159955019999680e-01,7.723442912101745605e-01
1.067494988440000014e+00,8.619561195373535156e-01
6.698009967800000464e-01,1.062124967575073242e+00
1.265694975850000015e+00,7.728070020675659180e-01
6.380620002750000408e-01,1.187892079353332520e+00
9.348030090330000652e-01,7.030064463615417480e-01
8.006410002709999363e-01,9.623513817787170410e-01
1.085708975790000030e+00,8.039078116416931152e-01
3.527039885520000251e-01,1.036607623100280762e+00
5.883709788319999578e-01,4.978361427783966064e-01
4.875420033929999120e-01,7.369733452796936035e-01
4.636880159380000199e-01,5.814894437789916992e-01
3.637039959430000136e-01,5.801054239273071289e-01
8.750243186949999696e-01,4.998613893985748291e-01
6.435279846190000708e-01,8.574809432029724121e-01
4.834130108360000233e-01,7.244222164154052734e-01
2.120890021319999930e-01,6.205320358276367188e-01
4.560469985010000560e-01,4.124206602573394775e-01
4.367910027499999903e-01,5.998741388320922852e-01
7.238804101939999569e-01,5.551160573959350586e-01
5.560690164570000205e-01,7.679043412208557129e-01
4.748429954049999679e-01,6.589338183403015137e-01
2.674640119080000100e-01,6.089227199554443359e-01
9.588437080380001198e-01,4.196976125240325928e-01
7.868980169300000549e-01,9.479090571403503418e-01
1.794360995290000149e+00,8.004923462867736816e-01
1.337677955630000026e+00,1.490418910980224609e+00
1.210453987120000185e+00,1.137471437454223633e+00
5.654799938200000264e-01,1.094850897789001465e+00
4.008429944520000565e-01,6.594599485397338867e-01
2.727654874320000200e-01,5.318772196769714355e-01
5.836449861529999783e-01,4.119786620140075684e-01
8.533802628519999711e-01,6.794150471687316895e-01
8.660610318179999823e-01,8.270304799079895020e-01
1.158349990839999899e+00,8.177505731582641602e-01
7.764859795569999390e-01,1.029989123344421387e+00
1.068807005880000105e+00,7.682537436485290527e-01
5.888479948040000744e-01,9.808412790298461914e-01
1.588868498799999918e+00,6.486871242523193359e-01
4.327859878540000205e-01,1.423605322837829590e+00
3.996030092239999942e-01,6.281875967979431152e-01
5.545349717140000134e-01,7.302219271659851074e-01
6.221979856490000849e-01,7.934753894805908203e-01
1.149551987649999996e+00,6.855922937393188477e-01
1.121260046960000034e+00,1.060730934143066406e+00
9.776459932329999436e-01,9.877085089683532715e-01
1.732741951940000025e+00,8.837733864784240723e-01
2.302707910540000125e+00,1.425083637237548828e+00
1.053477048870000043e+00,1.743696212768554688e+00
7.962800264360000435e-01,9.436257481575012207e-01
5.203329920770000117e-01,8.849805593490600586e-01
6.104800105090000262e-01,6.713842153549194336e-01
4.453057944770000276e-01,6.643287539482116699e-01
6.522138714790000069e-01,5.292266011238098145e-01
1.175541162490000069e+00,7.094750404357910156e-01
1.032202124599999937e+00,1.097735643386840820e+00
7.193930149079998948e-01,9.921695590019226074e-01
8.200139999390000378e-01,8.151104450225830078e-01
9.497330188750000568e-01,8.998988270759582520e-01
1.039114952089999822e+00,9.865870475769042969e-01
5.883830189700000046e-01,1.017824411392211914e+00
9.508559703829998488e-01,6.761204600334167480e-01
5.277600288389999728e-01,9.346191883087158203e-01
7.736063003540000205e-01,6.155597567558288574e-01
9.703559875489998765e-01,8.081995248794555664e-01
1.383889913560000018e+00,9.466087818145751953e-01
7.795230150220000542e-01,1.187690138816833496e+00
6.069999933240000090e-01,8.460348248481750488e-01
4.660570025440000097e-01,8.105100989341735840e-01
9.455270171170000459e-01,6.882755160331726074e-01
6.238729953770000280e-01,9.454326629638671875e-01
3.923240005969999555e-01,6.459978222846984863e-01
5.156549811360000568e-01,5.325634479522705078e-01
9.679385423660000765e-01,6.243825554847717285e-01
1.356565952299999989e+00,8.925758600234985352e-01
9.072690010070000310e-01,1.181953310966491699e+00
8.162760138510000152e-01,8.585335016250610352e-01
2.479866981509999846e+00,8.271119594573974609e-01
1.133080005649999888e+00,1.969338774681091309e+00
1.045583963389999926e+00,1.067879199981689453e+00
8.474370241169999485e-01,1.140835762023925781e+00
1.536522984499999911e+00,9.645896553993225098e-01
9.008989930149998715e-01,1.373859524726867676e+00
4.812009930610000596e-01,9.070035219192504883e-01
8.572540283199999722e-01,6.721283793449401855e-01
8.617479801180000232e-01,9.067258238792419434e-01
1.008694052699999899e+00,8.618483543395996094e-01
1.127727031710000105e+00,9.552829265594482422e-01
7.795569896699999779e-01,9.997059702873229980e-01
9.895502924920001053e-01,7.685582637786865234e-01
8.363329768179998958e-01,9.282822608947753906e-01
9.099559783939998869e-01,8.340401053428649902e-01
5.511059761050000061e-01,8.875660300254821777e-01
1.239764332770000088e+00,6.141850352287292480e-01
1.211838960649999963e+00,1.102849245071411133e+00
1.379981994630000042e+00,1.069257616996765137e+00
1.148460984229999982e+00,1.184894680976867676e+00
7.663900256160000035e-01,1.062970042228698730e+00
9.660840034479999394e-01,8.363113999366760254e-01
8.156750202179999798e-01,9.542918205261230469e-01
1.142272949220000111e+00,7.917531132698059082e-01
1.299479961400000105e+00,1.031044840812683105e+00
8.583310246469999516e-01,1.123770475387573242e+00
7.149469852449999996e-01,8.257470726966857910e-01
8.764400482179999230e-01,7.640882134437561035e-01
8.305460214609999836e-01,8.328853249549865723e-01
8.535240292550000385e-01,8.134827017784118652e-01
9.092410206789999227e-01,8.323873281478881836e-01
5.202720165249999917e-01,8.541600108146667480e-01
7.411040067669999454e-01,5.811700820922851562e-01
5.853319764140000325e-01,7.846488356590270996e-01
5.047770142559999673e-01,6.541597247123718262e-01
5.519493222240000607e-01,6.006696820259094238e-01
9.697520136830000137e-01,6.241277456283569336e-01
1.116515994070000017e+00,9.276515841484069824e-01
1.049844980239999837e+00,1.001205801963806152e+00
6.342629790310000404e-01,9.487084150314331055e-01
5.644329786300000817e-01,6.808969974517822266e-01
9.184709787370000100e-01,6.591117978096008301e-01
9.593539834020000656e-01,8.725230693817138672e-01
5.984159708020000412e-01,9.001284837722778320e-01
9.383450150489999197e-01,6.553782224655151367e-01
4.542250037189999867e-01,9.088999629020690918e-01
7.079470157619999204e-01,5.488290786743164062e-01
3.876500129699999575e-01,7.665735483169555664e-01
4.484339952470000057e-01,4.831503331661224365e-01
8.405709862710000202e-01,5.575444102287292480e-01
5.337110161779999862e-01,8.300854563713073730e-01
7.211350202559999589e-01,5.960808992385864258e-01
5.215386152269999576e-01,7.484311461448669434e-01
7.050759792330000275e-01,5.759217739105224609e-01
6.405649781229999506e-01,7.602162957191467285e-01
5.168589949609999623e-01,6.796048879623413086e-01
1.660409450529999997e+00,6.084058880805969238e-01
2.465307950970000217e+00,1.382385611534118652e+00
1.622156023979999917e+00,1.871765136718750000e+00
1.866270065310000170e+00,1.304784536361694336e+00
3.623536109919999415e+00,1.526919364929199219e+00
7.948709726329999947e-01,2.661303758621215820e+00
9.065989851950000400e-01,8.454681038856506348e-01
8.571879863740000660e-01,1.233011603355407715e+00
7.756379842759999477e-01,1.150494337081909180e+00
7.006700038909999817e-01,9.039547443389892578e-01
6.443409919740000769e-01,7.594426274299621582e-01
7.579550147059999077e-01,7.079576849937438965e-01
5.499600172040000068e-01,7.648612260818481445e-01
4.964669942859999408e-01,6.105682849884033203e-01
1.367677569390000070e+00,6.030943989753723145e-01
1.397894024850000250e+00,1.189921498298645020e+00
8.148130178450000427e-01,1.335913062095642090e+00
1.278898954390000009e+00,9.983849525451660156e-01
8.623980283740000363e-01,1.385289907455444336e+00
1.093865990639999897e+00,9.490070343017578125e-01
8.134710192680000285e-01,1.012359738349914551e+00
1.466687083240000078e+00,8.091540932655334473e-01
9.060310125349999577e-01,1.275861859321594238e+00
7.652140259739999006e-01,9.484713673591613770e-01
1.311033964160000176e+00,9.135971665382385254e-01
7.892500162119999718e-01,1.241841077804565430e+00
1.474902033810000068e+00,8.105170726776123047e-01
9.167850017550001063e-01,1.301961064338684082e+00
1.186140060420000086e+00,9.176835417747497559e-01
1.411391973500000008e+00,1.135211586952209473e+00
2.092472076419999993e+00,1.198305249214172363e+00
7.189220190049999681e-01,1.644318699836730957e+00
1.301861047739999888e+00,7.135944366455078125e-01
1.268974781040000055e+00,1.237609028816223145e+00
1.221997022629999874e+00,1.101281404495239258e+00
9.061110019680000960e-01,1.125932335853576660e+00
1.078873991970000112e+00,9.302306771278381348e-01
1.028025031089999874e+00,1.051028847694396973e+00
7.863690257070000689e-01,9.428668022155761719e-01
1.276852965350000035e+00,7.926541566848754883e-01
7.093420028689999546e-01,1.123672008514404297e+00
5.201929807659999572e-01,7.124524116516113281e-01
5.645610094070000473e-01,6.151968836784362793e-01
9.855200052259999177e-01,6.434158682823181152e-01
1.092841982840000004e+00,9.093475937843322754e-01
4.786899983879999709e-01,1.002408981323242188e+00
3.955059945579999514e-01,5.976788401603698730e-01
1.850703001020000071e+00,5.907809734344482422e-01
1.195796012879999815e+00,1.593368411064147949e+00
1.702510833739999896e+00,1.094982743263244629e+00
2.998351097109999586e+00,1.468674540519714355e+00
2.407080888749999925e+00,2.273095846176147461e+00
2.585943937299999718e+00,1.827580332756042480e+00
2.233839035029999920e+00,1.999952912330627441e+00
1.655773043629999997e+00,1.796481370925903320e+00
1.430611014370000156e+00,1.465830326080322266e+00
8.921740055079999676e-01,1.334323167800903320e+00
1.231696963309999893e+00,8.697142004966735840e-01
8.955079913140001624e-01,1.110312700271606445e+00
1.602033019070000064e+00,8.593487143516540527e-01
1.585399031639999956e+00,1.390508174896240234e+00
1.232059955600000034e+00,1.330233693122863770e+00
1.210371017459999976e+00,1.106716752052307129e+00
1.242141008379999967e+00,1.088594436645507812e+00
9.857040047650000858e-01,1.105540037155151367e+00
7.289689779279999726e-01,9.357201457023620605e-01
6.761519908910000876e-01,7.652215957641601562e-01
1.071573019029999907e+00,7.510139942169189453e-01
9.457439780239998983e-01,1.028596401214599609e+00
4.376370012759999706e-01,9.235852956771850586e-01
5.141820311550000522e-01,5.913572311401367188e-01
3.387190103530000052e-01,6.969341635704040527e-01
7.144280076029999593e-01,5.056613087654113770e-01
4.996199905870000180e-01,7.989553213119506836e-01
7.917379736899999854e-01,6.362569928169250488e-01
8.646243214609999894e-01,8.488248586654663086e-01
6.024960279459999901e-01,8.306405544281005859e-01
1.260069966320000123e+00,6.745649576187133789e-01
1.012339949610000067e+00,1.152131915092468262e+00
1.004528999329999950e+00,9.513764977455139160e-01
6.310235261919999727e-01,9.531399011611938477e-01
1.141221046449999887e+00,6.829680800437927246e-01
5.426099896430000014e-01,1.119615316390991211e+00
8.547459840769999762e-01,6.684052348136901855e-01
7.744219899179999311e-01,9.272713661193847656e-01
3.084340095520000102e-01,8.010705113410949707e-01
8.376209735870000506e-01,4.920960068702697754e-01
7.293469905850000767e-01,9.036530852317810059e-01
7.503905892370000830e-01,7.525503635406494141e-01
1.134822010990000019e+00,7.807906866073608398e-01
1.614240050320000064e+00,1.083681344985961914e+00
1.244793057440000128e+00,1.384028077125549316e+00
7.141630053519999466e-01,1.136295080184936523e+00
7.293040156360000026e-01,8.203238844871520996e-01
6.486989855770000091e-01,8.002596497535705566e-01
3.427990078929999962e-01,7.564342617988586426e-01
3.861860036850000011e-01,5.281758308410644531e-01
6.366299986840000535e-01,5.721031427383422852e-01
3.990480005740000280e-01,7.174267768859863281e-01
4.178859889509999870e-01,5.409687757492065430e-01
1.103790521619999909e+00,5.642609000205993652e-01
6.956189870829999622e-01,1.019881725311279297e+00
8.070139884950000564e-01,7.379011511802673340e-01
5.947690010070000310e-01,8.437140583992004395e-01
1.107607960700000005e+00,6.618654131889343262e-01
9.713580012320000012e-01,1.057596802711486816e+00
7.170349955560000321e-01,9.282613992691040039e-01
6.764810085300000386e-01,7.665384411811828613e-01
1.687772989270000190e+00,7.125768661499023438e-01
9.907569885250000485e-01,1.428730726242065430e+00
8.082039952280000161e-01,9.196679592132568359e-01
1.087718963619999979e+00,8.527846932411193848e-01
1.564818024639999861e+00,1.027922511100769043e+00
6.673809885979999912e-01,1.330657005310058594e+00
1.256489992140000123e+00,7.173806428909301758e-01
1.091886043549999963e+00,1.198328971862792969e+00
7.375509738919999725e-01,1.042939066886901855e+00
6.224380135540000802e-01,7.907681465148925781e-01
8.364729881290000613e-01,6.790901422500610352e-01
5.774260163309999916e-01,8.560466766357421875e-01
1.015761017800000054e+00,6.539969444274902344e-01
1.106158971790000001e+00,1.000571370124816895e+00
6.945540308949998964e-01,1.014861345291137695e+00
1.130903959270000092e+00,7.191604971885681152e-01
9.518219828609999489e-01,1.078315019607543945e+00
7.524570226669999862e-01,9.345890283584594727e-01
5.585229992869999993e-01,8.089401721954345703e-01
1.415836334229999771e+00,6.371552944183349609e-01
1.855298042299999839e+00,1.228367090225219727e+00
7.845479845999999702e-01,1.649198651313781738e+00
8.210539817810000862e-01,9.644370675086975098e-01
5.835890173909999978e-01,1.083530426025390625e+00
8.359720110889999889e-01,8.071960210800170898e-01
2.184663057329999880e+00,8.787400126457214355e-01
6.805480122570000123e-01,1.778247356414794922e+00
1.238904953000000031e+00,7.512484788894653320e-01
1.030328035349999949e+00,1.269090533256530762e+00
7.914109826090000022e-01,1.097801566123962402e+00
8.423720002169999832e-01,9.539136290550231934e-01
4.464710056780000769e-01,9.789065122604370117e-01
5.589337944979999584e-01,5.602967143058776855e-01
7.099329829220000221e-01,6.308584809303283691e-01
7.334340214730000751e-01,7.504546642303466797e-01
7.833399772640000647e-01,7.426568865776062012e-01
8.426809906959999985e-01,8.006490468978881836e-01
1.099761009220000085e+00,8.445559144020080566e-01
8.706315755840000614e-01,9.773932695388793945e-01
5.862460136410000411e-01,8.031220436096191406e-01
8.863990306849999223e-01,6.459164619445800781e-01
1.019399046900000050e+00,8.735021948814392090e-01
8.493610024450000129e-01,9.673563838005065918e-01
1.010666966439999870e+00,8.745272755622863770e-01
1.331516027449999973e+00,9.840133190155029297e-01
1.215008974079999859e+00,1.143629789352416992e+00
1.645591020579999952e+00,1.042438268661499023e+00
9.708780050280000351e-01,1.370461106300354004e+00
1.411272048950000135e+00,9.233823418617248535e-01
7.953929901119999313e-01,1.241216182708740234e+00
1.046331048010000098e+00,8.213289380073547363e-01
8.879339694979999642e-01,1.054165124893188477e+00
8.349300026890000836e-01,9.012884497642517090e-01
9.847199916839999290e-01,8.385111689567565918e-01
1.090394020079999970e+00,9.409599304199218750e-01
4.901649951929999416e-01,9.860528707504272461e-01
6.141669750209999279e-01,6.025234460830688477e-01
6.314740180969999894e-01,7.471218705177307129e-01
8.252440094949999860e-01,7.162134051322937012e-01
1.051450967789999913e+00,8.402217030525207520e-01
1.047114968300000060e+00,9.951693415641784668e-01
3.921430110930000379e-01,9.905003905296325684e-01
4.695149958129999912e-01,5.382111072540283203e-01
7.720900177959999500e-01,6.413962841033935547e-01
7.520099878309999264e-01,8.165764212608337402e-01
6.877393722529999698e-01,7.950637340545654297e-01
6.718119978899999012e-01,7.206912636756896973e-01
1.185933232310000029e+00,7.414147853851318359e-01
6.571980118750000432e-01,1.071795105934143066e+00
8.213180303569999063e-01,6.945703625679016113e-01
7.795739769939998842e-01,8.537191748619079590e-01
1.030122995379999962e+00,7.908033728599548340e-01
6.211889982220000217e-01,9.658819437026977539e-01
8.660820126530001106e-01,6.773908138275146484e-01
9.608931541439998947e-01,8.718513250350952148e-01
6.760399937630000577e-01,9.004775881767272949e-01
7.402380108830000083e-01,7.212175726890563965e-01
5.984709858890000511e-01,7.845958471298217773e-01
6.151059865950000427e-01,6.649386286735534668e-01
9.358735680580000382e-01,6.858636140823364258e-01
5.818247795100000008e-01,9.065923094749450684e-01
7.156659960750000327e-01,6.343384385108947754e-01
6.529520154000000298e-01,7.798779010772705078e-01
9.700022935870000751e-01,7.293379306793212891e-01
7.834500074390000623e-01,9.291441440582275391e-01
7.448130249979999506e-01,7.997825145721435547e-01
8.276180028919999376e-01,8.088142275810241699e-01
8.943400979040000420e-01,8.425441384315490723e-01
2.505017042159999985e+00,8.356120586395263672e-01
1.620712041850000062e+00,2.100806474685668945e+00
1.417585968970000110e+00,1.427551507949829102e+00
1.049872040749999957e+00,1.374140143394470215e+00
1.226507544519999993e+00,1.040673613548278809e+00
1.043179035189999881e+00,1.045496463775634766e+00
9.694439768789999690e-01,9.417643547058105469e-01
8.192250132559999454e-01,9.107202887535095215e-01
8.129550218580000598e-01,8.202028274536132812e-01
6.712080240250000163e-01,8.192818760871887207e-01
5.289899706839999993e-01,7.220915555953979492e-01
3.461930155749999849e-01,6.094543337821960449e-01
4.789490103719999947e-01,4.852292239665985107e-01
1.153810977940000093e+00,5.895304679870605469e-01
9.671270251270001062e-01,1.037007689476013184e+00
7.845839858059999727e-01,8.854690194129943848e-01
4.701859951020000428e-01,7.900826334953308105e-01
5.632782578470000301e-01,5.708229541778564453e-01
2.416239976880000528e-01,6.321816444396972656e-01
2.709859907630000064e-01,4.037071466445922852e-01
1.994680017229999991e-01,4.568507075309753418e-01
1.327169984580000017e-01,3.829872906208038330e-01
4.732620120049999546e-01,3.124637901782989502e-01
6.585559844969999244e-01,5.678721666336059570e-01
9.621880054470001165e-01,7.224906086921691895e-01
5.111979842189999790e-01,8.984914422035217285e-01
9.829789996150001263e-01,5.752907991409301758e-01
9.100099802019999684e-01,9.324678182601928711e-01
1.026576042179999870e+00,8.821577429771423340e-01
8.309389948840000262e-01,9.623545408248901367e-01
9.651920199390001676e-01,8.176297545433044434e-01
1.000543951989999902e+00,9.077302813529968262e-01
1.983185052870000131e+00,8.868910074234008789e-01
1.274855017659999978e+00,1.539013385772705078e+00
1.286525964740000028e+00,1.114378571510314941e+00
1.382244944570000245e+00,1.201972961425781250e+00
1.736924052240000016e+00,1.224500179290771484e+00
1.257668018339999971e+00,1.503452658653259277e+00
7.533379793170000838e-01,1.159646987915039062e+00
1.084908962249999886e+00,8.473128080368041992e-01
1.062494039539999990e+00,1.041979432106018066e+00
7.787629961969999570e-01,9.830179810523986816e-01
8.256469964979999965e-01,7.886441349983215332e-01
9.891830086709999525e-01,8.175499439239501953e-01
1.418092012410000047e+00,9.143367409706115723e-01
1.151677966120000063e+00,1.201833724975585938e+00
1.250364065170000094e+00,1.013217329978942871e+00
8.794019818310000458e-01,1.089512467384338379e+00
1.089423060420000144e+00,8.346096277236938477e-01
1.809062957759999701e+00,9.993318319320678711e-01
8.687390089040000207e-01,1.499243617057800293e+00
8.521729707719999380e-01,8.336515426635742188e-01
1.307837963100000112e+00,8.991063833236694336e-01
1.262575984000000151e+00,1.144201874732971191e+00
7.601559758189999627e-01,1.098170638084411621e+00
1.069887042049999959e+00,7.702799439430236816e-01
8.579840064049999437e-01,9.901130795478820801e-01
1.149323940279999956e+00,8.744230270385742188e-01
1.067142963410000034e+00,1.077462792396545410e+00
7.400619983670000401e-01,9.668363928794860840e-01
6.799880266190000411e-01,7.428568601608276367e-01
7.323921322820000634e-01,7.220753431320190430e-01
8.352749943730000126e-01,7.324161529541015625e-01
6.000829935070000065e-01,8.188598752021789551e-01
1.010563969610000168e+00,6.446108818054199219e-01
7.613970041280000434e-01,9.468180537223815918e-01
7.260069847110000030e-01,7.700830101966857910e-01
1.064324021340000037e+00,7.702410221099853516e-01
5.901079773899998715e-01,9.866858720779418945e-01
7.744659781460000447e-01,6.451717019081115723e-01
7.406870126719998781e-01,8.307591080665588379e-01
8.908360004430001533e-01,7.691216468811035156e-01
7.620100975040000613e-01,8.623822331428527832e-01
7.774500250820000069e-01,7.517868876457214355e-01
5.811070203779999943e-01,8.173148632049560547e-01
7.908779978749999051e-01,6.775031089782714844e-01
8.903719782829999652e-01,7.977356314659118652e-01
7.882059812549999656e-01,8.479479551315307617e-01
7.301949858670000459e-01,7.683195471763610840e-01
9.248933196070000529e-01,7.413859963417053223e-01
1.265586972239999941e+00,8.660320043563842773e-01
7.884140014650000694e-01,1.121384263038635254e+00
9.180610179899999501e-01,7.820662260055541992e-01
6.569269895549999516e-01,8.921142220497131348e-01
8.252680301670000107e-01,7.013546228408813477e-01
4.257229864599999525e-01,8.377526402473449707e-01
9.114630222319999309e-01,5.546001195907592773e-01
7.238519787790000937e-01,9.150747060775756836e-01
9.657319784160000031e-01,7.420987486839294434e-01
7.194200158119999911e-01,9.394370913505554199e-01
7.146480083470000411e-01,7.672669887542724609e-01
6.188799738879999790e-01,7.818461656570434570e-01
8.502969741820000094e-01,6.676706671714782715e-01
6.113014817240000065e-01,8.339333534240722656e-01
8.405809998509999881e-01,6.377958059310913086e-01
5.909900069240000553e-01,8.434888720512390137e-01
1.191807866100000002e+00,6.575051546096801758e-01
1.072478055950000009e+00,1.077297091484069824e+00
7.976800203319999172e-01,1.026833415031433105e+00
7.140370011329999489e-01,8.506351113319396973e-01
8.885610103609999921e-01,7.959112524986267090e-01
7.367290258409999737e-01,8.533403277397155762e-01
9.655410051350000744e-01,7.378967404365539551e-01
8.569459915160000385e-01,9.055535793304443359e-01
5.838339924809999859e-01,8.307294845581054688e-01
3.047562122340000457e+00,6.495320796966552734e-01
8.865389823909999301e-01,2.556249380111694336e+00
1.186460971829999878e+00,1.197519063949584961e+00
8.750730156899999557e-01,1.739274263381958008e+00
1.111973047260000014e+00,1.393322944641113281e+00
6.929270029070000447e-01,1.147322535514831543e+00
5.632749795910000357e-01,7.915437817573547363e-01
5.519689917560000048e-01,7.454697489738464355e-01
9.211350083349998386e-01,7.040820717811584473e-01
5.465030074119999748e-01,9.041112661361694336e-01
9.997850060459999577e-01,6.199111938476562500e-01
7.512239813800000166e-01,9.605731964111328125e-01
8.402569890019999654e-01,7.912906408309936523e-01
7.843149900439999600e-01,8.617042303085327148e-01
5.915480256080000165e-01,8.082440495491027832e-01
6.109840273859999948e-01,6.739729642868041992e-01
9.328789710999999540e-01,6.764613986015319824e-01
7.992020249369999885e-01,8.898121118545532227e-01
9.833549857140000405e-01,8.047482371330261230e-01
5.405290126799999761e-01,9.387118220329284668e-01
1.093670010570000128e+00,5.992597937583923340e-01
9.266330003740002041e-01,1.022903084754943848e+00
7.972419857979999858e-01,8.827756047248840332e-01
5.896059870719999596e-01,7.973625063896179199e-01
7.799540162090000672e-01,6.398131251335144043e-01
5.182790160179999717e-01,7.807746529579162598e-01
7.263879776000000676e-01,5.976945161819458008e-01
6.216366887090000182e-01,7.606081366539001465e-01
8.810679912569999717e-01,6.597161293029785156e-01
7.315016984940000411e-01,8.652108907699584961e-01
9.703850150110000516e-01,7.591331601142883301e-01
8.715350031849999901e-01,9.297620058059692383e-01
5.505740046500000595e-01,8.377683162689208984e-01
2.576299905780000121e-01,6.307206749916076660e-01
6.952109932899999123e-01,4.306809306144714355e-01
3.547430038449999601e-01,7.732176780700683594e-01
1.308350920679999918e+00,5.258311629295349121e-01
1.424710035319999957e+00,1.199150323867797852e+00
2.422243118290000385e+00,1.205501317977905273e+00
1.588093161580000023e+00,1.839726686477661133e+00
2.882889986040000352e+00,1.292523145675659180e+00
1.510810017590000109e+00,2.281998872756958008e+00
5.103110075000000245e-01,1.328651547431945801e+00
6.637499928469999810e-01,7.492325305938720703e-01
5.865659713749999948e-01,8.632792830467224121e-01
9.182999730109998593e-01,6.641864776611328125e-01
1.126363039020000123e+00,8.951703310012817383e-01
9.455379843710000065e-01,1.009103894233703613e+00
7.979699969290000583e-01,8.863762617111206055e-01
8.895260095600000527e-01,8.234112858772277832e-01
5.017459988589999531e-01,8.939344882965087891e-01
7.889080047609999813e-01,6.332231163978576660e-01
5.571460127830000220e-01,8.539230227470397949e-01
8.079270124439998924e-01,6.206992268562316895e-01
7.382910251620000697e-01,8.174194097518920898e-01
6.742079854009999096e-01,7.542164921760559082e-01
8.787713646889999675e-01,7.162442207336425781e-01
7.401880025859999268e-01,8.482612967491149902e-01
8.886500000949999478e-01,7.577164173126220703e-01
7.983270287510000340e-01,8.657706379890441895e-01
5.137799978260000344e-01,7.974904775619506836e-01
7.760372757910000141e-01,6.186209917068481445e-01
8.528280258179999906e-01,8.070326447486877441e-01
7.851629853249999513e-01,8.800272941589355469e-01
8.431609868999999646e-01,8.216190934181213379e-01
1.024798870089999925e+00,8.483508229255676270e-01
8.044279813770001120e-01,9.524277448654174805e-01
8.841310143469999216e-01,8.088476657867431641e-01
3.615649938579999501e-01,8.850866556167602539e-01
1.171491026879999842e+00,4.788951575756072998e-01
4.477910101410000343e-01,1.087686777114868164e+00
7.665730118750000432e-01,5.556262135505676270e-01
7.735599875449999940e-01,8.285083174705505371e-01
1.054823040959999902e+00,7.795399427413940430e-01
7.843300104139999673e-01,9.819794893264770508e-01
1.034250974660000155e+00,7.830480337142944336e-01
1.096979022029999973e+00,9.516397714614868164e-01
7.633029818529999400e-01,9.740818142890930176e-01
5.883730053899999257e-01,7.614043354988098145e-01
6.365630030629999547e-01,6.631280779838562012e-01
5.750700235369999858e-01,6.837114691734313965e-01
5.399640202519999654e-01,6.337304115295410156e-01
1.324671149250000068e+00,6.108471155166625977e-01
8.178460001949999780e-01,1.155376315116882324e+00
6.359609961509999909e-01,8.090267181396484375e-01
8.135920166969999867e-01,7.535008192062377930e-01
9.872140288350000903e-01,8.516606092453002930e-01
9.839289784429998686e-01,9.187387824058532715e-01
5.904790163040000150e-01,9.042072296142578125e-01
8.986790180209999201e-01,6.481166481971740723e-01
6.268000006680000125e-01,8.733611106872558594e-01
6.926850080490000172e-01,6.552435159683227539e-01
5.757049918169999669e-01,7.275416254997253418e-01
6.764680147170000213e-01,6.422016620635986328e-01
8.279470205309999997e-01,7.055744528770446777e-01
6.547859907149999881e-01,8.173888325691223145e-01
1.085815548900000094e+00,6.863332390785217285e-01
8.509550094600001335e-01,9.873362183570861816e-01
8.879359960559999321e-01,8.144624233245849609e-01
6.557850241659999302e-01,8.528485894203186035e-01
6.597809791559999804e-01,6.985726356506347656e-01
8.856279850010000398e-01,7.130215167999267578e-01
7.502999901769999980e-01,8.616234064102172852e-01
9.303160309790000637e-01,7.560742497444152832e-01
7.259460091590000941e-01,8.742249011993408203e-01
7.123904824259998936e-01,7.486715912818908691e-01
9.326570034029998402e-01,7.536588311195373535e-01
6.544970273969999974e-01,9.079270958900451660e-01
4.987269937989999846e-01,7.304711341857910156e-01
9.782410264020000579e-01,6.390981674194335938e-01
5.593240261080000275e-01,9.405755996704101562e-01
8.733990192409999409e-01,6.239922046661376953e-01
6.232500076290000690e-01,8.731920123100280762e-01
6.319249868390000024e-01,6.731272935867309570e-01
8.335350155830000274e-01,6.805989146232604980e-01
8.613430261610000027e-01,8.317827582359313965e-01
1.036013007159999999e+00,8.370229005813598633e-01
6.160370111469999355e-01,9.810780882835388184e-01
9.874529838560001105e-01,6.890022754669189453e-01
6.686739921569999634e-01,9.671866893768310547e-01
6.455339789389999972e-01,6.887136101722717285e-01
1.007030010220000049e+00,7.155674099922180176e-01
7.763000130650000719e-01,9.517452120780944824e-01
9.358490109440000815e-01,7.870109081268310547e-01
6.626719832419999401e-01,8.990617990493774414e-01
1.113351941109999910e+00,6.813234686851501465e-01
5.495319962500000432e-01,1.003491997718811035e+00
9.273632764820001206e-01,5.934706330299377441e-01
8.215330243109999486e-01,8.768756985664367676e-01
9.193540215490000334e-01,8.559927940368652344e-01
6.899859905239998925e-01,9.390392303466796875e-01
6.497738957409999738e-01,7.431467771530151367e-01
9.705049991610000815e-01,6.690896749496459961e-01
8.034440279009998909e-01,9.299235939979553223e-01
8.920990228650002019e-01,7.941285371780395508e-01
7.462270259859999921e-01,8.471999168395996094e-01
1.495407462120000197e+00,7.412076592445373535e-01
7.597569823270000633e-01,1.284582972526550293e+00
9.677280187610000084e-01,8.853068947792053223e-01
1.126011013979999920e+00,1.116144061088562012e+00
7.641419768330000029e-01,1.149758219718933105e+00
1.423818945879999909e+00,8.642932176589965820e-01
8.309190273280000483e-01,1.313993096351623535e+00
5.316870212550000030e-01,8.836761116981506348e-01
6.942920088770000442e-01,7.218946218490600586e-01
1.097100019450000019e+00,8.138895034790039062e-01
8.623710274700000511e-01,1.001850962638854980e+00
9.711959958080000899e-01,8.274898529052734375e-01
7.501904964450000213e-01,9.255686402320861816e-01
5.659890174870000346e-01,7.572175860404968262e-01
7.235890030859999378e-01,6.164357066154479980e-01
1.088876962660000114e+00,7.393452525138854980e-01
2.614549994470000138e-01,9.617787003517150879e-01
1.923168003559999895e-01,3.845612704753875732e-01
2.048390060660000012e-01,4.090061187744140625e-01
3.752999901769999980e-01,4.058713614940643311e-01
1.878910064700000104e-01,5.080379247665405273e-01
4.178839921949999980e-01,3.694147169589996338e-01
6.128349900249999704e-01,5.586254000663757324e-01
4.822100102900000462e-01,6.574269533157348633e-01
8.136649727820000066e-01,5.744718909263610840e-01
8.997989892959999958e-01,8.103888034820556641e-01
7.667459845540000041e-01,8.338659405708312988e-01
6.762999892229999421e-01,7.574894428253173828e-01
9.804093837739999984e-01,7.277171015739440918e-01
1.075533032420000090e+00,9.180347919464111328e-01
6.459739804270000496e-01,1.015598893165588379e+00
7.601699829100000416e-01,7.086454033851623535e-01
8.707180023190000950e-01,8.095121979713439941e-01
1.045557022089999899e+00,8.524243831634521484e-01
4.832339882850000268e-01,9.701004624366760254e-01
1.085988998409999962e+00,5.787920355796813965e-01
7.320979833600000930e-01,1.023752212524414062e+00
7.128990292550000385e-01,7.342741489410400391e-01
1.045389056210000112e+00,7.531846761703491211e-01
7.359200119969999676e-01,9.439725875854492188e-01
8.956930041310000590e-01,7.294942736625671387e-01
8.745509982110000191e-01,8.572738170623779297e-01
9.237470030779999508e-01,8.292576074600219727e-01
9.997780323029999971e-01,8.587774038314819336e-01
1.739534020420000049e+00,9.176850318908691406e-01
8.107889890670000321e-01,1.465365171432495117e+00
7.049050331119999235e-01,8.491533398628234863e-01
8.328269720080000438e-01,8.790008425712585449e-01
8.276600241660000412e-01,9.079213738441467285e-01
8.953109979629999549e-01,8.164674639701843262e-01
1.459501028060000039e+00,8.522040843963623047e-01
1.179519057270000060e+00,1.232992410659790039e+00
1.443411946299999915e+00,1.045774579048156738e+00
1.306735038760000078e+00,1.225758194923400879e+00
7.634999752040000365e-01,1.098912596702575684e+00
1.145148038860000161e+00,7.716031074523925781e-01
7.253450155259999477e-01,1.065626978874206543e+00
7.633590102199999672e-01,7.135317921638488770e-01
6.174820065499999622e-01,7.588165402412414551e-01
1.029322981830000039e+00,6.777132749557495117e-01
1.302055954929999926e+00,9.682708978652954102e-01
3.164124965670000122e+00,1.123765945434570312e+00
9.734439849849999549e-01,2.399339437484741211e+00
1.229671001429999855e+00,9.005966186523437500e-01
7.441530227660000385e-01,1.279556751251220703e+00
1.063034057620000139e+00,8.377437591552734375e-01
1.123872041700000102e+00,9.832232594490051270e-01
8.984770178789999173e-01,1.004143595695495605e+00
7.175139784810000698e-01,8.544607758522033691e-01
5.367509722709999931e-01,7.610930800437927246e-01
1.175443053249999981e+00,6.329801082611083984e-01
1.101048946379999949e+00,1.080004572868347168e+00
5.734490156170000130e-01,9.708708524703979492e-01
1.431144952770000200e+00,6.290705800056457520e-01
1.037794947620000130e+00,1.241553068161010742e+00
6.568620204930000206e-01,9.449954628944396973e-01
1.074908018110000141e+00,7.416131496429443359e-01
1.385972023009999887e+00,1.003102302551269531e+00
1.004804968829999812e+00,1.157902479171752930e+00
1.609539985660000116e+00,9.098420739173889160e-01
2.817575931549999524e+00,1.335415005683898926e+00
1.962562561039999931e+00,2.146993875503540039e+00
1.279752016069999998e+00,1.560127735137939453e+00
1.995329976079999845e+00,1.225456595420837402e+00
2.033385992049999924e+00,1.704620957374572754e+00
1.307443976400000096e+00,1.586358547210693359e+00
1.611258029939999892e+00,1.083367466926574707e+00
2.040218114850000042e+00,1.348851919174194336e+00
2.183244943620000100e+00,1.630549192428588867e+00
1.351415991779999937e+00,1.696485877037048340e+00
7.242180109020001089e-01,1.154809832572937012e+00
1.363389015200000109e+00,7.717378139495849609e-01
1.526808977129999967e+00,1.220166087150573730e+00
1.784019589419999940e+00,1.263369917869567871e+00
1.103597044940000105e+00,1.401068925857543945e+00
1.763007998470000004e+00,1.016790866851806641e+00
1.157549023629999896e+00,1.485539674758911133e+00
1.153326034550000045e+00,1.049870371818542480e+00
2.362811088559999551e+00,1.100247859954833984e+00
2.580787897110000007e+00,1.863972902297973633e+00
1.242146968839999976e+00,1.928227186203002930e+00
1.712821006770000265e+00,1.103563308715820312e+00
6.676509976389999323e-01,1.538705468177795410e+00
8.271329998970000652e-01,7.446257472038269043e-01
9.642647504810000214e-01,8.279260993003845215e-01
1.394161701200000048e+00,8.776578903198242188e-01
7.584049701689999923e-01,1.190008878707885742e+00
6.900759935379999765e-01,7.777503132820129395e-01
6.740249991419999809e-01,7.863323092460632324e-01
8.615220189090000424e-01,7.495158314704895020e-01
7.907469868659999790e-01,8.562837839126586914e-01
7.285000085830000138e-01,8.154308199882507324e-01
2.411980032920000017e-01,7.617703676223754883e-01
3.354600071909999981e-01,3.763798773288726807e-01
5.912460088730000507e-01,4.750676751136779785e-01
1.058426976200000036e+00,6.490420103073120117e-01
7.669919729230000316e-01,9.877605438232421875e-01
5.881239771840000019e-01,7.588124275207519531e-01
5.922303199769999305e-01,6.603761315345764160e-01
8.753510117530000079e-01,6.394569873809814453e-01
7.038279771799998974e-01,8.593235611915588379e-01
5.677499771120000371e-01,7.103132009506225586e-01
7.133870124819999825e-01,6.466693282127380371e-01
1.077505946160000061e+00,7.540311813354492188e-01
6.909419894220000247e-01,9.969443082809448242e-01
7.724580168719999973e-01,7.547761797904968262e-01
7.237120270730000859e-01,8.438103199005126953e-01
9.752489924429997847e-01,7.501000165939331055e-01
9.151769876480000399e-01,9.205496311187744141e-01
7.574009895319999686e-01,8.546363115310668945e-01
6.912069916730000374e-01,7.523975968360900879e-01
1.183527946470000147e+00,7.183232307434082031e-01
7.705749869349999281e-01,1.062013626098632812e+00
8.947700262070000798e-01,7.807360887527465820e-01
6.143350005150000070e-01,8.980851173400878906e-01
7.692319750789999855e-01,7.155472040176391602e-01
9.070749878880000061e-01,8.362616896629333496e-01
4.068099856379999713e-01,8.880926370620727539e-01
5.138880014419999753e-01,5.693367123603820801e-01
2.481469959019999838e-01,7.005862593650817871e-01
2.568759918210000159e-01,4.429045617580413818e-01
5.980659723279999618e-01,4.191248118877410889e-01
5.981699824330000137e-01,6.744444966316223145e-01
8.801140189170000294e-01,6.521716117858886719e-01
1.085649013520000095e+00,8.482392430305480957e-01
9.920129775999999566e-01,9.635706543922424316e-01
8.743849992749999078e-01,8.931202292442321777e-01
8.770260214810000621e-01,8.565318584442138672e-01
1.008928894999999937e+00,8.629366159439086914e-01
8.088759779930000393e-01,9.150558710098266602e-01
6.714209914210000907e-01,8.731074929237365723e-01
7.449629902840000373e-01,8.009011149406433105e-01
6.942679882050000195e-01,8.377063870429992676e-01
1.001886010170000008e+00,7.404752969741821289e-01
7.935580015180000446e-01,9.504339098930358887e-01
8.450049161910000439e-01,8.072479963302612305e-01
8.031240105629999793e-01,8.424431681632995605e-01
5.744469761850000689e-01,8.290888667106628418e-01
5.679720044139999757e-01,6.851963996887207031e-01
4.538080096239999195e-01,7.035049200057983398e-01
8.494881391529999215e-01,5.688055753707885742e-01
4.064599871639999473e-01,8.505184054374694824e-01
2.453519999980000310e-01,5.168194770812988281e-01
2.323218107220000217e+00,4.397696852684020996e-01
2.027115583420000089e+00,2.201327562332153320e+00
1.581117987629999888e+00,1.839274525642395020e+00
1.727049946780000012e+00,1.665965795516967773e+00
1.150642037389999928e+00,1.788542032241821289e+00
1.607933998109999818e+00,1.390095949172973633e+00
1.331233978270000007e+00,1.750902652740478516e+00
1.221642017359999999e+00,1.434121608734130859e+00
1.583541989330000010e+00,1.366672515869140625e+00
1.608662128450000006e+00,1.612231612205505371e+00
2.185653924939999992e+00,1.591871857643127441e+00
2.989559888840000124e+00,2.090204954147338867e+00
7.574499845500000106e-01,2.566225528717041016e+00
1.811344027520000122e+00,9.957750439643859863e-01
1.527951955800000094e+00,1.966071486473083496e+00
8.892235755919999374e-01,1.553628444671630859e+00
