1.069700956339999953e+00,1.250910401344299316e+00
7.274609804150000691e-01,1.119880318641662598e+00
7.892770171170000459e-01,9.963216781616210938e-01
6.237750053410000550e-01,1.104446411132812500e+00
6.914690136910000007e-01,9.885514378547668457e-01
8.557710051540000640e-01,9.988148808479309082e-01
7.093830108640000187e-01,1.059595108032226562e+00
1.014547944070000041e+00,9.456339478492736816e-01
1.115731000900000103e+00,1.152618288993835449e+00
4.182830154900000208e-01,1.192782640457153320e+00
1.002280950550000105e+00,7.926309704780578613e-01
1.218860983849999968e+00,1.255415916442871094e+00
1.143296003339999922e+00,1.284013032913208008e+00
6.528189778330000248e-01,1.192382931709289551e+00
6.746559739110000731e-01,9.422398209571838379e-01
6.009536385540000802e-01,1.076506495475769043e+00
6.694570183749999348e-01,9.875385165214538574e-01
6.538079977039999990e-01,9.826166033744812012e-01
7.814120054240000224e-01,9.246186017990112305e-01
1.206303954120000022e+00,9.965345859527587891e-01
8.469259738919999725e-01,1.232172846794128418e+00
8.286409974099999687e-01,9.878888130187988281e-01
6.482390165329999787e-01,1.069350600242614746e+00
5.623700022700000023e-01,9.850069284439086914e-01
7.183309793469999649e-01,9.422245025634765625e-01
1.099647998810000082e+00,9.963113069534301758e-01
9.541710019110000163e-01,1.182676434516906738e+00
7.290139794350000146e-01,1.052237987518310547e+00
6.694499850270000385e-01,9.890331029891967773e-01
8.631219863889999511e-01,1.013107657432556152e+00
6.464660167689999515e-01,1.129952907562255859e+00
8.223180174830000411e-01,9.346250891685485840e-01
9.235979914669999458e-01,1.050151348114013672e+00
8.300920128820000743e-01,1.086418628692626953e+00
1.067314028740000031e+00,1.031495809555053711e+00
1.546175003050000107e+00,1.195868968963623047e+00
6.827279925350000500e-01,1.477461695671081543e+00
6.385620236399999206e-01,9.357603192329406738e-01
6.464239954950000699e-01,1.073338270187377930e+00
6.881093978879999629e-01,1.076893210411071777e+00
7.273989915849999877e-01,1.023939251899719238e+00
6.500350236890000133e-01,9.656238555908203125e-01
8.693690299990000092e-01,9.119415283203125000e-01
4.408580064769999640e-01,1.055042982101440430e+00
4.518609941010000575e-01,7.782696485519409180e-01
7.575070261959999662e-01,8.482890725135803223e-01
4.952389895920000229e-01,1.010441780090332031e+00
6.850870251659999521e-01,7.942351698875427246e-01
7.243813276289999825e-01,9.305979609489440918e-01
8.653740286830000628e-01,9.363039135932922363e-01
7.400469779970000328e-01,1.027836084365844727e+00
8.070759773250000269e-01,9.384515285491943359e-01
8.204330205920000729e-01,1.027134537696838379e+00
1.114411950110000049e+00,1.035642623901367188e+00
1.108605027200000093e+00,1.211487054824829102e+00
4.751499891279999943e-01,1.177736043930053711e+00
1.039268016820000140e+00,8.403596282005310059e-01
9.457899928089998909e-01,1.283676147460937500e+00
7.877500057220000462e-01,1.129007816314697266e+00
3.504549860949999762e-01,1.019945859909057617e+00
9.367713332179998797e-01,7.857881784439086914e-01
9.868059754369999936e-01,1.202663302421569824e+00
6.470239758489999549e-01,1.107779502868652344e+00
1.029777050020000084e+00,8.868463635444641113e-01
1.187446951870000156e+00,1.192647814750671387e+00
9.328820109370000724e-01,1.267175674438476562e+00
7.528370022769999004e-01,1.108229875564575195e+00
6.420040130619999452e-01,1.063123703002929688e+00
2.307340055699999559e-01,1.042601585388183594e+00
4.714997112749998998e-01,7.559252381324768066e-01
8.772729635240000823e-01,8.840519785881042480e-01
7.876309752460000091e-01,1.029389619827270508e+00
2.742219865320000283e-01,9.131395220756530762e-01
3.992269933219999567e-01,6.519447565078735352e-01
9.923512339589999343e-01,8.438163399696350098e-01
7.627239823340000724e-01,1.150175094604492188e+00
7.200859785079999353e-01,8.998749256134033203e-01
6.264780163759999798e-01,9.291048645973205566e-01
7.269890308380000388e-01,9.299665689468383789e-01
9.301019906999998810e-01,1.014129996299743652e+00
6.872699856759999504e-01,1.089360237121582031e+00
8.662552833559999943e-01,9.139789342880249023e-01
8.352038264269999734e-01,1.068222403526306152e+00
9.402499794960000878e-01,1.038994073867797852e+00
1.023357987399999836e+00,1.119647502899169922e+00
7.322629690170000538e-01,1.159640669822692871e+00
9.300749897960000068e-01,9.940505027770996094e-01
8.702930212019999168e-01,1.158017277717590332e+00
5.104020237919999481e-01,1.101463198661804199e+00
1.025817990299999982e+00,8.854648470878601074e-01
4.551239907739999535e-01,1.222093582153320312e+00
7.345349788670000324e-01,7.929736375808715820e-01
7.012919783589999234e-01,1.021530270576477051e+00
1.014386057849999911e+00,9.485141038894653320e-01
1.123770236970000225e+00,1.139119029045104980e+00
4.825370013710000294e-01,1.151795625686645508e+00
4.689320027829999571e-01,8.053984642028808594e-01
8.755196928980000237e-01,9.190727472305297852e-01
1.145424962039999883e+00,1.142758488655090332e+00
1.943787455559999877e+00,1.192354559898376465e+00
1.557039022450000143e+00,1.613206267356872559e+00
2.104775905609999942e+00,1.385937213897705078e+00
1.062240004540000005e+00,1.899098038673400879e+00
7.867829799650000178e-01,1.296515941619873047e+00
2.247971057890000068e+00,1.297821164131164551e+00
5.664669871329999218e-01,2.155101060867309570e+00
8.389729857439999217e-01,9.099328517913818359e-01
3.188189864160000386e-01,1.293117642402648926e+00
6.386680006980000046e-01,9.409297704696655273e-01
7.540266513819999794e-01,1.114620089530944824e+00
1.085826039310000102e+00,9.803318977355957031e-01
6.014299988750000381e-01,1.146839141845703125e+00
6.923220157619999204e-01,8.227137327194213867e-01
8.782439827919999997e-01,9.982748627662658691e-01
1.279224038119999962e+00,1.102043390274047852e+00
7.251669764520000117e-01,1.300339460372924805e+00
4.283109903339999969e-01,9.161000847816467285e-01
7.012249827380000466e-01,8.624593019485473633e-01
8.846225738529999161e-01,1.064457058906555176e+00
7.809653878210001121e-01,1.085150003433227539e+00
9.259700179099999984e-01,9.536200761795043945e-01
9.178640246389999646e-01,1.086261630058288574e+00
9.073020219800000952e-01,1.104496598243713379e+00
4.099450111390000040e-01,1.111272215843200684e+00
8.741459846500000408e-01,8.085986375808715820e-01
1.231343984599999830e+00,1.149911046028137207e+00
7.683960199359999299e-01,1.261021494865417480e+00
9.357339143749998644e-01,9.308580756187438965e-01
7.523270249369999885e-01,1.126056671142578125e+00
6.247839927670000293e-01,1.036387324333190918e+00
1.977947235110000035e+00,9.749292135238647461e-01
2.476479291920000048e+00,1.761912226676940918e+00
6.822599768639999729e-01,1.951521039009094238e+00
1.294077992440000102e+00,9.371860623359680176e-01
2.116506099700000032e+00,1.710582852363586426e+00
2.030230045320000176e+00,2.131611108779907227e+00
1.727593064309999926e+00,1.873868346214294434e+00
1.321619033810000010e+00,1.692627668380737305e+00
1.114274978639999913e+00,1.612920999526977539e+00
1.618482947350000201e+00,1.537973761558532715e+00
1.102354049679999948e+00,1.771418452262878418e+00
8.501269817350000091e-01,1.306523919105529785e+00
6.531813144679999850e-01,1.197829961776733398e+00
6.168276071549999573e-01,1.095807194709777832e+00
1.023204803470000090e+00,1.051475286483764648e+00
1.176781058310000017e+00,1.205264210700988770e+00
1.108754038809999898e+00,1.212737441062927246e+00
9.838110208509999177e-01,1.176635026931762695e+00
1.829927563670000312e+00,1.167560458183288574e+00
1.342131018639999951e+00,1.720026969909667969e+00
1.265669584270000092e+00,1.358763456344604492e+00
7.930377125740000199e-01,1.439669370651245117e+00
1.030689358710000114e+00,1.212807536125183105e+00
8.210232257839999992e-01,1.400386214256286621e+00
1.099169254300000009e+00,1.148464083671569824e+00
5.255355238910000004e-01,1.289026498794555664e+00
7.758393883709999717e-01,8.810338377952575684e-01
7.209759950640000081e-01,1.111519575119018555e+00
8.666771054269999386e-01,1.004690647125244141e+00
8.462041020389999835e-01,1.070316076278686523e+00
7.614132165909999195e-01,1.015908241271972656e+00
6.587246060370000045e-01,9.948669075965881348e-01
1.078659296040000104e+00,9.558994174003601074e-01
1.281940340999999872e+00,1.217610597610473633e+00
6.600005030629999547e-01,1.285738348960876465e+00
1.112500548360000119e+00,9.350398182868957520e-01
6.280704736709999958e-01,1.345604062080383301e+00
6.864575743680000341e-01,1.001775503158569336e+00
9.000409841540001343e-01,1.053608655929565430e+00
7.342569231990000445e-01,1.124690890312194824e+00
1.011121273039999879e+00,9.859095811843872070e-01
8.827599883079999543e-01,1.152114868164062500e+00
7.521411776540001259e-01,1.057650446891784668e+00
9.489411115649999395e-01,1.013453483581542969e+00
6.799052953720000625e-01,1.151921033859252930e+00
7.211565971369999772e-01,9.709892272949218750e-01
6.504104733470000843e-01,1.015132427215576172e+00
7.167106270790000178e-01,9.654377102851867676e-01
9.056316018100001308e-01,1.008257627487182617e+00
6.526464819910000603e-01,1.084572076797485352e+00
7.056654095649999014e-01,9.074782133102416992e-01
6.581057906149999637e-01,9.790498614311218262e-01
6.592794060709999959e-01,9.475150108337402344e-01
6.634064316750000190e-01,9.456125497817993164e-01
7.808002829549999246e-01,9.275947213172912598e-01
7.565907239910000248e-01,9.957947134971618652e-01
9.280405640599999062e-01,9.643614292144775391e-01
7.073829770089999913e-01,1.082083582878112793e+00
3.888399899009999383e-01,9.484214186668395996e-01
3.422417938710000107e-01,8.066707253456115723e-01
2.337300032380000003e-01,8.099101185798645020e-01
1.459127068520000015e-01,6.981427669525146484e-01
3.949534893039999828e-01,5.926008820533752441e-01
9.678409695629999199e-01,7.108029723167419434e-01
7.839220166210000285e-01,9.996812343597412109e-01
8.333759903910000766e-01,8.401708602905273438e-01
9.723259806630000224e-01,9.669635891914367676e-01
6.905210018160000685e-01,1.111337184906005859e+00
1.345324039460000121e+00,9.605755209922790527e-01
7.227010130879999439e-01,1.402756333351135254e+00
6.804850101469999135e-01,9.669298529624938965e-01
7.610610127449999318e-01,1.054660201072692871e+00
8.075709938999999782e-01,1.090538382530212402e+00
5.886639952659999953e-01,1.081641197204589844e+00
9.960750937460000065e-01,8.930869698524475098e-01
1.045413970949999882e+00,1.161002039909362793e+00
4.713059961800000752e-01,1.138331651687622070e+00
1.047140955920000005e+00,8.112673759460449219e-01
1.126214265820000060e+00,1.251135468482971191e+00
2.560461759570000329e+00,1.217453360557556152e+00
7.747610211370000721e-01,2.114592552185058594e+00
7.172060012819999608e-01,9.745753407478332520e-01
8.005080223080000001e-01,1.340845823287963867e+00
5.680390000339999856e-01,1.416734457015991211e+00
1.195780038829999947e+00,1.121005296707153320e+00
7.970449924470000003e-01,1.352494120597839355e+00
4.899359941480000979e-01,1.007966876029968262e+00
9.918130040170001216e-01,8.902826905250549316e-01
7.445690035819999553e-01,1.227070808410644531e+00
6.096370220180000743e-01,9.881080389022827148e-01
8.565919995309999591e-01,9.077836871147155762e-01
8.144299983980000102e-01,1.078745722770690918e+00
7.605929970739999657e-01,1.026057600975036621e+00
9.157519936559999074e-01,9.850198626518249512e-01
7.421634793279999753e-01,1.098216891288757324e+00
7.329360246660000522e-01,9.849736094474792480e-01
8.745691180230000805e-01,1.009241342544555664e+00
9.644910097120000803e-01,1.090303182601928711e+00
1.477671980859999845e+00,1.120875835418701172e+00
6.752679944040000937e-01,1.453814506530761719e+00
5.030400156970000758e-01,9.674217700958251953e-01
7.066659927370000371e-01,1.030485033988952637e+00
2.968195915220000369e+00,1.151979207992553711e+00
1.255300998690000114e+00,2.390830278396606445e+00
4.084815025330000182e+00,1.078366994857788086e+00
1.692322969440000158e+00,3.127534627914428711e+00
4.121052026750000041e-01,1.561659455299377441e+00
1.035750985149999970e+00,1.246678590774536133e+00
6.408920288089999806e-01,1.780364155769348145e+00
7.065470218660000468e-01,1.280171751976013184e+00
1.060830354689999977e+00,1.068008542060852051e+00
1.880954027180000265e+00,1.186735510826110840e+00
1.886373996729999947e+00,1.643162846565246582e+00
1.328773975370000082e+00,1.567988038063049316e+00
3.931840062139999592e-01,1.359695792198181152e+00
6.382430195809999374e-01,9.899576306343078613e-01
1.045531988140000035e+00,1.266904950141906738e+00
6.588029861449999913e-01,1.323473930358886719e+00
8.046740293499999863e-01,9.149591326713562012e-01
8.740410208700001293e-01,1.030816674232482910e+00
8.532550334930000258e-01,1.079205632209777832e+00
8.952109813690000140e-01,1.058831691741943359e+00
7.301589846610000434e-01,1.079379439353942871e+00
4.149410128589999802e-01,9.977967143058776855e-01
2.700940072540000125e-01,8.322024345397949219e-01
4.911319911479999356e-01,7.588971853256225586e-01
5.079169869420000483e-01,8.624064326286315918e-01
1.224020004270000017e+00,7.869567871093750000e-01
1.267657995220000222e+00,1.207922101020812988e+00
2.633487939829999736e+00,1.178580284118652344e+00
3.999615430830000040e+00,2.094647407531738281e+00
6.651418209080000032e+00,2.884708404541015625e+00
2.102678060530000170e+00,4.607999801635742188e+00
1.283689975739999989e+00,1.988266110420227051e+00
1.291347503659999951e+00,2.418473005294799805e+00
1.353754043579999733e+00,2.611494541168212891e+00
2.390191078189999985e+00,2.253917455673217773e+00
1.461441040039999972e+00,2.338392019271850586e+00
1.599208951000000045e+00,1.541568875312805176e+00
1.471150994300000070e+00,1.780071616172790527e+00
1.298205018039999992e+00,1.697514414787292480e+00
1.579622030259999921e+00,1.578092455863952637e+00
1.360355019570000268e+00,1.690058231353759766e+00
8.036410212519999874e-01,1.501243591308593750e+00
4.276689887049999750e-01,1.198902010917663574e+00
2.694070041180000041e-01,1.040643692016601562e+00
3.897170126439999938e-01,9.335524439811706543e-01
4.179170131680000067e-01,8.893916010856628418e-01
1.546036005019999937e+00,7.772688269615173340e-01
1.017611026760000037e+00,1.397797226905822754e+00
8.653150200839999640e-01,9.637191891670227051e-01
6.194109916690000439e-01,1.043295860290527344e+00
8.454149961469999974e-01,1.004064917564392090e+00
8.048596382139999728e-01,1.181344509124755859e+00
1.435889005660000217e+00,1.047496438026428223e+00
2.565752029420000024e+00,1.403496384620666504e+00
6.206179142000000759e+00,2.004593372344970703e+00
9.309499859810000943e-01,4.173644542694091797e+00
9.077759981159999603e-01,9.456756711006164551e-01
4.609797894950000141e-01,1.933141589164733887e+00
5.264570117000000327e-01,1.750665545463562012e+00
7.942249774930000283e-01,1.488055586814880371e+00
9.704009890559999185e-01,1.147502899169921875e+00
6.695889830590000535e-01,1.121915936470031738e+00
6.997730135920000594e-01,8.877401947975158691e-01
6.903669834139999351e-01,9.759794473648071289e-01
6.361600160600000553e-01,9.799425601959228516e-01
9.726700186730000697e-01,9.343033432960510254e-01
6.393389701839999884e-01,1.126784801483154297e+00
5.123779773709999930e-01,8.905701041221618652e-01
5.699130296709999932e-01,8.778325915336608887e-01
8.318089842800000522e-01,9.252552986145019531e-01
4.694110155110000071e-01,1.052701950073242188e+00
9.054309725759999150e-01,7.701185941696166992e-01
8.482750058169999940e-01,1.091998457908630371e+00
6.566630005839999562e-01,1.012214064598083496e+00
6.324055790899999474e-01,9.191999435424804688e-01
3.268550038340000130e-01,9.335554242134094238e-01
3.047409951689999952e-01,7.630441188812255859e-01
2.159480005499999911e-01,7.552458643913269043e-01
2.148479968310000043e-01,6.517682671546936035e-01
1.512310057880000003e-01,6.209518909454345703e-01
4.153338372709999837e-01,5.470029115676879883e-01
7.344200015070000420e-01,6.999793052673339844e-01
9.913370013240000445e-01,8.498209714889526367e-01
7.910000085830000138e-01,9.906773567199707031e-01
7.429170012469999973e-01,8.978362083435058594e-01
7.426548600200000294e-01,9.721730351448059082e-01
8.799139857289999256e-01,1.014539718627929688e+00
7.376829981800000491e-01,1.093021392822265625e+00
1.240342974660000097e+00,9.753676056861877441e-01
8.343409895899999151e-01,1.303484439849853516e+00
3.054729998110000122e-01,1.015599727630615234e+00
8.929460048680001316e-01,7.828385829925537109e-01
1.285866022110000007e+00,1.198739051818847656e+00
4.146400094030000538e-01,1.310977101325988770e+00
1.090137004850000091e+00,7.200816869735717773e-01
5.923830270769999684e-01,1.289998173713684082e+00
3.773260116580000045e-01,9.268159270286560059e-01
2.693597316740000469e+00,8.296775817871093750e-01
2.288666009900000020e+00,2.185204505920410156e+00
8.955270051960001476e-01,1.741276144981384277e+00
8.070570230480000884e-01,1.118977189064025879e+00
1.194862961769999954e+00,1.462839126586914062e+00
8.929409980769997812e-01,1.716076612472534180e+00
9.776080250740000199e-01,1.252037048339843750e+00
1.832507014270000179e+00,1.226732730865478516e+00
1.403792977329999747e+00,1.717844247817993164e+00
7.223749756810000644e-01,1.367010831832885742e+00
6.599410176280000595e-01,1.064733386039733887e+00
7.407349944109999917e-01,1.167890191078186035e+00
5.553659796709999874e-01,1.167825698852539062e+00
1.236768960949999885e+00,9.244534373283386230e-01
6.214020252229999208e-01,1.298568367958068848e+00
7.108730077739999764e-01,8.482002019882202148e-01
3.064779937269999643e-01,1.017074346542358398e+00
6.473349928859999380e-01,7.680531740188598633e-01
5.458269715310000159e-01,1.001011252403259277e+00
1.024247765539999966e+00,8.278399109840393066e-01
8.176820278170000567e-01,1.110091686248779297e+00
7.440620064740001149e-01,9.504410624504089355e-01
7.367150187490000279e-01,1.000116705894470215e+00
5.768560171130000525e-01,1.033578515052795410e+00
9.152600169179998524e-01,9.283202290534973145e-01
1.137029051779999911e+00,1.123902201652526855e+00
4.960080087179999930e-01,1.193078398704528809e+00
4.941360056399998757e-01,7.911567687988281250e-01
8.834533095360000976e-01,8.952473998069763184e-01
1.271524906160000024e+00,1.119463205337524414e+00
8.864369988439999570e-01,1.251185774803161621e+00
8.988280296330001251e-01,9.831826090812683105e-01
9.049779772759999341e-01,1.125062346458435059e+00
8.299319744109999730e-01,1.172232627868652344e+00
8.756300210950000995e-01,1.103374600410461426e+00
5.502920150760000073e-01,1.107291936874389648e+00
1.073919415470000027e+00,8.971415162086486816e-01
8.491920232770000521e-01,1.238521695137023926e+00
6.393229961399998773e-01,1.023259401321411133e+00
7.995309829709998928e-01,9.385331869125366211e-01
9.646000266079999275e-01,1.067719340324401855e+00
8.413559794430000016e-01,1.148487329483032227e+00
7.011449933050000194e-01,1.033722639083862305e+00
7.240070104600000445e-01,9.802510142326354980e-01
1.010308027270000020e+00,1.021977782249450684e+00
6.538060307499999890e-01,1.174768567085266113e+00
7.932850122450000319e-01,9.056078791618347168e-01
6.538396477699999210e-01,1.043106079101562500e+00
1.160789966579999888e+00,9.426870346069335938e-01
8.085789680480000019e-01,1.255911707878112793e+00
3.743770122530000188e-01,9.688801765441894531e-01
2.556999921800000020e-01,7.894500494003295898e-01
4.893150031570000502e-01,7.765855193138122559e-01
1.151844024660000132e+00,8.878374099731445312e-01
7.372779846189999597e-01,1.173402786254882812e+00
1.088750958439999916e+00,8.307907581329345703e-01
1.975852966309999514e+00,1.159740686416625977e+00
8.547700047490001118e-01,1.717720270156860352e+00
7.977370023729999371e-01,1.015810012817382812e+00
1.052428960799999924e+00,1.206095337867736816e+00
3.179450988770000208e+00,1.393053412437438965e+00
1.797067999840000319e+00,2.568535089492797852e+00
1.056702017779999947e+00,1.458698391914367676e+00
8.751260042189999977e-01,1.355768084526062012e+00
6.645399928090000019e-01,1.479296207427978516e+00
7.571684122089999969e-01,1.294259548187255859e+00
1.368484020229999931e+00,1.151390314102172852e+00
9.052469730380000579e-01,1.404172301292419434e+00
1.032060980800000083e+00,1.042950272560119629e+00
6.141330003739999821e-01,1.225824356079101562e+00
9.733130335809998535e-01,9.976382851600646973e-01
6.452289819719999597e-01,1.248366236686706543e+00
4.894390106200000035e-01,9.414077997207641602e-01
8.408679962160000576e-01,8.723811507225036621e-01
7.771940231319999226e-01,1.075630664825439453e+00
6.755350232119999854e-01,9.729797840118408203e-01
6.592059731480000018e-01,9.101737141609191895e-01
1.084153056139999904e+00,9.327318072319030762e-01
9.314100146289999715e-01,1.201096057891845703e+00
1.359479665760000122e+00,1.046608686447143555e+00
7.633988261220000515e-01,1.351513028144836426e+00
5.357339978220000409e-01,9.916104674339294434e-01
6.781889796259998882e-01,9.811696410179138184e-01
7.839810252189999273e-01,1.070218086242675781e+00
1.169367671010000054e+00,1.053335547447204590e+00
1.015287995340000027e+00,1.204164743423461914e+00
9.259430170060000131e-01,1.097295641899108887e+00
1.319244027140000108e+00,1.129344582557678223e+00
9.717460274700000511e-01,1.417898654937744141e+00
1.176299691200000108e+00,1.171765685081481934e+00
1.714609026910000056e+00,1.335717201232910156e+00
1.307337045669999975e+00,1.643948316574096680e+00
6.186890006069999393e-01,1.357172012329101562e+00
2.298435926440000276e+00,1.033705234527587891e+00
1.808241009709999902e+00,2.185089349746704102e+00
8.794149756429999742e-01,1.665584802627563477e+00
1.570945024490000064e+00,1.192086935043334961e+00
1.578516006470000121e+00,1.789722442626953125e+00
6.200309991839999535e-01,1.696271181106567383e+00
9.928810000419999726e-01,1.028403759002685547e+00
4.551869928839999413e-01,1.363438367843627930e+00
1.017398953439999865e+00,9.521669745445251465e-01
8.378469943999999892e-01,1.263367295265197754e+00
4.884769916529999589e-01,1.009363412857055664e+00
1.246340990070000210e+00,8.345069289207458496e-01
1.209630966189999990e+00,1.335382699966430664e+00
1.252451062200000020e+00,1.225186347961425781e+00
1.519726991650000025e+00,1.267530083656311035e+00
1.063797950739999942e+00,1.477609992027282715e+00
1.571495056150000069e+00,1.235622763633728027e+00
1.278105020519999968e+00,1.624784111976623535e+00
1.192077994349999948e+00,1.395883798599243164e+00
8.304439187050000060e-01,1.394886612892150879e+00
1.402015686039999931e+00,1.176227092742919922e+00
1.156504034999999986e+00,1.558459281921386719e+00
1.162554860120000200e+00,1.293010115623474121e+00
6.007519960399999581e-01,1.333474397659301758e+00
1.253835797310000055e+00,1.007291436195373535e+00
1.791844010350000183e+00,1.470782637596130371e+00
1.734062552449999961e+00,1.657092690467834473e+00
4.939970970150000085e+00,1.560286521911621094e+00
2.394351005549999911e+00,3.598454952239990234e+00
2.212575912479999740e+00,1.963037014007568359e+00
1.886527061460000043e+00,2.420874357223510742e+00
9.343829751010001017e-01,2.411517381668090820e+00
9.099829792980000942e-01,1.750733256340026855e+00
8.112999796870000724e-01,1.548432111740112305e+00
1.049708962440000004e+00,1.326907277107238770e+00
1.351788043980000076e+00,1.325847268104553223e+00
1.277305960659999906e+00,1.381059288978576660e+00
7.854449748989998925e-01,1.316755771636962891e+00
4.846229851250000165e-01,1.081873416900634766e+00
6.676359772680000582e-01,1.001616120338439941e+00
8.322510123249999836e-01,1.105038166046142578e+00
5.959370136259999340e-01,1.083019375801086426e+00
3.410890102390000123e-01,8.601356148719787598e-01
6.860110163689999707e-01,7.415069937705993652e-01
8.153510093690000682e-01,9.880858063697814941e-01
3.985430002210000322e-01,9.904140233993530273e-01
6.998159885410000225e-01,7.093432545661926270e-01
4.263690114019999533e-01,9.639585614204406738e-01
6.866139769550000382e-01,7.790347933769226074e-01
1.826770007609999913e-01,9.617007970809936523e-01
7.018824815749999946e-01,5.992350578308105469e-01
1.796682000159999681e+00,9.747915267944335938e-01
7.204269766809999753e-01,1.581286072731018066e+00
4.680640101429999755e-01,8.782438635826110840e-01
6.408870220180000743e-01,9.798800349235534668e-01
7.520520091060001189e-01,1.186226963996887207e+00
1.001817584040000098e+00,1.126559615135192871e+00
1.660804033279999814e+00,1.128547549247741699e+00
1.450595021250000061e+00,1.489898324012756348e+00
1.085010051729999869e+00,1.332702517509460449e+00
1.099555015560000015e+00,1.233634471893310547e+00
7.694180011750000325e-01,1.365516424179077148e+00
1.254430413249999932e+00,1.165071725845336914e+00
1.496320962910000052e+00,1.433293342590332031e+00
7.186369895940000196e-01,1.473179221153259277e+00
8.902019858359999649e-01,1.001245021820068359e+00
9.891759753229999452e-01,1.251355767250061035e+00
2.849014520649999938e+00,1.276634931564331055e+00
4.281075000759999583e+00,2.314395904541015625e+00
1.248739004139999942e+00,2.989246606826782227e+00
7.096589803699999699e-01,1.226729750633239746e+00
7.497439980509998936e-01,1.560343027114868164e+00
8.907449841499999188e-01,1.705117464065551758e+00
1.469527959819999952e+00,1.461980462074279785e+00
1.608888030049999918e+00,1.477618813514709473e+00
1.043460965159999976e+00,1.514769196510314941e+00
1.184751033780000018e+00,1.260127663612365723e+00
5.063725113870000127e-01,1.515493869781494141e+00
6.946156024930000283e-01,1.084850549697875977e+00
9.299110174179998634e-01,1.184573411941528320e+00
7.754629850390000190e-01,1.188361167907714844e+00
8.564696311949999696e-01,1.004353165626525879e+00
9.269009828569999554e-01,1.050163030624389648e+00
7.506660223010001021e-01,1.117914438247680664e+00
9.248849749570000611e-01,1.018962979316711426e+00
1.070162653919999984e+00,1.151925444602966309e+00
8.752880096439998869e-01,1.219909310340881348e+00
7.511039972310000756e-01,1.099003076553344727e+00
8.627579808239999037e-01,1.072408676147460938e+00
5.096570253369999692e-01,1.162270188331604004e+00
8.495249748229999343e-01,9.069350361824035645e-01
6.711369752879999817e-01,1.118036985397338867e+00
6.132180094720000030e-01,9.389918446540832520e-01
3.810549974440000098e-01,9.300461411476135254e-01
8.710420131680000067e-01,7.909141182899475098e-01
6.540319919589999698e-01,1.105107307434082031e+00
9.089673757550000843e-01,8.768151998519897461e-01
9.709029793739999414e-01,1.062754869461059570e+00
9.856920242310001079e-01,1.095771312713623047e+00
1.356256246570000101e+00,1.144010782241821289e+00
1.309872984889999925e+00,1.388271808624267578e+00
6.344919800760000506e-01,1.361054539680480957e+00
5.933508276940000492e-01,1.010946512222290039e+00
8.796380162239999523e-01,1.105594038963317871e+00
1.131836414339999930e+00,1.229722261428833008e+00
1.841274023059999765e+00,1.248581171035766602e+00
2.261745929719999992e+00,1.609193563461303711e+00
2.597975969309999744e+00,1.839412808418273926e+00
2.399192094800000064e+00,2.111147403717041016e+00
1.982298016549999931e+00,2.103651762008666992e+00
2.269547939300000206e+00,2.014740943908691406e+00
2.017889976500000238e+00,2.290942192077636719e+00
1.452262043950000026e+00,2.091282367706298828e+00
1.342797994609999934e+00,1.763405561447143555e+00
1.311915040020000145e+00,1.755642414093017578e+00
1.276762008670000226e+00,1.691220641136169434e+00
1.275267004970000118e+00,1.554549455642700195e+00
1.210446000100000141e+00,1.478616476058959961e+00
8.153480291369999966e-01,1.407022237777709961e+00
7.271119952200000291e-01,1.165577650070190430e+00
6.043019890790000126e-01,1.146036982536315918e+00
9.830358624459999417e-01,1.029723048210144043e+00
1.101529002189999940e+00,1.208048343658447266e+00
1.183724999429999869e+00,1.195493936538696289e+00
4.356400072569999726e-01,1.245848178863525391e+00
3.270040154459999959e-01,8.281630873680114746e-01
8.039849996569999879e-01,8.797897100448608398e-01
4.216859936710000145e-01,1.126308679580688477e+00
5.734559893609999515e-01,7.522655725479125977e-01
3.959457874300000291e-01,8.506868481636047363e-01
4.163750112060000119e-01,7.344731092453002930e-01
5.603970289230000290e-01,7.772288918495178223e-01
7.749050259590000156e-01,8.318990468978881836e-01
6.370840072629999629e-01,9.392074942588806152e-01
3.839260041709999793e-01,8.365852832794189453e-01
5.648739933969999516e-01,7.380960583686828613e-01
1.054715037350000051e+00,8.997278213500976562e-01
6.537709832190000681e-01,1.148654818534851074e+00
5.931029915809999942e-01,8.363546133041381836e-01
1.022608995439999946e+00,8.893083930015563965e-01
8.359869718549999273e-01,1.188199996948242188e+00
6.375340223309999832e-01,1.016015648841857910e+00
9.755985140799999789e-01,9.157108664512634277e-01
4.898079931740000337e-01,1.164925575256347656e+00
1.098647952079999879e+00,8.373849391937255859e-01
1.151165962220000116e+00,1.248701930046081543e+00
8.061249852179999120e-01,1.191532015800476074e+00
4.744769930839999872e-01,1.006495714187622070e+00
7.896029949189999897e-01,8.789250254631042480e-01
4.762530028819999539e-01,1.123996853828430176e+00
5.455229878430000179e-01,8.393378853797912598e-01
6.212809681889999158e-01,8.789916038513183594e-01
7.707700133319999036e-01,8.940135240554809570e-01
9.337069988249999675e-01,9.707895517349243164e-01
8.110550045970000843e-01,1.047327756881713867e+00
6.005529761310000048e-01,9.953245520591735840e-01
1.002521038060000036e+00,9.222198128700256348e-01
8.921650052069998171e-01,1.199601292610168457e+00
9.160850048070000584e-01,1.069679737091064453e+00
7.413420081139999729e-01,1.096097350120544434e+00
9.283249974250000758e-01,1.001658082008361816e+00
6.429409980770000033e-01,1.150866389274597168e+00
9.950090050700001187e-01,9.470867514610290527e-01
6.271365880970000140e-01,1.188968300819396973e+00
1.038689017300000073e+00,9.125244021415710449e-01
6.888009905820000611e-01,1.214390993118286133e+00
5.214130282399999095e-01,9.431004524230957031e-01
6.510270237919999481e-01,8.976863622665405273e-01
1.159701943399999990e+00,9.845290780067443848e-01
6.456400156020000169e-01,1.252562761306762695e+00
1.195862650870000099e+00,8.578168153762817383e-01
1.304703950880000018e+00,1.293657898902893066e+00
8.844429850579998975e-01,1.328603148460388184e+00
7.697709798810000725e-01,1.108162045478820801e+00
7.702100276950000213e-01,1.124888896942138672e+00
6.418280005459999771e-01,1.154857039451599121e+00
8.937159776689999058e-01,1.007311463356018066e+00
5.247250199319999364e-01,1.122440695762634277e+00
5.142210125920000374e-01,8.508841991424560547e-01
7.172748446459999982e-01,8.891563415527343750e-01
6.410769820210000525e-01,9.899317026138305664e-01
4.689820110800000941e-01,9.143533706665039062e-01
1.203750014310000171e+00,8.154040575027465820e-01
7.911959886550000709e-01,1.292644262313842773e+00
1.136301159859999910e+00,9.592848420143127441e-01
8.642929792399999256e-01,1.249784827232360840e+00
8.814030289650001126e-01,1.090319514274597168e+00
5.817409753800000249e-01,1.176399946212768555e+00
8.651199936869999885e-01,9.721047878265380859e-01
9.078124761579999813e-01,1.151098132133483887e+00
7.377740144730000615e-01,1.089615464210510254e+00
1.120375037189999867e+00,9.761234521865844727e-01
9.422479867940000142e-01,1.231141686439514160e+00
1.060060024260000011e+00,1.089662313461303711e+00
7.158420085910000008e-01,1.198313236236572266e+00
4.040209949019999969e-01,9.958367347717285156e-01
2.920779883859999648e-01,8.649041056632995605e-01
6.317924261089999938e-01,7.958227396011352539e-01
1.124665260310000026e+00,9.525145888328552246e-01
1.115690946580000009e+00,1.138431668281555176e+00
1.247418999670000028e+00,1.079572677612304688e+00
6.976169943809999996e-01,1.240776062011718750e+00
3.693974971769999893e+00,9.825894832611083984e-01
8.204839825630000361e-01,2.895774602890014648e+00
8.573070168499999921e-01,9.172717928886413574e-01
6.902359724040000311e-01,1.467775225639343262e+00
8.385969996449998964e-01,1.433789253234863281e+00
1.287726998329999928e+00,1.428393363952636719e+00
9.632229804989999034e-01,1.393802523612976074e+00
1.343299984930000024e+00,1.129921555519104004e+00
7.316169738770000874e-01,1.423856139183044434e+00
6.809219717980000697e-01,1.044831633567810059e+00
7.014784216880000089e-01,1.098522901535034180e+00
6.698030233380000142e-01,1.064895272254943848e+00
1.365643024439999964e+00,9.950523972511291504e-01
9.781420230869999344e-01,1.361250400543212891e+00
6.786789894100000442e-01,1.056020140647888184e+00
5.976330041890000055e-01,9.881649613380432129e-01
8.193774819369999962e-01,1.018901586532592773e+00
7.911109924320000042e-01,1.142427921295166016e+00
1.044147372249999872e+00,1.029390692710876465e+00
1.400015950200000026e+00,1.170294880867004395e+00
8.748620152470000244e-01,1.376696348190307617e+00
6.228179931639999944e-01,1.062126755714416504e+00
7.164059877399998610e-01,1.027777910232543945e+00
6.523500084880000660e-01,1.113055109977722168e+00
9.379299879070001067e-01,1.001190185546875000e+00
5.936999917030000296e-01,1.112507343292236328e+00
5.393440127369999448e-01,8.597530722618103027e-01
9.370089769359999377e-01,8.890585899353027344e-01
8.087720274930000341e-01,1.130970716476440430e+00
5.654280185700000239e-01,9.922081828117370605e-01
6.020820140839999723e-01,8.631300926208496094e-01
1.146679997439999932e+00,9.349851012229919434e-01
9.824249744419999431e-01,1.254429817199707031e+00
5.671510100359999917e-01,1.069218873977661133e+00
7.866399884220000027e-01,8.753399848937988281e-01
7.388439774510000557e-01,1.096739172935485840e+00
6.810299754140000106e-01,1.027132630348205566e+00
7.086979746820000203e-01,9.571046829223632812e-01
6.642330288889999323e-01,9.646929502487182617e-01
5.124790072439999733e-01,9.384236931800842285e-01
6.040380001070000393e-01,8.479853868484497070e-01
6.728799939159999521e-01,9.176829457283020020e-01
8.265414834020000656e-01,9.301847815513610840e-01
4.546860158440000355e-01,1.002296805381774902e+00
5.594509840010000179e-01,7.695790529251098633e-01
1.332218050960000122e-01,9.057267904281616211e-01
1.633069962260000063e-01,6.200444102287292480e-01
1.797860413789999778e-01,6.553995609283447266e-01
5.747918486599999932e-01,5.986289381980895996e-01
8.508148789409999413e-01,7.996540069580078125e-01
8.527640104289999634e-01,8.932058215141296387e-01
1.687628030779999788e+00,9.046851396560668945e-01
2.149522066120000297e+00,1.465886116027832031e+00
8.122850060459999577e-01,1.738846659660339355e+00
1.239639997479999867e+00,1.008417010307312012e+00
2.128437280650000041e+00,1.563405036926269531e+00
2.139239072800000141e+00,2.037139177322387695e+00
9.779880046840000452e-01,1.882886886596679688e+00
6.937779784199998856e-01,1.213576555252075195e+00
7.218790054320000094e-01,1.314111351966857910e+00
7.631160020829999002e-01,1.316938042640686035e+00
8.565329909319999713e-01,1.161359667778015137e+00
1.109338045120000116e+00,1.078025341033935547e+00
6.476340293879999654e-01,1.196072459220886230e+00
9.241870045659998922e-01,9.055033326148986816e-01
7.877320051189998784e-01,1.160841703414916992e+00
1.305567026139999864e+00,1.046612381935119629e+00
9.107710123059999940e-01,1.364207267761230469e+00
8.699640035629999657e-01,1.058230757713317871e+00
5.743020176890000217e-01,1.133819818496704102e+00
8.599532246590000373e-01,9.684179425239562988e-01
4.775849878790000003e-01,1.156856536865234375e+00
1.108017444610000179e+00,8.347954750061035156e-01
1.290724992749999966e+00,1.239124417304992676e+00
8.591579794879999898e-01,1.273304343223571777e+00
3.058980107309999807e-01,1.039192199707031250e+00
9.039019942279999942e-01,8.103767633438110352e-01
6.352750062940000220e-01,1.251857280731201172e+00
1.023422956470000145e+00,9.300392866134643555e-01
6.730669736859999919e-01,1.141000270843505859e+00
8.504790067669999454e-01,8.919790387153625488e-01
5.141969919200000128e-01,1.089307069778442383e+00
1.527956604959999964e+00,8.602045178413391113e-01
4.094385623930000051e+00,1.504048705101013184e+00
9.952359795569999390e-01,2.931892156600952148e+00
8.670449852940000923e-01,9.697523117065429688e-01
1.141056060789999993e+00,1.543468594551086426e+00
1.622257947919999888e+00,1.853101849555969238e+00
1.980204939840000566e+00,1.907685279846191406e+00
1.375547051430000112e+00,1.787008404731750488e+00
1.851865053180000054e+00,1.416029691696166992e+00
1.420923948290000016e+00,1.871922612190246582e+00
1.589177966120000285e+00,1.586948752403259277e+00
1.673199415210000041e+00,1.733010172843933105e+00
2.123934030530000072e+00,1.724857926368713379e+00
1.648401975629999905e+00,2.017908096313476562e+00
1.204741954800000014e+00,1.691378116607666016e+00
7.920839786529999538e-01,1.542169332504272461e+00
1.227027416229999890e+00,1.349365711212158203e+00
1.226951003070000157e+00,1.569074273109436035e+00
1.131343960759999989e+00,1.379818558692932129e+00
1.252465009690000075e+00,1.267405390739440918e+00
1.116891980170000132e+00,1.357121586799621582e+00
1.122387051579999850e+00,1.287141323089599609e+00
1.040153026579999862e+00,1.305997729301452637e+00
8.091310262680000420e-01,1.250686526298522949e+00
7.681059837340000751e-01,1.119536042213439941e+00
7.982919812199998910e-01,1.104116320610046387e+00
7.666722536090000428e-01,1.091541886329650879e+00
1.057360053060000027e+00,1.031625509262084961e+00
8.607699871060000563e-01,1.188681602478027344e+00
1.070777058600000053e+00,1.035914421081542969e+00
5.301510095600000527e-01,1.204646706581115723e+00
6.604189872739999467e-01,8.712784647941589355e-01
9.909179806709998983e-01,1.031218171119689941e+00
3.561530113220000016e-01,1.177087068557739258e+00
9.618239998820000691e-01,7.299214601516723633e-01
1.244829058649999931e+00,1.163097977638244629e+00
8.381230235100001202e-01,1.250179052352905273e+00
9.245989918709998090e-01,9.910261034965515137e-01
8.131660223010001021e-01,1.133504390716552734e+00
1.003061056139999963e+00,1.097304344177246094e+00
8.752340078350000496e-01,1.207509160041809082e+00
7.991399765009998823e-01,1.076900959014892578e+00
8.812961578369999938e-01,1.053423762321472168e+00
1.063080191609999892e+00,1.107509136199951172e+00
9.057049751279999672e-01,1.198058128356933594e+00
6.909559965129999926e-01,1.078183770179748535e+00
1.355970025060000195e+00,9.896556735038757324e-01
7.572399973869999856e-01,1.424550414085388184e+00
2.043754577640000125e+00,9.759303331375122070e-01
8.576130270960000690e-01,1.831627011299133301e+00
2.364957094190000220e+00,1.014520764350891113e+00
4.179231166840000178e+00,2.143572092056274414e+00
2.233561992649999883e+00,3.055327415466308594e+00
8.013390302660000630e-01,1.807853460311889648e+00
8.372840285299999463e-01,1.372731685638427734e+00
8.851529955859999133e-01,1.731877326965332031e+00
9.040349721909999303e-01,1.522964358329772949e+00
1.302939534190000082e+00,1.213114619255065918e+00
7.228699922560000157e-01,1.338815212249755859e+00
8.009120225910000279e-01,9.597561955451965332e-01
1.032919287679999965e+00,1.117327213287353516e+00
1.321628212929999879e+00,1.239195704460144043e+00
9.367759823799999275e-01,1.358165621757507324e+00
7.007700204850000336e-01,1.083186626434326172e+00
7.624319791789999634e-01,1.050370454788208008e+00
1.144938945770000105e+00,1.130986452102661133e+00
7.721610069269999599e-01,1.299395442008972168e+00
8.772150278090000697e-01,9.820315241813659668e-01
1.243505001070000171e+00,1.106668710708618164e+00
6.381840109830000385e-01,1.324065804481506348e+00
7.468199729919999807e-01,9.378772377967834473e-01
6.839929819109999976e-01,1.099431157112121582e+00
1.419505119320000119e+00,1.043532252311706543e+00
6.141470074649999500e-01,1.445599794387817383e+00
7.347676754000000976e-01,8.471608161926269531e-01
6.770560145379999062e-01,1.080824732780456543e+00
1.074026942249999950e+00,1.035924196243286133e+00
6.156389713290000287e-01,1.248451471328735352e+00
9.692379832269999440e-01,8.708711862564086914e-01
9.916120171550001361e-01,1.164123892784118652e+00
8.089560270310000023e-01,1.132653713226318359e+00
2.435143947599999859e+00,1.029793500900268555e+00
8.223479986189999869e-01,2.053590297698974609e+00
5.938220024110000272e-01,9.634912610054016113e-01
5.762249827380000466e-01,1.131353497505187988e+00
4.224239885809999429e-01,1.178539872169494629e+00
6.765879988670000511e-01,9.764561653137207031e-01
5.520349740979999531e-01,9.763047099113464355e-01
9.015229940410001142e-01,8.291119337081909180e-01
7.489960193629999763e-01,1.048545598983764648e+00
8.627583980560000754e-01,9.261599183082580566e-01
9.480749964710000199e-01,1.052212119102478027e+00
1.055613875389999956e+00,1.116141080856323242e+00
1.970020055770000278e+00,1.191486477851867676e+00
9.391199946399999554e-01,1.748480796813964844e+00
1.009042978289999892e+00,1.077785611152648926e+00
7.824029922490001177e-01,1.340714693069458008e+00
1.016265034679999957e+00,1.202242136001586914e+00
8.782749772069999850e-01,1.311995148658752441e+00
7.353619933130000064e-01,1.101632833480834961e+00
1.109990954399999952e+00,1.025807142257690430e+00
7.727199792860000027e-01,1.258054733276367188e+00
1.164981961250000086e+00,1.002288460731506348e+00
7.157210111620000426e-01,1.276635289192199707e+00
1.475479006770000101e+00,9.733740687370300293e-01
8.354520201680000202e-01,1.510357618331909180e+00
7.344660162930000125e-01,1.030066013336181641e+00
7.861927747729999805e-01,1.090132355690002441e+00
1.143465042110000107e+00,1.116271853446960449e+00
9.246990084650000830e-01,1.305111169815063477e+00
2.958764553069999970e+00,1.076354026794433594e+00
2.138324022289999959e+00,2.338467836380004883e+00
2.038712024690000124e+00,1.704132914543151855e+00
1.480209946629999829e+00,1.919825196266174316e+00
9.367650747299998137e-01,1.754642724990844727e+00
1.715939760209999942e+00,1.534232616424560547e+00
1.001402020450000041e+00,1.929624557495117188e+00
8.896229863169999863e-01,1.289650678634643555e+00
7.492939829829999843e-01,1.256947636604309082e+00
1.115183949470000213e+00,1.151721000671386719e+00
9.457820057870001129e-01,1.344473958015441895e+00
6.452180147170000213e-01,1.125762343406677246e+00
1.164842009540000056e+00,9.766309857368469238e-01
1.244351029399999975e+00,1.327974081039428711e+00
9.045109748840000075e-01,1.293833851814270020e+00
5.575259923929999362e-01,1.079682707786560059e+00
5.778343677520000332e-01,9.552778601646423340e-01
7.199835777280000348e-01,1.030166745185852051e+00
7.607790231700000128e-01,1.057202339172363281e+00
5.404400229450000426e-01,1.005599856376647949e+00
8.009672760959999360e-01,8.557642102241516113e-01
7.710149884220000027e-01,1.053242087364196777e+00
6.709719896319999988e-01,1.006801486015319824e+00
2.768970489500000021e+00,9.535003900527954102e-01
3.086133003230000060e+00,2.232925653457641602e+00
1.116358041760000086e+00,2.261199235916137695e+00
1.018260955809999979e+00,1.234166860580444336e+00
7.442610263819999794e-01,1.674250960350036621e+00
1.114386796949999869e+00,1.556452512741088867e+00
1.380516409870000238e+00,1.576451420783996582e+00
1.229098439219999950e+00,1.484945535659790039e+00
1.573238968849999919e+00,1.346446514129638672e+00
1.245597958560000107e+00,1.610731244087219238e+00
8.298619985580000247e-01,1.423341870307922363e+00
5.376980304720000436e-01,1.246225953102111816e+00
8.593800067899999284e-01,1.101430892944335938e+00
7.949647903440000274e-01,1.258431911468505859e+00
8.122889995569999577e-01,1.067742466926574707e+00
1.209460973739999945e+00,1.046799302101135254e+00
1.043611049649999956e+00,1.282090663909912109e+00
9.914460182190000248e-01,1.153704404830932617e+00
1.377645969390000058e+00,1.171124219894409180e+00
7.495359778399999229e-01,1.436329722404479980e+00
7.549669742579999676e-01,1.029018521308898926e+00
8.522210121150000095e-01,1.119943618774414062e+00
1.312628030780000010e+00,1.157243251800537109e+00
9.499999880790001017e-01,1.380396246910095215e+00
8.433979749680000637e-01,1.077815175056457520e+00
6.329939961430000039e-01,1.106947541236877441e+00
6.848490238189999246e-01,1.017281651496887207e+00
8.296039700509999504e-01,1.058870792388916016e+00
1.117776036259999994e+00,1.077140688896179199e+00
1.060515046120000138e+00,1.215137481689453125e+00
9.966710209849999336e-01,1.162086606025695801e+00
6.726049780850000825e-01,1.177806496620178223e+00
8.499810099600000335e-01,1.015544652938842773e+00
7.929700016980000266e-01,1.165682673454284668e+00
7.509549856190000927e-01,1.067635178565979004e+00
9.556260704989999466e-01,1.018606662750244141e+00
6.085839867589999397e-01,1.127840876579284668e+00
7.782499790189999489e-01,9.008501768112182617e-01
5.098140239720000411e-01,1.052122950553894043e+00
6.364319920540000286e-01,8.635639548301696777e-01
6.015599966049999248e-01,9.632077813148498535e-01
6.556333899499999784e-01,8.933514356613159180e-01
6.385549902920000243e-01,9.239023327827453613e-01
8.762890100480000832e-01,9.023574590682983398e-01
7.967479825020000739e-01,1.060475826263427734e+00
6.824830174449999509e-01,9.900237917900085449e-01
8.025500178340000401e-01,9.550154209136962891e-01
7.950311899190000142e-01,1.054377794265747070e+00
1.584897041320000088e+00,1.034681797027587891e+00
1.017485976220000143e+00,1.507590532302856445e+00
9.177780151369999695e-01,1.093203783035278320e+00
1.230221033100000083e+00,1.174862265586853027e+00
1.027899026870000121e+00,1.417433738708496094e+00
9.125559926030000213e-01,1.251670837402343750e+00
7.935979962350000472e-01,1.174277663230895996e+00
1.030437946320000187e+00,1.123927950859069824e+00
5.325379967690000438e-01,1.266191363334655762e+00
6.127780079839999505e-01,9.004052877426147461e-01
8.741289973260000234e-01,1.000151515007019043e+00
3.667230010029999820e-01,1.112530589103698730e+00
7.391750216480000857e-01,7.465839385986328125e-01
5.604230165479999748e-01,1.018589735031127930e+00
7.758178114889999755e-01,8.593931198120117188e-01
8.102909922600001202e-01,1.003070831298828125e+00
6.437510252000000488e-01,9.913417696952819824e-01
7.236457467079999706e-01,9.206170439720153809e-01
9.113870263100001257e-01,1.003838539123535156e+00
6.627830266949999993e-01,1.121181488037109375e+00
1.002035975460000117e+00,9.508979916572570801e-01
8.224419951440000709e-01,1.200023889541625977e+00
1.030576944350000135e+00,1.073527932167053223e+00
6.781139969830000114e-01,1.235087394714355469e+00
5.333459973340000104e-01,9.997500181198120117e-01
3.209959864620000047e-01,9.570987820625305176e-01
7.608630061149999069e-01,8.134299516677856445e-01
7.439860105509998878e-01,1.057429313659667969e+00
5.468400120740000148e-01,9.297055006027221680e-01
7.004669904709999173e-01,8.139927387237548828e-01
8.356525897980000561e-01,9.567968845367431641e-01
1.274258971210000091e+00,1.035255074501037598e+00
8.934450149539999719e-01,1.291201591491699219e+00
6.211659908290000365e-01,1.045445084571838379e+00
7.900159955019999680e-01,9.965625405311584473e-01
1.067494988440000014e+00,1.149258017539978027e+00
6.698009967800000464e-01,1.266164064407348633e+00
1.265694975850000015e+00,9.520236849784851074e-01
6.380620002750000408e-01,1.369320988655090332e+00
9.348030090330000652e-01,9.328050613403320312e-01
8.006410002709999363e-01,1.208723306655883789e+00
1.085708975790000030e+00,1.066362142562866211e+00
3.527039885520000251e-01,1.255097508430480957e+00
5.883709788319999578e-01,7.559506297111511230e-01
4.875420033929999120e-01,1.014359951019287109e+00
4.636880159380000199e-01,8.722524046897888184e-01
3.637039959430000136e-01,8.259019255638122559e-01
8.750243186949999696e-01,7.239508628845214844e-01
6.435279846190000708e-01,1.040200591087341309e+00
4.834130108360000233e-01,8.376250267028808594e-01
2.120890021319999930e-01,8.044207692146301270e-01
4.560469985010000560e-01,6.860814094543457031e-01
4.367910027499999903e-01,8.591517806053161621e-01
7.238804101939999569e-01,7.565296292304992676e-01
5.560690164570000205e-01,9.073013663291931152e-01
4.748429954049999679e-01,7.857186198234558105e-01
2.674640119080000100e-01,8.005315661430358887e-01
9.588437080380001198e-01,6.930469274520874023e-01
7.868980169300000549e-01,1.126504182815551758e+00
1.794360995290000149e+00,9.124019145965576172e-01
1.337677955630000026e+00,1.563139915466308594e+00
1.210453987120000185e+00,1.235083818435668945e+00
5.654799938200000264e-01,1.335628509521484375e+00
4.008429944520000565e-01,1.027069449424743652e+00
2.727654874320000200e-01,1.006991267204284668e+00
5.836449861529999783e-01,8.283357024192810059e-01
8.533802628519999711e-01,9.316647648811340332e-01
8.660610318179999823e-01,9.738828539848327637e-01
1.158349990839999899e+00,9.498254060745239258e-01
7.764859795569999390e-01,1.173798918724060059e+00
1.068807005880000105e+00,9.761777520179748535e-01
5.888479948040000744e-01,1.241771697998046875e+00
1.588868498799999918e+00,9.267950654029846191e-01
4.327859878540000205e-01,1.598483204841613770e+00
3.996030092239999942e-01,7.806306481361389160e-01
5.545349717140000134e-01,9.618304371833801270e-01
6.221979856490000849e-01,1.033213496208190918e+00
1.149551987649999996e+00,9.743065834045410156e-01
1.121260046960000034e+00,1.188781738281250000e+00
9.776459932329999436e-01,1.121941089630126953e+00
1.732741951940000025e+00,1.096674799919128418e+00
2.302707910540000125e+00,1.627589941024780273e+00
1.053477048870000043e+00,1.913150787353515625e+00
7.962800264360000435e-01,1.164059281349182129e+00
5.203329920770000117e-01,1.281891703605651855e+00
6.104800105090000262e-01,1.161597371101379395e+00
4.453057944770000276e-01,1.111213326454162598e+00
6.522138714790000069e-01,8.407033681869506836e-01
1.175541162490000069e+00,9.353838562965393066e-01
1.032202124599999937e+00,1.205124616622924805e+00
7.193930149079998948e-01,1.079491019248962402e+00
8.200139999390000378e-01,9.769198298454284668e-01
9.497330188750000568e-01,1.140459179878234863e+00
1.039114952089999822e+00,1.209131360054016113e+00
5.883830189700000046e-01,1.207782387733459473e+00
9.508559703829998488e-01,9.190288186073303223e-01
5.277600288389999728e-01,1.207133531570434570e+00
7.736063003540000205e-01,8.892507553100585938e-01
9.703559875489998765e-01,1.066912055015563965e+00
1.383889913560000018e+00,1.127160787582397461e+00
7.795230150220000542e-01,1.350891470909118652e+00
6.069999933240000090e-01,9.749895334243774414e-01
4.660570025440000097e-01,1.034081101417541504e+00
9.455270171170000459e-01,9.812955856323242188e-01
6.238729953770000280e-01,1.218117356300354004e+00
3.923240005969999555e-01,8.757109642028808594e-01
5.156549811360000568e-01,7.794017195701599121e-01
9.679385423660000765e-01,8.867445588111877441e-01
1.356565952299999989e+00,1.114061832427978516e+00
9.072690010070000310e-01,1.262807965278625488e+00
8.162760138510000152e-01,9.935142993927001953e-01
2.479866981509999846e+00,1.086310863494873047e+00
1.133080005649999888e+00,2.137186050415039062e+00
1.045583963389999926e+00,1.156683564186096191e+00
8.474370241169999485e-01,1.358954668045043945e+00
1.536522984499999911e+00,1.317787885665893555e+00
9.008989930149998715e-01,1.716207504272460938e+00
4.812009930610000596e-01,1.121782779693603516e+00
8.572540283199999722e-01,9.672594666481018066e-01
8.617479801180000232e-01,1.233967542648315430e+00
1.008694052699999899e+00,1.130002021789550781e+00
1.127727031710000105e+00,1.146854281425476074e+00
7.795569896699999779e-01,1.201323509216308594e+00
9.895502924920001053e-01,1.021011471748352051e+00
8.363329768179998958e-01,1.210576057434082031e+00
9.099559783939998869e-01,1.094369173049926758e+00
5.511059761050000061e-01,1.144946813583374023e+00
1.239764332770000088e+00,9.014694094657897949e-01
1.211838960649999963e+00,1.354655861854553223e+00
1.379981994630000042e+00,1.231304049491882324e+00
1.148460984229999982e+00,1.362069249153137207e+00
7.663900256160000035e-01,1.263418555259704590e+00
9.660840034479999394e-01,1.136356830596923828e+00
8.156750202179999798e-01,1.292295932769775391e+00
1.142272949220000111e+00,1.121276140213012695e+00
1.299479961400000105e+00,1.284501910209655762e+00
8.583310246469999516e-01,1.319458842277526855e+00
7.149469852449999996e-01,1.066786527633666992e+00
8.764400482179999230e-01,1.071439504623413086e+00
8.305460214609999836e-01,1.180235505104064941e+00
8.535240292550000385e-01,1.085024118423461914e+00
9.092410206789999227e-01,1.067004323005676270e+00
5.202720165249999917e-01,1.096898436546325684e+00
7.411040067669999454e-01,8.659443259239196777e-01
5.853319764140000325e-01,1.049199700355529785e+00
5.047770142559999673e-01,9.058984518051147461e-01
5.519493222240000607e-01,8.540247678756713867e-01
9.697520136830000137e-01,8.677248358726501465e-01
1.116515994070000017e+00,1.106016039848327637e+00
1.049844980239999837e+00,1.131576657295227051e+00
6.342629790310000404e-01,1.112544417381286621e+00
5.644329786300000817e-01,9.391280412673950195e-01
9.184709787370000100e-01,9.889590740203857422e-01
9.593539834020000656e-01,1.169624209403991699e+00
5.984159708020000412e-01,1.097904562950134277e+00
9.383450150489999197e-01,8.704482316970825195e-01
4.542250037189999867e-01,1.150797843933105469e+00
7.079470157619999204e-01,8.243393898010253906e-01
3.876500129699999575e-01,1.023924946784973145e+00
4.484339952470000057e-01,7.633079290390014648e-01
8.405709862710000202e-01,8.269096016883850098e-01
5.337110161779999862e-01,1.015499114990234375e+00
7.211350202559999589e-01,7.800063490867614746e-01
5.215386152269999576e-01,9.423347711563110352e-01
7.050759792330000275e-01,8.207101821899414062e-01
6.405649781229999506e-01,9.723391532897949219e-01
5.168589949609999623e-01,8.919906020164489746e-01
1.660409450529999997e+00,8.353951573371887207e-01
2.465307950970000217e+00,1.527159214019775391e+00
1.622156023979999917e+00,1.886022210121154785e+00
1.866270065310000170e+00,1.387897133827209473e+00
3.623536109919999415e+00,1.818345189094543457e+00
7.948709726329999947e-01,2.965236902236938477e+00
9.065989851950000400e-01,1.113407611846923828e+00
8.571879863740000660e-01,1.619590878486633301e+00
7.756379842759999477e-01,1.571090936660766602e+00
7.006700038909999817e-01,1.330094099044799805e+00
6.443409919740000769e-01,1.054233908653259277e+00
7.579550147059999077e-01,9.975360631942749023e-01
5.499600172040000068e-01,1.031558275222778320e+00
4.964669942859999408e-01,8.636230230331420898e-01
1.367677569390000070e+00,8.513109683990478516e-01
1.397894024850000250e+00,1.363979697227478027e+00
8.148130178450000427e-01,1.306348562240600586e+00
1.278898954390000009e+00,1.039852738380432129e+00
8.623980283740000363e-01,1.503674030303955078e+00
1.093865990639999897e+00,1.212169528007507324e+00
8.134710192680000285e-01,1.342746853828430176e+00
1.466687083240000078e+00,1.100824236869812012e+00
9.060310125349999577e-01,1.523166656494140625e+00
7.652140259739999006e-01,1.099648833274841309e+00
1.311033964160000176e+00,1.133604526519775391e+00
7.892500162119999718e-01,1.477569699287414551e+00
1.474902033810000068e+00,1.071183681488037109e+00
9.167850017550001063e-01,1.519482851028442383e+00
1.186140060420000086e+00,1.118104577064514160e+00
1.411391973500000008e+00,1.385516405105590820e+00
2.092472076419999993e+00,1.464845776557922363e+00
7.189220190049999681e-01,1.856999158859252930e+00
1.301861047739999888e+00,9.715358018875122070e-01
1.268974781040000055e+00,1.584891676902770996e+00
1.221997022629999874e+00,1.465814828872680664e+00
9.061110019680000960e-01,1.398143172264099121e+00
1.078873991970000112e+00,1.176729798316955566e+00
1.028025031089999874e+00,1.353077054023742676e+00
7.863690257070000689e-01,1.254461050033569336e+00
1.276852965350000035e+00,1.086784362792968750e+00
7.093420028689999546e-01,1.390382766723632812e+00
5.201929807659999572e-01,9.809639453887939453e-01
5.645610094070000473e-01,9.399978518486022949e-01
9.855200052259999177e-01,9.699946641921997070e-01
1.092841982840000004e+00,1.168396115303039551e+00
4.786899983879999709e-01,1.130918622016906738e+00
3.955059945579999514e-01,7.884555459022521973e-01
1.850703001020000071e+00,8.732239603996276855e-01
1.195796012879999815e+00,1.747354984283447266e+00
1.702510833739999896e+00,1.144221782684326172e+00
2.998351097109999586e+00,1.584341645240783691e+00
2.407080888749999925e+00,2.404655456542968750e+00
2.585943937299999718e+00,2.008080244064331055e+00
2.233839035029999920e+00,2.288581132888793945e+00
1.655773043629999997e+00,2.209839344024658203e+00
1.430611014370000156e+00,1.961310029029846191e+00
8.921740055079999676e-01,1.839065074920654297e+00
1.231696963309999893e+00,1.441799163818359375e+00
8.955079913140001624e-01,1.580111026763916016e+00
1.602033019070000064e+00,1.212757945060729980e+00
1.585399031639999956e+00,1.625439643859863281e+00
1.232059955600000034e+00,1.504361629486083984e+00
1.210371017459999976e+00,1.346785783767700195e+00
1.242141008379999967e+00,1.422113776206970215e+00
9.857040047650000858e-01,1.464906096458435059e+00
7.289689779279999726e-01,1.263842463493347168e+00
6.761519908910000876e-01,1.108114004135131836e+00
1.071573019029999907e+00,1.083840727806091309e+00
9.457439780239998983e-01,1.278320074081420898e+00
4.376370012759999706e-01,1.107212185859680176e+00
5.141820311550000522e-01,8.288088440895080566e-01
3.387190103530000052e-01,9.651719927787780762e-01
7.144280076029999593e-01,8.137850761413574219e-01
4.996199905870000180e-01,9.961743950843811035e-01
7.917379736899999854e-01,7.813292741775512695e-01
8.646243214609999894e-01,9.978222250938415527e-01
6.024960279459999901e-01,1.008179664611816406e+00
1.260069966320000123e+00,8.764537572860717773e-01
1.012339949610000067e+00,1.322627067565917969e+00
1.004528999329999950e+00,1.114576697349548340e+00
6.310235261919999727e-01,1.170632004737854004e+00
1.141221046449999887e+00,9.776902198791503906e-01
5.426099896430000014e-01,1.359822034835815430e+00
8.547459840769999762e-01,8.969876766204833984e-01
7.744219899179999311e-01,1.154554128646850586e+00
3.084340095520000102e-01,1.038500308990478516e+00
8.376209735870000506e-01,7.668880820274353027e-01
7.293469905850000767e-01,1.116039633750915527e+00
7.503905892370000830e-01,9.587047696113586426e-01
1.134822010990000019e+00,9.682084321975708008e-01
1.614240050320000064e+00,1.215862512588500977e+00
1.244793057440000128e+00,1.496420264244079590e+00
7.141630053519999466e-01,1.260028600692749023e+00
7.293040156360000026e-01,1.078516006469726562e+00
6.486989855770000091e-01,1.191091656684875488e+00
3.427990078929999962e-01,1.088996171951293945e+00
3.861860036850000011e-01,8.225997686386108398e-01
6.366299986840000535e-01,8.302363753318786621e-01
3.990480005740000280e-01,9.308735132217407227e-01
4.178859889509999870e-01,7.226050496101379395e-01
1.103790521619999909e+00,7.597408890724182129e-01
6.956189870829999622e-01,1.171276211738586426e+00
8.070139884950000564e-01,8.551481366157531738e-01
5.947690010070000310e-01,1.013783097267150879e+00
1.107607960700000005e+00,9.141752719879150391e-01
9.713580012320000012e-01,1.267087101936340332e+00
7.170349955560000321e-01,1.093000769615173340e+00
6.764810085300000386e-01,9.868879914283752441e-01
1.687772989270000190e+00,1.011760354042053223e+00
9.907569885250000485e-01,1.625140666961669922e+00
8.082039952280000161e-01,1.062487006187438965e+00
1.087718963619999979e+00,1.096120119094848633e+00
1.564818024639999861e+00,1.331972360610961914e+00
6.673809885979999912e-01,1.572623968124389648e+00
1.256489992140000123e+00,9.369304776191711426e-01
1.091886043549999963e+00,1.452222228050231934e+00
7.375509738919999725e-01,1.288522601127624512e+00
6.224380135540000802e-01,1.079482078552246094e+00
8.364729881290000613e-01,1.018924355506896973e+00
5.774260163309999916e-01,1.153429150581359863e+00
1.015761017800000054e+00,9.085025191307067871e-01
1.106158971790000001e+00,1.180470108985900879e+00
6.945540308949998964e-01,1.176560521125793457e+00
1.130903959270000092e+00,9.451516270637512207e-01
9.518219828609999489e-01,1.294139027595520020e+00
7.524570226669999862e-01,1.152404785156250000e+00
5.585229992869999993e-01,1.054078698158264160e+00
1.415836334229999771e+00,9.520108103752136230e-01
1.855298042299999839e+00,1.476226687431335449e+00
7.845479845999999702e-01,1.626685261726379395e+00
8.210539817810000862e-01,1.006374835968017578e+00
5.835890173909999978e-01,1.285371780395507812e+00
8.359720110889999889e-01,1.153497219085693359e+00
2.184663057329999880e+00,1.220247268676757812e+00
6.805480122570000123e-01,1.880315303802490234e+00
1.238904953000000031e+00,8.435378074645996094e-01
1.030328035349999949e+00,1.471333026885986328e+00
7.914109826090000022e-01,1.335640907287597656e+00
8.423720002169999832e-01,1.209769129753112793e+00
4.464710056780000769e-01,1.193863391876220703e+00
5.589337944979999584e-01,9.190110564231872559e-01
7.099329829220000221e-01,9.677022099494934082e-01
7.334340214730000751e-01,9.879712462425231934e-01
7.833399772640000647e-01,9.467427134513854980e-01
8.426809906959999985e-01,9.700036644935607910e-01
1.099761009220000085e+00,1.031344652175903320e+00
8.706315755840000614e-01,1.191689133644104004e+00
5.862460136410000411e-01,1.035708665847778320e+00
8.863990306849999223e-01,9.272426962852478027e-01
1.019399046900000050e+00,1.153511762619018555e+00
8.493610024450000129e-01,1.175189375877380371e+00
1.010666966439999870e+00,1.045700192451477051e+00
1.331516027449999973e+00,1.186862468719482422e+00
1.215008974079999859e+00,1.376533269882202148e+00
1.645591020579999952e+00,1.271927595138549805e+00
9.708780050280000351e-01,1.578771829605102539e+00
1.411272048950000135e+00,1.175665974617004395e+00
7.953929901119999313e-01,1.563779950141906738e+00
1.046331048010000098e+00,1.132616043090820312e+00
8.879339694979999642e-01,1.355439066886901855e+00
8.349300026890000836e-01,1.173408031463623047e+00
9.847199916839999290e-01,1.137086391448974609e+00
1.090394020079999970e+00,1.193422317504882812e+00
4.901649951929999416e-01,1.230044484138488770e+00
6.141669750209999279e-01,8.580142855644226074e-01
6.314740180969999894e-01,1.026178240776062012e+00
8.252440094949999860e-01,9.899360537528991699e-01
1.051450967789999913e+00,1.052242159843444824e+00
1.047114968300000060e+00,1.134870767593383789e+00
3.921430110930000379e-01,1.138773441314697266e+00
4.695149958129999912e-01,7.926839590072631836e-01
7.720900177959999500e-01,9.535169005393981934e-01
7.520099878309999264e-01,1.080414533615112305e+00
6.877393722529999698e-01,9.680211544036865234e-01
6.718119978899999012e-01,9.089787006378173828e-01
1.185933232310000029e+00,9.464304447174072266e-01
6.571980118750000432e-01,1.267665505409240723e+00
8.213180303569999063e-01,8.879400491714477539e-01
7.795739769939998842e-01,1.085154652595520020e+00
1.030122995379999962e+00,1.049459815025329590e+00
6.211889982220000217e-01,1.198189496994018555e+00
8.660820126530001106e-01,9.009957313537597656e-01
9.608931541439998947e-01,1.122334003448486328e+00
6.760399937630000577e-01,1.136626482009887695e+00
7.402380108830000083e-01,9.540935158729553223e-01
5.984709858890000511e-01,1.029114723205566406e+00
6.151059865950000427e-01,9.390981793403625488e-01
9.358735680580000382e-01,9.444082379341125488e-01
5.818247795100000008e-01,1.105738520622253418e+00
7.156659960750000327e-01,8.477799892425537109e-01
6.529520154000000298e-01,9.903843402862548828e-01
9.700022935870000751e-01,9.475746750831604004e-01
7.834500074390000623e-01,1.138549685478210449e+00
7.448130249979999506e-01,9.766292572021484375e-01
8.276180028919999376e-01,1.011482477188110352e+00
8.943400979040000420e-01,1.077484011650085449e+00
2.505017042159999985e+00,1.097799658775329590e+00
1.620712041850000062e+00,2.072782278060913086e+00
1.417585968970000110e+00,1.411237597465515137e+00
1.049872040749999957e+00,1.543403148651123047e+00
1.226507544519999993e+00,1.447554111480712891e+00
1.043179035189999881e+00,1.573108553886413574e+00
9.694439768789999690e-01,1.307498693466186523e+00
8.192250132559999454e-01,1.234736204147338867e+00
8.129550218580000598e-01,1.125900149345397949e+00
6.712080240250000163e-01,1.124152064323425293e+00
5.289899706839999993e-01,1.004831433296203613e+00
3.461930155749999849e-01,9.071189761161804199e-01
4.789490103719999947e-01,7.844485044479370117e-01
1.153810977940000093e+00,8.519414663314819336e-01
9.671270251270001062e-01,1.192819714546203613e+00
7.845839858059999727e-01,9.905770421028137207e-01
4.701859951020000428e-01,9.669451713562011719e-01
5.632782578470000301e-01,8.697804212570190430e-01
2.416239976880000528e-01,9.717085957527160645e-01
2.709859907630000064e-01,7.046852707862854004e-01
1.994680017229999991e-01,7.169098854064941406e-01
1.327169984580000017e-01,6.237738132476806641e-01
4.732620120049999546e-01,5.577593445777893066e-01
6.585559844969999244e-01,7.365709543228149414e-01
9.621880054470001165e-01,8.065073490142822266e-01
5.111979842189999790e-01,9.849768877029418945e-01
9.829789996150001263e-01,7.361916899681091309e-01
9.100099802019999684e-01,1.143380761146545410e+00
1.026576042179999870e+00,1.064834237098693848e+00
8.309389948840000262e-01,1.160134911537170410e+00
9.651920199390001676e-01,1.042940855026245117e+00
1.000543951989999902e+00,1.181528329849243164e+00
1.983185052870000131e+00,1.169095993041992188e+00
1.274855017659999978e+00,1.744292497634887695e+00
1.286525964740000028e+00,1.239073753356933594e+00
1.382244944570000245e+00,1.437642931938171387e+00
1.736924052240000016e+00,1.549358606338500977e+00
1.257668018339999971e+00,1.763584613800048828e+00
7.533379793170000838e-01,1.395869255065917969e+00
1.084908962249999886e+00,1.188888430595397949e+00
1.062494039539999990e+00,1.438848495483398438e+00
7.787629961969999570e-01,1.307233095169067383e+00
8.256469964979999965e-01,1.067330837249755859e+00
9.891830086709999525e-01,1.113813400268554688e+00
1.418092012410000047e+00,1.197926402091979980e+00
1.151677966120000063e+00,1.405289530754089355e+00
1.250364065170000094e+00,1.199227213859558105e+00
8.794019818310000458e-01,1.347023963928222656e+00
1.089423060420000144e+00,1.153563618659973145e+00
1.809062957759999701e+00,1.333749413490295410e+00
8.687390089040000207e-01,1.705706834793090820e+00
8.521729707719999380e-01,1.054594278335571289e+00
1.307837963100000112e+00,1.209629058837890625e+00
1.262575984000000151e+00,1.491033077239990234e+00
7.601559758189999627e-01,1.360880732536315918e+00
1.069887042049999959e+00,1.029705286026000977e+00
8.579840064049999437e-01,1.311583161354064941e+00
1.149323940279999956e+00,1.144992828369140625e+00
1.067142963410000034e+00,1.312810540199279785e+00
7.400619983670000401e-01,1.201730966567993164e+00
6.799880266190000411e-01,1.036191821098327637e+00
7.323921322820000634e-01,1.043054580688476562e+00
8.352749943730000126e-01,1.057684421539306641e+00
6.000829935070000065e-01,1.064653038978576660e+00
1.010563969610000168e+00,8.840700387954711914e-01
7.613970041280000434e-01,1.165383458137512207e+00
7.260069847110000030e-01,9.711878895759582520e-01
1.064324021340000037e+00,9.997988939285278320e-01
5.901079773899998715e-01,1.210328459739685059e+00
7.744659781460000447e-01,8.918275237083435059e-01
7.406870126719998781e-01,1.066233992576599121e+00
8.908360004430001533e-01,1.016444563865661621e+00
7.620100975040000613e-01,1.095720410346984863e+00
7.774500250820000069e-01,9.782732725143432617e-01
5.811070203779999943e-01,1.032463908195495605e+00
7.908779978749999051e-01,9.195422530174255371e-01
8.903719782829999652e-01,1.059345960617065430e+00
7.882059812549999656e-01,1.065747380256652832e+00
7.301949858670000459e-01,9.885413050651550293e-01
9.248933196070000529e-01,9.812813997268676758e-01
1.265586972239999941e+00,1.119667649269104004e+00
7.884140014650000694e-01,1.299745082855224609e+00
9.180610179899999501e-01,9.850290417671203613e-01
6.569269895549999516e-01,1.162817239761352539e+00
8.252680301670000107e-01,1.004011034965515137e+00
4.257229864599999525e-01,1.119140625000000000e+00
9.114630222319999309e-01,8.170472383499145508e-01
7.238519787790000937e-01,1.146535992622375488e+00
9.657319784160000031e-01,9.415834546089172363e-01
7.194200158119999911e-01,1.120183348655700684e+00
7.146480083470000411e-01,9.575483798980712891e-01
6.188799738879999790e-01,1.022862434387207031e+00
8.502969741820000094e-01,9.485658407211303711e-01
6.113014817240000065e-01,1.083627581596374512e+00
8.405809998509999881e-01,8.809933066368103027e-01
5.909900069240000553e-01,1.056161522865295410e+00
1.191807866100000002e+00,8.814172744750976562e-01
1.072478055950000009e+00,1.279072403907775879e+00
7.976800203319999172e-01,1.141787052154541016e+00
7.140370011329999489e-01,1.041810989379882812e+00
8.885610103609999921e-01,1.061444163322448730e+00
7.367290258409999737e-01,1.171823978424072266e+00
9.655410051350000744e-01,1.006936311721801758e+00
8.569459915160000385e-01,1.139744400978088379e+00
5.838339924809999859e-01,1.049582481384277344e+00
3.047562122340000457e+00,9.157121777534484863e-01
8.865389823909999301e-01,2.466479063034057617e+00
1.186460971829999878e+00,9.916282296180725098e-01
8.750730156899999557e-01,1.624426484107971191e+00
1.111973047260000014e+00,1.494485139846801758e+00
6.929270029070000447e-01,1.577450633049011230e+00
5.632749795910000357e-01,1.091455101966857910e+00
5.519689917560000048e-01,1.041119933128356934e+00
9.211350083349998386e-01,9.899810552597045898e-01
5.465030074119999748e-01,1.148351669311523438e+00
9.997850060459999577e-01,8.265370130538940430e-01
7.512239813800000166e-01,1.154347538948059082e+00
8.402569890019999654e-01,9.678810238838195801e-01
7.843149900439999600e-01,1.076562643051147461e+00
5.915480256080000165e-01,1.032627582550048828e+00
6.109840273859999948e-01,9.378826618194580078e-01
9.328789710999999540e-01,9.507346153259277344e-01
7.992020249369999885e-01,1.119212150573730469e+00
9.833549857140000405e-01,9.828206300735473633e-01
5.405290126799999761e-01,1.124191045761108398e+00
1.093670010570000128e+00,8.619458675384521484e-01
9.266330003740002041e-01,1.269136071205139160e+00
7.972419857979999858e-01,1.082379460334777832e+00
5.896059870719999596e-01,1.036056876182556152e+00
7.799540162090000672e-01,9.342925548553466797e-01
5.182790160179999717e-01,1.081028461456298828e+00
7.263879776000000676e-01,8.581438064575195312e-01
6.216366887090000182e-01,9.944990873336791992e-01
8.810679912569999717e-01,8.879774212837219238e-01
7.315016984940000411e-01,1.061009287834167480e+00
9.703850150110000516e-01,9.414743185043334961e-01
8.715350031849999901e-01,1.129686355590820312e+00
5.505740046500000595e-01,1.051471114158630371e+00
2.576299905780000121e-01,8.966696858406066895e-01
6.952109932899999123e-01,7.605935931205749512e-01
3.547430038449999601e-01,1.035189867019653320e+00
1.308350920679999918e+00,7.194736599922180176e-01
1.424710035319999957e+00,1.306562542915344238e+00
2.422243118290000385e+00,1.267252087593078613e+00
1.588093161580000023e+00,1.922661542892456055e+00
2.882889986040000352e+00,1.423847675323486328e+00
1.510810017590000109e+00,2.484140157699584961e+00
5.103110075000000245e-01,1.597013235092163086e+00
6.637499928469999810e-01,1.240513086318969727e+00
5.865659713749999948e-01,1.409002542495727539e+00
9.182999730109998593e-01,1.175011515617370605e+00
1.126363039020000123e+00,1.162921309471130371e+00
9.455379843710000065e-01,1.169517040252685547e+00
7.979699969290000583e-01,1.066998600959777832e+00
8.895260095600000527e-01,1.052729010581970215e+00
5.017459988589999531e-01,1.161267399787902832e+00
7.889080047609999813e-01,9.071252942085266113e-01
5.571460127830000220e-01,1.100746273994445801e+00
8.079270124439998924e-01,8.842195272445678711e-01
7.382910251620000697e-01,1.043896079063415527e+00
6.742079854009999096e-01,9.537470936775207520e-01
8.787713646889999675e-01,9.407904148101806641e-01
7.401880025859999268e-01,1.070699810981750488e+00
8.886500000949999478e-01,9.744271636009216309e-01
7.983270287510000340e-01,1.084466218948364258e+00
5.137799978260000344e-01,1.021037101745605469e+00
7.760372757910000141e-01,8.778494000434875488e-01
8.528280258179999906e-01,1.063113689422607422e+00
7.851629853249999513e-01,1.063657879829406738e+00
8.431609868999999646e-01,1.001517891883850098e+00
1.024798870089999925e+00,1.055099368095397949e+00
8.044279813770001120e-01,1.175856947898864746e+00
8.841310143469999216e-01,1.029384613037109375e+00
3.615649938579999501e-01,1.120298624038696289e+00
1.171491026879999842e+00,7.978209257125854492e-01
4.477910101410000343e-01,1.335706830024719238e+00
7.665730118750000432e-01,7.642508149147033691e-01
7.735599875449999940e-01,1.054536581039428711e+00
1.054823040959999902e+00,1.004041433334350586e+00
7.843300104139999673e-01,1.182091712951660156e+00
1.034250974660000155e+00,9.703345298767089844e-01
1.096979022029999973e+00,1.195552945137023926e+00
7.633029818529999400e-01,1.211167454719543457e+00
5.883730053899999257e-01,1.021207213401794434e+00
6.365630030629999547e-01,9.673966169357299805e-01
5.750700235369999858e-01,1.008469939231872559e+00
5.399640202519999654e-01,9.154673814773559570e-01
1.324671149250000068e+00,8.575440645217895508e-01
8.178460001949999780e-01,1.314380049705505371e+00
6.359609961509999909e-01,9.313010573387145996e-01
8.135920166969999867e-01,9.507803320884704590e-01
9.872140288350000903e-01,1.118343591690063477e+00
9.839289784429998686e-01,1.183685421943664551e+00
5.904790163040000150e-01,1.113155841827392578e+00
8.986790180209999201e-01,8.987584114074707031e-01
6.268000006680000125e-01,1.156331419944763184e+00
6.926850080490000172e-01,9.348359107971191406e-01
5.757049918169999669e-01,9.871638417243957520e-01
6.764680147170000213e-01,8.898058533668518066e-01
8.279470205309999997e-01,9.591706991195678711e-01
6.547859907149999881e-01,1.015616893768310547e+00
1.085815548900000094e+00,8.971375226974487305e-01
8.509550094600001335e-01,1.187736272811889648e+00
8.879359960559999321e-01,1.012789964675903320e+00
6.557850241659999302e-01,1.092183351516723633e+00
6.597809791559999804e-01,9.659788608551025391e-01
8.856279850010000398e-01,1.005327463150024414e+00
7.502999901769999980e-01,1.104150652885437012e+00
9.303160309790000637e-01,9.751399755477905273e-01
7.259460091590000941e-01,1.096303701400756836e+00
7.123904824259998936e-01,9.719936847686767578e-01
9.326570034029998402e-01,1.007214188575744629e+00
6.544970273969999974e-01,1.133834600448608398e+00
4.987269937989999846e-01,9.404101371765136719e-01
9.782410264020000579e-01,8.833724856376647949e-01
5.593240261080000275e-01,1.179387211799621582e+00
8.733990192409999409e-01,8.460832238197326660e-01
6.232500076290000690e-01,1.081474781036376953e+00
6.319249868390000024e-01,8.999241590499877930e-01
8.335350155830000274e-01,9.468749761581420898e-01
8.613430261610000027e-01,1.047434329986572266e+00
1.036013007159999999e+00,1.039369583129882812e+00
6.160370111469999355e-01,1.145436882972717285e+00
9.874529838560001105e-01,9.062212109565734863e-01
6.686739921569999634e-01,1.210783839225769043e+00
6.455339789389999972e-01,9.575781226158142090e-01
1.007030010220000049e+00,9.790016412734985352e-01
7.763000130650000719e-01,1.175518393516540527e+00
9.358490109440000815e-01,9.913799762725830078e-01
6.626719832419999401e-01,1.114735245704650879e+00
1.113351941109999910e+00,9.479351043701171875e-01
5.495319962500000432e-01,1.260509610176086426e+00
9.273632764820001206e-01,8.494398593902587891e-01
8.215330243109999486e-01,1.154795765876770020e+00
9.193540215490000334e-01,1.043711900711059570e+00
6.899859905239998925e-01,1.129322171211242676e+00
6.497738957409999738e-01,9.696227312088012695e-01
9.705049991610000815e-01,9.836119413375854492e-01
8.034440279009998909e-01,1.162839770317077637e+00
8.920990228650002019e-01,1.005266547203063965e+00
7.462270259859999921e-01,1.077825546264648438e+00
1.495407462120000197e+00,9.971051812171936035e-01
7.597569823270000633e-01,1.480072855949401855e+00
9.677280187610000084e-01,9.770686626434326172e-01
1.126011013979999920e+00,1.262825012207031250e+00
7.641419768330000029e-01,1.345813035964965820e+00
1.423818945879999909e+00,1.101508975028991699e+00
8.309190273280000483e-01,1.508670687675476074e+00
5.316870212550000030e-01,1.081127285957336426e+00
6.942920088770000442e-01,9.952429533004760742e-01
1.097100019450000019e+00,1.112156748771667480e+00
8.623710274700000511e-01,1.274139881134033203e+00
9.711959958080000899e-01,1.015413761138916016e+00
7.501904964450000213e-01,1.132373452186584473e+00
5.659890174870000346e-01,1.022268533706665039e+00
7.235890030859999378e-01,9.442626237869262695e-01
1.088876962660000114e+00,1.030326604843139648e+00
2.614549994470000138e-01,1.192762851715087891e+00
1.923168003559999895e-01,6.362351775169372559e-01
2.048390060660000012e-01,7.245318889617919922e-01
3.752999901769999980e-01,7.178310155868530273e-01
1.878910064700000104e-01,7.445023655891418457e-01
4.178839921949999980e-01,5.430908203125000000e-01
6.128349900249999704e-01,7.124632000923156738e-01
4.822100102900000462e-01,8.029640913009643555e-01
8.136649727820000066e-01,7.201890349388122559e-01
8.997989892959999958e-01,9.611757397651672363e-01
7.667459845540000041e-01,1.002595901489257812e+00
6.762999892229999421e-01,9.472898244857788086e-01
9.804093837739999984e-01,9.495888352394104004e-01
1.075533032420000090e+00,1.163972854614257812e+00
6.459739804270000496e-01,1.181773543357849121e+00
7.601699829100000416e-01,9.251691699028015137e-01
8.707180023190000950e-01,1.077014446258544922e+00
1.045557022089999899e+00,1.122335314750671387e+00
4.832339882850000268e-01,1.182616591453552246e+00
1.085988998409999962e+00,8.165987730026245117e-01
7.320979833600000930e-01,1.273711442947387695e+00
7.128990292550000385e-01,9.724441766738891602e-01
1.045389056210000112e+00,1.004179596900939941e+00
7.359200119969999676e-01,1.189804911613464355e+00
8.956930041310000590e-01,9.742395877838134766e-01
8.745509982110000191e-01,1.102632761001586914e+00
9.237470030779999508e-01,1.079971432685852051e+00
9.997780323029999971e-01,1.115632057189941406e+00
1.739534020420000049e+00,1.149181962013244629e+00
8.107889890670000321e-01,1.609598875045776367e+00
7.049050331119999235e-01,1.004183411598205566e+00
8.328269720080000438e-01,1.136334419250488281e+00
8.276600241660000412e-01,1.230338811874389648e+00
8.953109979629999549e-01,1.139457702636718750e+00
1.459501028060000039e+00,1.094663500785827637e+00
1.179519057270000060e+00,1.421684741973876953e+00
1.443411946299999915e+00,1.211954355239868164e+00
1.306735038760000078e+00,1.455952405929565430e+00
7.634999752040000365e-01,1.386978626251220703e+00
1.145148038860000161e+00,1.117684483528137207e+00
7.253450155259999477e-01,1.406045913696289062e+00
7.633590102199999672e-01,1.061723709106445312e+00
6.174820065499999622e-01,1.086938381195068359e+00
1.029322981830000039e+00,9.603596925735473633e-01
1.302055954929999926e+00,1.208860039710998535e+00
3.164124965670000122e+00,1.284335494041442871e+00
9.734439849849999549e-01,2.397437572479248047e+00
1.229671001429999855e+00,9.842901229858398438e-01
7.441530227660000385e-01,1.602759122848510742e+00
1.063034057620000139e+00,1.321300029754638672e+00
1.123872041700000102e+00,1.469427585601806641e+00
8.984770178789999173e-01,1.276684999465942383e+00
7.175139784810000698e-01,1.119858503341674805e+00
5.367509722709999931e-01,1.038901567459106445e+00
1.175443053249999981e+00,9.602062106132507324e-01
1.101048946379999949e+00,1.325009584426879883e+00
5.734490156170000130e-01,1.151650428771972656e+00
1.431144952770000200e+00,8.665187954902648926e-01
1.037794947620000130e+00,1.486877202987670898e+00
6.568620204930000206e-01,1.159027934074401855e+00
1.074908018110000141e+00,9.925522208213806152e-01
1.385972023009999887e+00,1.300741791725158691e+00
1.004804968829999812e+00,1.422297835350036621e+00
1.609539985660000116e+00,1.124104022979736328e+00
2.817575931549999524e+00,1.570597648620605469e+00
1.962562561039999931e+00,2.273106575012207031e+00
1.279752016069999998e+00,1.685828089714050293e+00
1.995329976079999845e+00,1.521958351135253906e+00
2.033385992049999924e+00,2.148453235626220703e+00
1.307443976400000096e+00,2.016493558883666992e+00
1.611258029939999892e+00,1.475502729415893555e+00
2.040218114850000042e+00,1.765126705169677734e+00
2.183244943620000100e+00,1.990208506584167480e+00
1.351415991779999937e+00,1.976146221160888672e+00
7.242180109020001089e-01,1.477450013160705566e+00
1.363389015200000109e+00,1.276276111602783203e+00
1.526808977129999967e+00,1.707056879997253418e+00
1.784019589419999940e+00,1.588680863380432129e+00
1.103597044940000105e+00,1.633349061012268066e+00
1.763007998470000004e+00,1.247514963150024414e+00
1.157549023629999896e+00,1.813187122344970703e+00
1.153326034550000045e+00,1.365949988365173340e+00
2.362811088559999551e+00,1.435530662536621094e+00
2.580787897110000007e+00,2.124063968658447266e+00
1.242146968839999976e+00,2.105779647827148438e+00
1.712821006770000265e+00,1.341243863105773926e+00
6.676509976389999323e-01,1.939618587493896484e+00
8.271329998970000652e-01,1.260193586349487305e+00
9.642647504810000214e-01,1.360165596008300781e+00
1.394161701200000048e+00,1.265230536460876465e+00
7.584049701689999923e-01,1.435691237449645996e+00
6.900759935379999765e-01,9.637712836265563965e-01
6.740249991419999809e-01,1.064730286598205566e+00
8.615220189090000424e-01,1.065210461616516113e+00
7.907469868659999790e-01,1.130658388137817383e+00
7.285000085830000138e-01,1.009779095649719238e+00
2.411980032920000017e-01,9.859300851821899414e-01
3.354600071909999981e-01,7.032653689384460449e-01
5.912460088730000507e-01,8.075072765350341797e-01
1.058426976200000036e+00,8.902440667152404785e-01
7.669919729230000316e-01,1.094453454017639160e+00
5.881239771840000019e-01,8.686150312423706055e-01
5.922303199769999305e-01,8.747748732566833496e-01
8.753510117530000079e-01,9.387893080711364746e-01
7.038279771799998974e-01,1.098291516304016113e+00
5.677499771120000371e-01,9.205257296562194824e-01
7.133870124819999825e-01,8.723534941673278809e-01
1.077505946160000061e+00,9.921740293502807617e-01
6.909419894220000247e-01,1.186371922492980957e+00
7.724580168719999973e-01,9.104964733123779297e-01
7.237120270730000859e-01,1.046257853507995605e+00
9.752489924429997847e-01,1.019099116325378418e+00
9.151769876480000399e-01,1.162282705307006836e+00
7.574009895319999686e-01,1.068319082260131836e+00
6.912069916730000374e-01,1.000779151916503906e+00
1.183527946470000147e+00,9.966279268264770508e-01
7.705749869349999281e-01,1.298039078712463379e+00
8.947700262070000798e-01,9.762265086174011230e-01
6.143350005150000070e-01,1.123755455017089844e+00
7.692319750789999855e-01,9.631197452545166016e-01
9.070749878880000061e-01,1.092951416969299316e+00
4.068099856379999713e-01,1.109727740287780762e+00
5.138880014419999753e-01,7.919314503669738770e-01
2.481469959019999838e-01,9.252592325210571289e-01
2.568759918210000159e-01,7.284182906150817871e-01
5.980659723279999618e-01,7.122729420661926270e-01
5.981699824330000137e-01,8.585029840469360352e-01
8.801140189170000294e-01,7.973882555961608887e-01
1.085649013520000095e+00,9.739389419555664062e-01
9.920129775999999566e-01,1.103248715400695801e+00
8.743849992749999078e-01,1.078484892845153809e+00
8.770260214810000621e-01,1.077219247817993164e+00
1.008928894999999937e+00,1.133336186408996582e+00
8.088759779930000393e-01,1.201828002929687500e+00
6.714209914210000907e-01,1.066077947616577148e+00
7.449629902840000373e-01,1.020296335220336914e+00
6.942679882050000195e-01,1.078440785408020020e+00
1.001886010170000008e+00,1.004678010940551758e+00
7.935580015180000446e-01,1.162528634071350098e+00
8.450049161910000439e-01,9.962160587310791016e-01
8.031240105629999793e-01,1.073453545570373535e+00
5.744469761850000689e-01,1.057634711265563965e+00
5.679720044139999757e-01,9.353464841842651367e-01
4.538080096239999195e-01,9.465233683586120605e-01
8.494881391529999215e-01,8.484457731246948242e-01
4.064599871639999473e-01,1.062375187873840332e+00
2.453519999980000310e-01,7.228717207908630371e-01
2.323218107220000217e+00,6.961153745651245117e-01
2.027115583420000089e+00,2.013980627059936523e+00
1.581117987629999888e+00,1.623744845390319824e+00
1.727049946780000012e+00,1.539771676063537598e+00
1.150642037389999928e+00,1.893826007843017578e+00
1.607933998109999818e+00,1.636331081390380859e+00
1.331233978270000007e+00,1.922115325927734375e+00
1.221642017359999999e+00,1.619062185287475586e+00
1.583541989330000010e+00,1.556658744812011719e+00
1.608662128450000006e+00,1.763117194175720215e+00
2.185653924939999992e+00,1.727224111557006836e+00
2.989559888840000124e+00,2.087772846221923828e+00
7.574499845500000106e-01,2.550291061401367188e+00
1.811344027520000122e+00,1.196057915687561035e+00
1.527951955800000094e+00,2.225409746170043945e+00
8.892235755919999374e-01,1.868410706520080566e+00
