9.717460274700000511e-01,1.166534398481395174e+00
1.176299691200000108e+00,9.650463194317426829e-01
1.714609026910000056e+00,1.118990523459953534e+00
1.307337045669999975e+00,1.434994885292872890e+00
6.186890006069999393e-01,1.186083058669417989e+00
2.298435926440000276e+00,7.304734444287894757e-01
1.808241009709999902e+00,1.744745296883654317e+00
8.794149756429999742e-01,1.510712577234362808e+00
1.570945024490000064e+00,8.964878361658084049e-01
1.578516006470000121e+00,1.377160326562176573e+00
6.200309991839999535e-01,1.427750436615839558e+00
9.928810000419999726e-01,7.445961881634530766e-01
4.551869928839999413e-01,9.237117763558322370e-01
1.017398953439999865e+00,6.659305612364528892e-01
8.378469943999999892e-01,9.819922906780983451e-01
4.884769916529999589e-01,8.860191642771051423e-01
1.246340990070000210e+00,6.682802433283252519e-01
1.209630966189999990e+00,1.097816581539158065e+00
1.252451062200000020e+00,1.142847090802513454e+00
1.519726991650000025e+00,1.178917973069942837e+00
1.063797950739999942e+00,1.363107965794045251e+00
1.571495056150000069e+00,1.076579660014863604e+00
1.278105020519999968e+00,1.341695629038862192e+00
1.192077994349999948e+00,1.166005972164652738e+00
8.304439187050000060e-01,1.107610113208132852e+00
1.402015686039999931e+00,9.063845939058460255e-01
1.156504034999999986e+00,1.225456742705473889e+00
1.162554860120000200e+00,1.043369789674027936e+00
6.007519960399999581e-01,1.054404517267301555e+00
1.253835797310000055e+00,7.225160125209867390e-01
1.791844010350000183e+00,1.131722523303460681e+00
1.734062552449999961e+00,1.466178817304516935e+00
4.939970970150000085e+00,1.495393169987246695e+00
2.394351005549999911e+00,3.615169221476878914e+00
2.212575912479999740e+00,1.643773106653006133e+00
1.886527061460000043e+00,1.953230142644731382e+00
9.343829751010001017e-01,1.774351231095837367e+00
9.099829792980000942e-01,1.115234599107316704e+00
8.112999796870000724e-01,9.585415769041136791e-01
1.049708962440000004e+00,8.174304803721160750e-01
1.351788043980000076e+00,9.876212370757901926e-01
1.277305960659999906e+00,1.211352357033843807e+00
7.854449748989998925e-01,1.127698589555029107e+00
4.846229851250000165e-01,8.229632717462644909e-01
6.676359772680000582e-01,6.099887739524477714e-01
8.322510123249999836e-01,7.416009010767670162e-01
5.959370136259999340e-01,8.729653345461209080e-01
3.410890102390000123e-01,7.310776281260538134e-01
6.860110163689999707e-01,5.525545486537618567e-01
8.153510093690000682e-01,7.361231173118759630e-01
3.985430002210000322e-01,8.523402221726327221e-01
6.998159885410000225e-01,6.128579171081703914e-01
4.263690114019999533e-01,7.623828979459934541e-01
6.866139769550000382e-01,5.807147120129813045e-01
1.826770007609999913e-01,7.214652632316500558e-01
7.018824815749999946e-01,4.892202578908014243e-01
1.796682000159999681e+00,7.590463114478959161e-01
7.204269766809999753e-01,1.278836358877341928e+00
4.680640101429999755e-01,6.966431394998815474e-01
6.408870220180000743e-01,5.573093706876134368e-01
7.520520091060001189e-01,6.597847015064630671e-01
1.001817584040000098e+00,8.454838931646648792e-01
1.660804033279999814e+00,1.008650705587784469e+00
1.450595021250000061e+00,1.398440190006309036e+00
1.085010051729999869e+00,1.347499340029088888e+00
1.099555015560000015e+00,1.051855621307486999e+00
7.694180011750000325e-01,1.041530763225426481e+00
1.254430413249999932e+00,8.276124767177327479e-01
1.496320962910000052e+00,1.143112882490254778e+00
7.186369895940000196e-01,1.285997938485253123e+00
8.902019858359999649e-01,7.561746240700919497e-01
9.891759753229999452e-01,8.388246126486380572e-01
2.849014520649999938e+00,9.811616474558230161e-01
4.281075000759999583e+00,2.268600864533508066e+00
1.248739004139999942e+00,3.030877934977019184e+00
7.096589803699999699e-01,1.277987237979373969e+00
7.497439980509998936e-01,7.542152105884335489e-01
8.907449841499999188e-01,7.575237627478725866e-01
1.469527959819999952e+00,9.563231923341964924e-01
1.608888030049999918e+00,1.310046911177185081e+00
1.043460965159999976e+00,1.100792536482326112e+00
1.184751033780000018e+00,9.582547627130998391e-01
5.063725113870000127e-01,1.057549667997251586e+00
6.946156024930000283e-01,6.469642247043432270e-01
9.299110174179998634e-01,7.925165354495845582e-01
7.754629850390000190e-01,9.153071717925276296e-01
8.564696311949999696e-01,8.416038247475964296e-01
9.269009828569999554e-01,8.797008538206905204e-01
7.506660223010001021e-01,8.841401223038410917e-01
9.248849749570000611e-01,7.945297444933279163e-01
1.070162653919999984e+00,8.829656118594536585e-01
8.752880096439998869e-01,1.000305987140156283e+00
7.511039972310000756e-01,8.374572125930682676e-01
8.627579808239999037e-01,7.577863879448166751e-01
5.096570253369999692e-01,8.532309170814110777e-01
8.495249748229999343e-01,6.513848852908030729e-01
6.711369752879999817e-01,8.604182392690363779e-01
6.132180094720000030e-01,7.563898001302339358e-01
3.810549974440000098e-01,6.676225004645961469e-01
8.710420131680000067e-01,5.501271280255568552e-01
6.540319919589999698e-01,8.608433825945975837e-01
9.089673757550000843e-01,7.542522486186640229e-01
9.709029793739999414e-01,9.047287745190264463e-01
9.856920242310001079e-01,9.212638543400523128e-01
1.356256246570000101e+00,9.302715993116213999e-01
1.309872984889999925e+00,1.183351474027471539e+00
6.344919800760000506e-01,1.134432627959518936e+00
5.933508276940000492e-01,6.996234305767257133e-01
8.796380162239999523e-01,6.394966326142768054e-01
1.131836414339999930e+00,8.809134677552531434e-01
1.841274023059999765e+00,1.074778448962520283e+00
2.261745929719999992e+00,1.519134335053679674e+00
2.597975969309999744e+00,1.856582602983471553e+00
2.399192094800000064e+00,2.166902575014179266e+00
1.982298016549999931e+00,1.994416665693727886e+00
2.269547939300000206e+00,1.705724192362149561e+00
2.017889976500000238e+00,1.926516694336382063e+00
1.452262043950000026e+00,1.643508202576481114e+00
1.342797994609999934e+00,1.208722194861201693e+00
1.311915040020000145e+00,1.175229656145061030e+00
1.276762008670000226e+00,1.177714446619108513e+00
1.275267004970000118e+00,1.201118372905842779e+00
1.210446000100000141e+00,1.164659915884378449e+00
8.153480291369999966e-01,1.138621205753421517e+00
7.271119952200000291e-01,8.390848594599398247e-01
6.043019890790000126e-01,7.634069340418140337e-01
9.830358624459999417e-01,7.140708906182025029e-01
1.101529002189999940e+00,9.349106464227666669e-01
1.183724999429999869e+00,9.758050345123406855e-01
4.356400072569999726e-01,1.087640356110763928e+00
3.270040154459999959e-01,6.308377999027903194e-01
8.039849996569999879e-01,5.470929539695519317e-01
4.216859936710000145e-01,8.068929991574531613e-01
5.734559893609999515e-01,6.230937847145272546e-01
3.959457874300000291e-01,6.961339801346173584e-01
4.163750112060000119e-01,6.013355100265309616e-01
5.603970289230000290e-01,5.802573412807321418e-01
7.749050259590000156e-01,6.795746184545713442e-01
6.370840072629999629e-01,8.168786325794987757e-01
3.839260041709999793e-01,7.466743236896216107e-01
5.648739933969999516e-01,5.823764948511163109e-01
1.054715037350000051e+00,6.626895574557164492e-01
6.537709832190000681e-01,1.008688368368468646e+00
5.931029915809999942e-01,7.615321071040767054e-01
1.022608995439999946e+00,7.018723012816208140e-01
8.359869718549999273e-01,9.685981437863845356e-01
6.375340223309999832e-01,8.936465968823170680e-01
9.755985140799999789e-01,7.572244147942457371e-01
4.898079931740000337e-01,9.567678247905511135e-01
1.098647952079999879e+00,6.465685494966664226e-01
1.151165962220000116e+00,1.018178867695346268e+00
8.061249852179999120e-01,1.095412540372475707e+00
4.744769930839999872e-01,8.712018048665047809e-01
7.896029949189999897e-01,6.522032492496930844e-01
4.762530028819999539e-01,8.291350016264964484e-01
5.455229878430000179e-01,6.358034361851139238e-01
6.212809681889999158e-01,6.630939219509136562e-01
7.707700133319999036e-01,7.293966014939446962e-01
9.337069988249999675e-01,8.173006971405465393e-01
8.110550045970000843e-01,9.090357225884591053e-01
6.005529761310000048e-01,8.115508324378666316e-01
1.002521038060000036e+00,7.039911443279899261e-01
8.921650052069998171e-01,9.710589279074117730e-01
9.160850048070000584e-01,9.004723763474705711e-01
7.413420081139999729e-01,9.259943161714097037e-01
9.283249974250000758e-01,8.354487179195455582e-01
6.429409980770000033e-01,9.363293949500388624e-01
9.950090050700001187e-01,7.164664996026589572e-01
6.271365880970000140e-01,9.557956432173199124e-01
1.038689017300000073e+00,7.394147217377489145e-01
6.888009905820000611e-01,9.744687547217829593e-01
5.214130282399999095e-01,7.880454627775869136e-01
6.510270237919999481e-01,6.764933336548718534e-01
1.159701943399999990e+00,7.058907872409083684e-01
6.456400156020000169e-01,1.062290069531743653e+00
1.195862650870000099e+00,7.523794423063799863e-01
1.304703950880000018e+00,1.066802315524496336e+00
8.844429850579998975e-01,1.152428575798790211e+00
7.697709798810000725e-01,8.604413095313754312e-01
7.702100276950000213e-01,7.772772355446448955e-01
6.418280005459999771e-01,7.873182635946471830e-01
8.937159776689999058e-01,7.775159578344092992e-01
5.247250199319999364e-01,8.680100080090591419e-01
5.142210125920000374e-01,6.620745020295517591e-01
7.172748446459999982e-01,6.385529386706532140e-01
6.410769820210000525e-01,7.847472551497206572e-01
4.689820110800000941e-01,6.686049433439907874e-01
1.203750014310000171e+00,5.817695002159989359e-01
7.911959886550000709e-01,1.048156573385355284e+00
1.136301159859999910e+00,8.284004366908809258e-01
8.642929792399999256e-01,1.034252428773279053e+00
8.814030289650001126e-01,8.335508742657482539e-01
5.817409753800000249e-01,8.538954616336835723e-01
8.651199936869999885e-01,6.841992887712619043e-01
9.078124761579999813e-01,9.117915963303842020e-01
7.377740144730000615e-01,9.253537673395981766e-01
1.120375037189999867e+00,7.962254982913805623e-01
9.422479867940000142e-01,1.065015999563103000e+00
1.060060024260000011e+00,9.859373152704468124e-01
7.158420085910000008e-01,1.033366991168559679e+00
4.040209949019999969e-01,8.128884369484319361e-01
2.920779883859999648e-01,6.095137432383700427e-01
6.317924261089999938e-01,5.290781064671208345e-01
1.124665260310000026e+00,7.204434369780495784e-01
1.115690946580000009e+00,1.048089957834906327e+00
1.247418999670000028e+00,1.049516765949494168e+00
6.976169943809999996e-01,1.135402146003181123e+00
3.693974971769999893e+00,8.085771951463872620e-01
8.204839825630000361e-01,2.807531797986160704e+00
8.573070168499999921e-01,5.958525273389697618e-01
6.902359724040000311e-01,8.907858527694662021e-01
8.385969996449998964e-01,7.604596814349059430e-01
1.287726998329999928e+00,8.521500953976700599e-01
9.632229804989999034e-01,1.232060646710876117e+00
1.343299984930000024e+00,8.733050215287052609e-01
7.316169738770000874e-01,1.181293424938921754e+00
6.809219717980000697e-01,7.854056115234233637e-01
7.014784216880000089e-01,7.735783967044850273e-01
6.698030233380000142e-01,7.989870462192659728e-01
1.365643024439999964e+00,7.500408065030667037e-01
9.781420230869999344e-01,1.200643247638683908e+00
6.786789894100000442e-01,9.558207780183085589e-01
5.976330041890000055e-01,7.347547404123251358e-01
8.193774819369999962e-01,6.746709943953085320e-01
7.911109924320000042e-01,8.287364289915150062e-01
1.044147372249999872e+00,8.103432273574724398e-01
1.400015950200000026e+00,9.746664853283284469e-01
8.748620152470000244e-01,1.202657699670589331e+00
6.228179931639999944e-01,9.017233042815426813e-01
7.164059877399998610e-01,7.015056581059264662e-01
6.523500084880000660e-01,7.925932002128774911e-01
9.379299879070001067e-01,7.551913496753136501e-01
5.936999917030000296e-01,9.290471509478224199e-01
5.393440127369999448e-01,7.196426611210121616e-01
9.370089769359999377e-01,6.680014899509639781e-01
8.087720274930000341e-01,9.071983079115165660e-01
5.654280185700000239e-01,8.480164155119778169e-01
6.020820140839999723e-01,6.956271719228879213e-01
1.146679997439999932e+00,7.214712618027044888e-01
9.824249744419999431e-01,1.041261874196467874e+00
5.671510100359999917e-01,9.532597500483852571e-01
7.866399884220000027e-01,6.927301156768198576e-01
7.388439774510000557e-01,8.312892592541903936e-01
6.810299754140000106e-01,8.146992169925046934e-01
7.086979746820000203e-01,7.642619224687814405e-01
6.642330288889999323e-01,7.893265948609922145e-01
5.124790072439999733e-01,7.686326797865089544e-01
6.040380001070000393e-01,6.484604468032788560e-01
6.728799939159999521e-01,6.894819321905897302e-01
8.265414834020000656e-01,7.588015431272722155e-01
4.546860158440000355e-01,8.510435228243490302e-01
5.594509840010000179e-01,6.265167615125049050e-01
1.332218050960000122e-01,6.493990515898658833e-01
1.633069962260000063e-01,4.447181007754270055e-01
1.797860413789999778e-01,4.409468880571272287e-01
5.747918486599999932e-01,4.642261406714093819e-01
8.508148789409999413e-01,6.631031089479691998e-01
8.527640104289999634e-01,8.768337145512044017e-01
1.687628030779999788e+00,9.050679294053940449e-01
2.149522066120000297e+00,1.500728886141121654e+00
8.122850060459999577e-01,1.684085439260479822e+00
1.239639997479999867e+00,8.553690444611112831e-01
2.128437280650000041e+00,1.081451084619686087e+00
2.139239072800000141e+00,1.842854995602901225e+00
9.779880046840000452e-01,1.687819841235045137e+00
6.937779784199998856e-01,9.587396811801279783e-01
7.218790054320000094e-01,7.221147515624706248e-01
7.631160020829999002e-01,7.788241578181911429e-01
8.565329909319999713e-01,8.366553426166161156e-01
1.109338045120000116e+00,8.900579801232889610e-01
6.476340293879999654e-01,1.045132011992884191e+00
9.241870045659998922e-01,7.674239697692617490e-01
7.877320051189998784e-01,9.004425251232165417e-01
1.305567026139999864e+00,8.295176740029268636e-01
9.107710123059999940e-01,1.170710357450595929e+00
8.699640035629999657e-01,9.211515336032379819e-01
5.743020176890000217e-01,8.673782217511158965e-01
8.599532246590000373e-01,7.130110684352374273e-01
4.775849878790000003e-01,8.843831139714404266e-01
1.108017444610000179e+00,6.364425709357872663e-01
1.290724992749999966e+00,1.030827327216968348e+00
8.591579794879999898e-01,1.077511142468988714e+00
3.058980107309999807e-01,8.759106652860479958e-01
9.039019942279999942e-01,5.167199892142514406e-01
6.352750062940000220e-01,8.835522234828226962e-01
1.023422956470000145e+00,7.692565621098926831e-01
6.730669736859999919e-01,9.925104485846820701e-01
8.504790067669999454e-01,7.613198508811542808e-01
5.141969919200000128e-01,8.644819287556870790e-01
1.527956604959999964e+00,6.697654419514753599e-01
4.094385623930000051e+00,1.333847151242762319e+00
9.952359795569999390e-01,2.874843067777987038e+00
8.670449852940000923e-01,7.870989767319674923e-01
1.141056060789999993e+00,9.512020251931511128e-01
1.622257947919999888e+00,1.113605959907804310e+00
1.980204939840000566e+00,1.492466752916878026e+00
1.375547051430000112e+00,1.750327342200902692e+00
1.851865053180000054e+00,1.269103277234782778e+00
1.420923948290000016e+00,1.513629644147541642e+00
1.589177966120000285e+00,1.272689658642329302e+00
1.673199415210000041e+00,1.395986811990013843e+00
2.123934030530000072e+00,1.489098207679992569e+00
1.648401975629999905e+00,1.598719395684820466e+00
1.204741954800000014e+00,1.406101426830788093e+00
7.920839786529999538e-01,1.103960517010850184e+00
1.227027416229999890e+00,8.347652373564228290e-01
1.226951003070000157e+00,1.170845570286161541e+00
1.131343960759999989e+00,1.138575960953644106e+00
1.252465009690000075e+00,1.094134967813995996e+00
1.116891980170000132e+00,1.188327019091315995e+00
1.122387051579999850e+00,1.080356310606658710e+00
1.040153026579999862e+00,1.082054290635766192e+00
8.091310262680000420e-01,1.025299829424331843e+00
7.681059837340000751e-01,8.526139823378785509e-01
7.982919812199998910e-01,8.194626299057863328e-01
7.666722536090000428e-01,8.598723552716579510e-01
1.057360053060000027e+00,8.251990264384588825e-01
8.607699871060000563e-01,1.009097622596033084e+00
1.070777058600000053e+00,9.066660252753173665e-01
5.301510095600000527e-01,1.044222009669159679e+00
6.604189872739999467e-01,7.038594509631992402e-01
9.909179806709998983e-01,7.304555409847658387e-01
3.561530113220000016e-01,9.491546411355802348e-01
9.618239998820000691e-01,5.767930703544893456e-01
1.244829058649999931e+00,9.159701724301828607e-01
8.381230235100001202e-01,1.169832803149073008e+00
9.245989918709998090e-01,8.683491660730845441e-01
8.131660223010001021e-01,9.204323068109397932e-01
1.003061056139999963e+00,8.764210688771137958e-01
8.752340078350000496e-01,9.742487999947115895e-01
7.991399765009998823e-01,9.126023590088597759e-01
8.812961578369999938e-01,8.622121991250439876e-01
1.063080191609999892e+00,9.223874343523522645e-01
9.057049751279999672e-01,1.044215018013030960e+00
6.909559965129999926e-01,9.168966505818759716e-01
1.355970025060000195e+00,7.810208953200683535e-01
7.572399973869999856e-01,1.209483229135775106e+00
2.043754577640000125e+00,8.372457285006271732e-01
8.576130270960000690e-01,1.691256556339466588e+00
2.364957094190000220e+00,8.241035411023711621e-01
4.179231166840000178e+00,1.929974415056310288e+00
2.233561992649999883e+00,3.453784980986663200e+00
8.013390302660000630e-01,2.003314044897680724e+00
8.372840285299999463e-01,8.446636022025492130e-01
8.851529955859999133e-01,8.218273008908710819e-01
9.040349721909999303e-01,9.802163948056495935e-01
1.302939534190000082e+00,9.294709530943034981e-01
7.228699922560000157e-01,1.186042263876654124e+00
8.009120225910000279e-01,8.036383916314867593e-01
1.032919287679999965e+00,8.097146204244793921e-01
1.321628212929999879e+00,1.009107054544810644e+00
9.367759823799999275e-01,1.196992424831578639e+00
7.007700204850000336e-01,9.466002544155813769e-01
7.624319791789999634e-01,7.459034323883372286e-01
1.144938945770000105e+00,7.949438674279182271e-01
7.721610069269999599e-01,1.101683253412693020e+00
8.772150278090000697e-01,8.357590876164239235e-01
1.243505001070000171e+00,8.898752656396414773e-01
6.381840109830000385e-01,1.158266410110199152e+00
7.468199729919999807e-01,6.794682505679993101e-01
6.839929819109999976e-01,7.413457531330881478e-01
1.419505119320000119e+00,7.416123264293856820e-01
6.141470074649999500e-01,1.274807352481808209e+00
7.347676754000000976e-01,7.133914909354803768e-01
6.770560145379999062e-01,7.365858353366114830e-01
1.074026942249999950e+00,7.413607694788098001e-01
6.156389713290000287e-01,1.022373378684999334e+00
9.692379832269999440e-01,7.473525640851091945e-01
9.916120171550001361e-01,9.499614948178163321e-01
8.089560270310000023e-01,9.944857856398254814e-01
2.435143947599999859e+00,8.777186261962356406e-01
8.223479986189999869e-01,1.826450434466844186e+00
5.938220024110000272e-01,8.275364596670234940e-01
5.762249827380000466e-01,6.445825151326127767e-01
4.224239885809999429e-01,6.224184297461650139e-01
6.765879988670000511e-01,6.333943837713319480e-01
5.520349740979999531e-01,7.464485446653590373e-01
9.015229940410001142e-01,6.796623257660553419e-01
7.489960193629999763e-01,8.992341773549230588e-01
8.627583980560000754e-01,8.042059731745162532e-01
9.480749964710000199e-01,8.696210524252413476e-01
1.055613875389999956e+00,9.018880417030051833e-01
1.970020055770000278e+00,1.015727571379959393e+00
9.391199946399999554e-01,1.564126012335889770e+00
1.009042978289999892e+00,9.186533245963618421e-01
7.824029922490001177e-01,9.272137345216822091e-01
1.016265034679999957e+00,8.594957601770920608e-01
8.782749772069999850e-01,1.005004414957919590e+00
7.353619933130000064e-01,9.085067280272202117e-01
1.109990954399999952e+00,8.090394691911310110e-01
7.727199792860000027e-01,1.046405402420257813e+00
1.164981961250000086e+00,8.634023624486139026e-01
7.157210111620000426e-01,1.103685573757422267e+00
1.475479006770000101e+00,7.866661915236630165e-01
8.354520201680000202e-01,1.265790009698380514e+00
7.344660162930000125e-01,8.732349037997203522e-01
7.861927747729999805e-01,7.771251230997521242e-01
1.143465042110000107e+00,8.521201701330202161e-01
9.246990084650000830e-01,1.035477586575826114e+00
2.958764553069999970e+00,9.412710609888699231e-01
2.138324022289999959e+00,2.357738801422673447e+00
2.038712024690000124e+00,1.599359602832032934e+00
1.480209946629999829e+00,1.694372330836382057e+00
9.367650747299998137e-01,1.306668487235116194e+00
1.715939760209999942e+00,9.867526529107092381e-01
1.001402020450000041e+00,1.459104670231917700e+00
8.896229863169999863e-01,9.637908579568470469e-01
7.492939829829999843e-01,8.819477400702100400e-01
1.115183949470000213e+00,8.238399371892435319e-01
9.457820057870001129e-01,1.060879765464598723e+00
6.452180147170000213e-01,9.068184025217982391e-01
1.164842009540000056e+00,7.146147023112070507e-01
1.244351029399999975e+00,1.085304826706122938e+00
9.045109748840000075e-01,1.173585106865806527e+00
5.575259923929999362e-01,9.359889299676713570e-01
5.778343677520000332e-01,6.743319872732583820e-01
7.199835777280000348e-01,6.572880446368781771e-01
7.607790231700000128e-01,7.354874931876580479e-01
5.404400229450000426e-01,7.754596022873084804e-01
8.009672760959999360e-01,6.497311261540869021e-01
7.710149884220000027e-01,8.078953848630635592e-01
6.709719896319999988e-01,7.766364916041593736e-01
2.768970489500000021e+00,7.233763133507912224e-01
3.086133003230000060e+00,2.125378705761919562e+00
1.116358041760000086e+00,2.222323317029017975e+00
1.018260955809999979e+00,1.038491158075898424e+00
7.442610263819999794e-01,9.737566073425757418e-01
1.114386796949999869e+00,7.849678040883072416e-01
1.380516409870000238e+00,1.033408643771502655e+00
1.229098439219999950e+00,1.186152622268487500e+00
1.573238968849999919e+00,1.077821081687691418e+00
1.245597958560000107e+00,1.311139332463995499e+00
8.298619985580000247e-01,1.105532312846551957e+00
5.376980304720000436e-01,8.137242931772799004e-01
8.593800067899999284e-01,6.398740038089743010e-01
7.949647903440000274e-01,8.565177267833332664e-01
8.122889995569999577e-01,8.372524961343021932e-01
1.209460973739999945e+00,8.004346507333715000e-01
1.043611049649999956e+00,1.107978200696310367e+00
9.914460182190000248e-01,1.024162231148767921e+00
1.377645969390000058e+00,9.747123699643608363e-01
7.495359778399999229e-01,1.244992924713253624e+00
7.549669742579999676e-01,8.235386035127301163e-01
8.522210121150000095e-01,7.890399490091457579e-01
1.312628030780000010e+00,8.761456553351740784e-01
9.499999880790001017e-01,1.175323830217048782e+00
8.433979749680000637e-01,9.377728546689029221e-01
6.329939961430000039e-01,8.644041743948446266e-01
6.848490238189999246e-01,7.357229915465852699e-01
8.296039700509999504e-01,7.366811283066403426e-01
1.117776036259999994e+00,8.517306529823651662e-01
1.060515046120000138e+00,9.899849322825717834e-01
9.966710209849999336e-01,9.705693797390814170e-01
6.726049780850000825e-01,9.594561671529511226e-01
8.499810099600000335e-01,8.015829838547356978e-01
7.929700016980000266e-01,8.471809128799090427e-01
7.509549856190000927e-01,8.343396407754353206e-01
9.556260704989999466e-01,8.107033534331059554e-01
6.085839867589999397e-01,9.603885040313057120e-01
7.782499790189999489e-01,7.365604446833071695e-01
5.098140239720000411e-01,8.062773137904989396e-01
6.364319920540000286e-01,6.501812839155445278e-01
6.015599966049999248e-01,7.062135602121744071e-01
6.556333899499999784e-01,7.119155393143189459e-01
6.385549902920000243e-01,7.308116038476468734e-01
8.762890100480000832e-01,7.060213990394859085e-01
7.967479825020000739e-01,8.590854074616408598e-01
6.824830174449999509e-01,8.285434533429870685e-01
8.025500178340000401e-01,7.498283630808996181e-01
7.950311899190000142e-01,8.351069210989263691e-01
1.584897041320000088e+00,8.310308772904493324e-01
1.017485976220000143e+00,1.310680690552366467e+00
9.177780151369999695e-01,9.949171053730592185e-01
1.230221033100000083e+00,9.074786007389504805e-01
1.027899026870000121e+00,1.090095658239229826e+00
9.125559926030000213e-01,9.883892653517909466e-01
7.935979962350000472e-01,9.060565265263605950e-01
1.030437946320000187e+00,8.147509450748303683e-01
5.325379967690000438e-01,9.782669361314957346e-01
6.127780079839999505e-01,6.634655525638795126e-01
8.741289973260000234e-01,6.821466758454712842e-01
3.667230010029999820e-01,8.822939501150004471e-01
7.391750216480000857e-01,5.721303473998368139e-01
5.604230165479999748e-01,7.592238312618970753e-01
7.758178114889999755e-01,6.793067931223448763e-01
8.102909922600001202e-01,8.057638993129521143e-01
6.437510252000000488e-01,8.158024029988125703e-01
7.236457467079999706e-01,7.167052118774729363e-01
9.113870263100001257e-01,7.521595007573849134e-01
6.627830266949999993e-01,8.574945322200507869e-01
1.002035975460000117e+00,7.044564343405607110e-01
8.224419951440000709e-01,9.108833806366900543e-01
1.030576944350000135e+00,7.787436833168692729e-01
6.781139969830000114e-01,9.512648564284483799e-01
5.333459973340000104e-01,7.325567155723228252e-01
3.209959864620000047e-01,6.715631118351953477e-01
7.608630061149999069e-01,5.114238668809452104e-01
7.439860105509998878e-01,7.724437653247018254e-01
5.468400120740000148e-01,8.036399814509879169e-01
7.004669904709999173e-01,6.796218915502610924e-01
8.356525897980000561e-01,7.628487138819224356e-01
1.274258971210000091e+00,8.583047156605934092e-01
8.934450149539999719e-01,1.068168030652039580e+00
6.211659908290000365e-01,8.613777156015813841e-01
7.900159955019999680e-01,6.850851840886863497e-01
1.067494988440000014e+00,8.018490932283321992e-01
6.698009967800000464e-01,9.607258413119379448e-01
1.265694975850000015e+00,7.275863697371272032e-01
6.380620002750000408e-01,1.117562716185927396e+00
9.348030090330000652e-01,7.456541909685895364e-01
8.006410002709999363e-01,8.857621509239627100e-01
1.085708975790000030e+00,8.556614795227033277e-01
3.527039885520000251e-01,9.934852015023050154e-01
5.883709788319999578e-01,5.665455228171677460e-01
4.875420033929999120e-01,6.416755154042901310e-01
4.636880159380000199e-01,6.466663969927518574e-01
3.637039959430000136e-01,6.075330364057432986e-01
8.750243186949999696e-01,5.548949745989987248e-01
6.435279846190000708e-01,8.727685050187000693e-01
4.834130108360000233e-01,6.982842891761369408e-01
2.120890021319999930e-01,6.116244236463681538e-01
4.560469985010000560e-01,4.493084759513607529e-01
4.367910027499999903e-01,5.806097925223764333e-01
7.238804101939999569e-01,5.959204847910607450e-01
5.560690164570000205e-01,7.639752821092129498e-01
4.748429954049999679e-01,6.554050577120473786e-01
2.674640119080000100e-01,6.051100427755967681e-01
9.588437080380001198e-01,5.087570627049798899e-01
7.868980169300000549e-01,8.960116255436284538e-01
1.794360995290000149e+00,8.184802281284589975e-01
1.337677955630000026e+00,1.502958559765873003e+00
1.210453987120000185e+00,1.229478640590065064e+00
5.654799938200000264e-01,1.128163781199069016e+00
4.008429944520000565e-01,6.972674820298181420e-01
2.727654874320000200e-01,5.850500212580331816e-01
5.836449861529999783e-01,5.186926145631104434e-01
8.533802628519999711e-01,6.620732619453619794e-01
8.660610318179999823e-01,8.762381652558181022e-01
1.158349990839999899e+00,9.031430878355812819e-01
7.764859795569999390e-01,1.082880044792530416e+00
1.068807005880000105e+00,8.421936740143328715e-01
5.888479948040000744e-01,1.026829186524247373e+00
1.588868498799999918e+00,7.131821011851483538e-01
4.327859878540000205e-01,1.295607517182485457e+00
3.996030092239999942e-01,5.554865185067699995e-01
5.545349717140000134e-01,4.850200696788133370e-01
6.221979856490000849e-01,6.016140397584625044e-01
1.149551987649999996e+00,7.355721835342602377e-01
1.121260046960000034e+00,1.040833502719339165e+00
9.776459932329999436e-01,1.088599961446850894e+00
1.732741951940000025e+00,1.001263375147635859e+00
2.302707910540000125e+00,1.467708105916864625e+00
1.053477048870000043e+00,1.949250455938974280e+00
7.962800264360000435e-01,1.041966341597368118e+00
5.203329920770000117e-01,8.066671720234835918e-01
6.104800105090000262e-01,6.345885673398431459e-01
4.453057944770000276e-01,7.297054970094866144e-01
6.522138714790000069e-01,6.318132747074097777e-01
1.175541162490000069e+00,7.234850272167088203e-01
1.032202124599999937e+00,1.037657783359637209e+00
7.193930149079998948e-01,9.687052914706676399e-01
8.200139999390000378e-01,7.505474388480672943e-01
9.497330188750000568e-01,8.086515106283478360e-01
1.039114952089999822e+00,8.901164559167638046e-01
5.883830189700000046e-01,9.783534585148886409e-01
9.508559703829998488e-01,7.078152702100996008e-01
5.277600288389999728e-01,9.220044807733890346e-01
7.736063003540000205e-01,6.685537828853234110e-01
9.703559875489998765e-01,8.022513506142759931e-01
1.383889913560000018e+00,9.216007988473241541e-01
7.795230150220000542e-01,1.248951404202268023e+00
6.069999933240000090e-01,7.660719234264025124e-01
4.660570025440000097e-01,6.418884994238774899e-01
9.455270171170000459e-01,5.650301590694871701e-01
6.238729953770000280e-01,9.170205541171488894e-01
3.923240005969999555e-01,7.662573356139723568e-01
5.156549811360000568e-01,5.640938447452696902e-01
9.679385423660000765e-01,6.351589421312794359e-01
1.356565952299999989e+00,9.637845321144874466e-01
9.072690010070000310e-01,1.178885417090530963e+00
8.162760138510000152e-01,9.382606550551999547e-01
2.479866981509999846e+00,8.505754143689691071e-01
1.133080005649999888e+00,1.964814040447022014e+00
1.045583963389999926e+00,9.986550059650199929e-01
8.474370241169999485e-01,9.558440036903967929e-01
1.536522984499999911e+00,8.388932251624536818e-01
9.008989930149998715e-01,1.330957263150885028e+00
4.812009930610000596e-01,8.989287595549574350e-01
8.572540283199999722e-01,5.922811853781358993e-01
8.617479801180000232e-01,8.440091525080438695e-01
1.008694052699999899e+00,8.724811696272187778e-01
1.127727031710000105e+00,9.735428195790101213e-01
7.795569896699999779e-01,1.089109352417028775e+00
9.895502924920001053e-01,8.474708518646493216e-01
8.363329768179998958e-01,9.712693702754621183e-01
9.099559783939998869e-01,8.547233001466703062e-01
5.511059761050000061e-01,9.103517435905992272e-01
1.239764332770000088e+00,7.021419056291247074e-01
1.211838960649999963e+00,1.125279137256586903e+00
1.379981994630000042e+00,1.110772039906165354e+00
1.148460984229999982e+00,1.250335333268785876e+00
7.663900256160000035e-01,1.053508089218775812e+00
9.660840034479999394e-01,7.962192726542318688e-01
8.156750202179999798e-01,9.420453594699619293e-01
1.142272949220000111e+00,8.832382143319452705e-01
1.299479961400000105e+00,1.066642900423134366e+00
8.583310246469999516e-01,1.186351419365940352e+00
7.149469852449999996e-01,9.039401297032997329e-01
8.764400482179999230e-01,7.765551556354457485e-01
8.305460214609999836e-01,9.166435179473707562e-01
8.535240292550000385e-01,8.596218358941729587e-01
9.092410206789999227e-01,8.808315768573656834e-01
5.202720165249999917e-01,9.332931536742354872e-01
7.411040067669999454e-01,6.873606954491461307e-01
5.853319764140000325e-01,7.745434184188593196e-01
5.047770142559999673e-01,7.005229182140210176e-01
5.519493222240000607e-01,6.452474889415676929e-01
9.697520136830000137e-01,6.797905583708514499e-01
1.116515994070000017e+00,9.288867028291425409e-01
1.049844980239999837e+00,1.058618375705868253e+00
6.342629790310000404e-01,1.029911947572859976e+00
5.644329786300000817e-01,7.460129846101604123e-01
9.184709787370000100e-01,6.735776746410916394e-01
9.593539834020000656e-01,9.249914542547015284e-01
5.984159708020000412e-01,9.422443353550696843e-01
9.383450150489999197e-01,7.213479525790559288e-01
4.542250037189999867e-01,9.192843375192848443e-01
7.079470157619999204e-01,6.344864183236236244e-01
3.876500129699999575e-01,7.523280470304259948e-01
4.484339952470000057e-01,6.080941833410636876e-01
8.405709862710000202e-01,6.053880950079292278e-01
5.337110161779999862e-01,8.522822666043685658e-01
7.211350202559999589e-01,6.845649374740788717e-01
5.215386152269999576e-01,7.816720607308433877e-01
7.050759792330000275e-01,6.893803763032534393e-01
6.405649781229999506e-01,7.452271859925014841e-01
5.168589949609999623e-01,7.475474342562914432e-01
1.660409450529999997e+00,6.511670181686570746e-01
2.465307950970000217e+00,1.412087479132509982e+00
1.622156023979999917e+00,2.000033947629738851e+00
1.866270065310000170e+00,1.461099287417423120e+00
3.623536109919999415e+00,1.613779326546838755e+00
7.948709726329999947e-01,2.916483754966652242e+00
9.065989851950000400e-01,7.447387235772067182e-01
8.571879863740000660e-01,8.565523980817554284e-01
7.756379842759999477e-01,8.286888364580601296e-01
7.006700038909999817e-01,8.233362617573662945e-01
6.443409919740000769e-01,7.811845198540747770e-01
7.579550147059999077e-01,7.315356321204553591e-01
5.499600172040000068e-01,8.194182805798292391e-01
4.964669942859999408e-01,6.930075273374181055e-01
1.367677569390000070e+00,6.293034641308041799e-01
1.397894024850000250e+00,1.207324356425942380e+00
8.148130178450000427e-01,1.068163006092846645e+00
1.278898954390000009e+00,7.812530486863388246e-01
8.623980283740000363e-01,1.089089060951050847e+00
1.093865990639999897e+00,8.927332026954830635e-01
8.134710192680000285e-01,1.073197003384151804e+00
1.466687083240000078e+00,8.559702386984795464e-01
9.060310125349999577e-01,1.272897781650377036e+00
7.652140259739999006e-01,8.363957054134535385e-01
1.311033964160000176e+00,7.585815429926332509e-01
7.892500162119999718e-01,1.154211668132095969e+00
1.474902033810000068e+00,8.521889409016222272e-01
9.167850017550001063e-01,1.276271411849403181e+00
1.186140060420000086e+00,8.926787880108540962e-01
1.411391973500000008e+00,1.072135544667855100e+00
2.092472076419999993e+00,1.303098522199590770e+00
7.189220190049999681e-01,1.752298581273129319e+00
1.301861047739999888e+00,8.430245535272752333e-01
1.268974781040000055e+00,1.128289019939166860e+00
1.221997022629999874e+00,1.210003855381996285e+00
9.061110019680000960e-01,1.088177346529356715e+00
1.078873991970000112e+00,8.901854280976861933e-01
1.028025031089999874e+00,1.005458231069783492e+00
7.863690257070000689e-01,1.031268522807119226e+00
1.276852965350000035e+00,8.363767922581654135e-01
7.093420028689999546e-01,1.165973969846903602e+00
5.201929807659999572e-01,8.124888529293945449e-01
5.645610094070000473e-01,6.591863216397225722e-01
9.855200052259999177e-01,6.812093349189943803e-01
1.092841982840000004e+00,9.707530247242522892e-01
4.786899983879999709e-01,1.011979442247394445e+00
3.955059945579999514e-01,6.279764174601655258e-01
1.850703001020000071e+00,5.307227300200899611e-01
1.195796012879999815e+00,1.490634191694042654e+00
1.702510833739999896e+00,1.080996246328933319e+00
2.998351097109999586e+00,1.456348386903141057e+00
2.407080888749999925e+00,2.423423910079459898e+00
2.585943937299999718e+00,2.035450911573088550e+00
2.233839035029999920e+00,2.165105543256785392e+00
1.655773043629999997e+00,1.853264483885347813e+00
1.430611014370000156e+00,1.433593375371112089e+00
8.921740055079999676e-01,1.277802589017416057e+00
1.231696963309999893e+00,9.764993710928804305e-01
8.955079913140001624e-01,1.134530644062805793e+00
1.602033019070000064e+00,9.202939481030228963e-01
1.585399031639999956e+00,1.345421440749184239e+00
1.232059955600000034e+00,1.390966175098806490e+00
1.210371017459999976e+00,1.148108942001880184e+00
1.242141008379999967e+00,1.142928669951663423e+00
9.857040047650000858e-01,1.149445846173940966e+00
7.289689779279999726e-01,9.723603422451396749e-01
6.761519908910000876e-01,8.004651327945533357e-01
1.071573019029999907e+00,7.364594860212555494e-01
9.457439780239998983e-01,9.873519995766091295e-01
4.376370012759999706e-01,9.235140059219962838e-01
5.141820311550000522e-01,5.881156505668321266e-01
3.387190103530000052e-01,5.912718879430485241e-01
7.144280076029999593e-01,5.291230524346617337e-01
4.996199905870000180e-01,7.319572955902037270e-01
7.917379736899999854e-01,6.119648205367603788e-01
8.646243214609999894e-01,7.946967605134198642e-01
6.024960279459999901e-01,9.029826462853526303e-01
1.260069966320000123e+00,7.011489620931120603e-01
1.012339949610000067e+00,1.113478823055655154e+00
1.004528999329999950e+00,9.798663978614384762e-01
6.310235261919999727e-01,9.822399013651933464e-01
1.141221046449999887e+00,7.460976948922057872e-01
5.426099896430000014e-01,9.942418338311318493e-01
8.547459840769999762e-01,6.586476996795307404e-01
7.744219899179999311e-01,8.231705274846268239e-01
3.084340095520000102e-01,8.254552435671109745e-01
8.376209735870000506e-01,5.058265948846392135e-01
7.293469905850000767e-01,8.051279827489505880e-01
7.503905892370000830e-01,8.021192196288458032e-01
1.134822010990000019e+00,7.957709623528307352e-01
1.614240050320000064e+00,1.010316272531164961e+00
1.244793057440000128e+00,1.372649413833423537e+00
7.141630053519999466e-01,1.124483109398367375e+00
7.293040156360000026e-01,7.584018808882825313e-01
6.486989855770000091e-01,7.840101369119634178e-01
3.427990078929999962e-01,6.996311844493016130e-01
3.861860036850000011e-01,5.202043504436173471e-01
6.366299986840000535e-01,5.276403044250899121e-01
3.990480005740000280e-01,7.067058354826059041e-01
4.178859889509999870e-01,5.657184546173584794e-01
1.103790521619999909e+00,5.678382946312601209e-01
6.956189870829999622e-01,1.022027369588313528e+00
8.070139884950000564e-01,7.558376908961432772e-01
5.947690010070000310e-01,8.215883301391060378e-01
1.107607960700000005e+00,7.137234471610119924e-01
9.713580012320000012e-01,9.987907631755112980e-01
7.170349955560000321e-01,9.520488104787204753e-01
6.764810085300000386e-01,7.799846663671589075e-01
1.687772989270000190e+00,7.728244660936341992e-01
9.907569885250000485e-01,1.400998468167925504e+00
8.082039952280000161e-01,9.815473087003752095e-01
1.087718963619999979e+00,8.311477737544009647e-01
1.564818024639999861e+00,1.022480768995889244e+00
6.673809885979999912e-01,1.349884443799539646e+00
1.256489992140000123e+00,7.664092954949602854e-01
1.091886043549999963e+00,1.098013643914783177e+00
7.375509738919999725e-01,1.018146913563193312e+00
6.224380135540000802e-01,8.016020796696420314e-01
8.364729881290000613e-01,7.393894575029104077e-01
5.774260163309999916e-01,8.328704855071615842e-01
1.015761017800000054e+00,6.957747252216229805e-01
1.106158971790000001e+00,9.362398426271355545e-01
6.945540308949998964e-01,1.047327678779894411e+00
1.130903959270000092e+00,7.940038353562821616e-01
9.518219828609999489e-01,1.016645731330946489e+00
7.524570226669999862e-01,9.255050674981351033e-01
5.585229992869999993e-01,7.934743954732660365e-01
1.415836334229999771e+00,6.952540464495899908e-01
1.855298042299999839e+00,1.237979534914125601e+00
7.845479845999999702e-01,1.367474808066196479e+00
8.210539817810000862e-01,7.720662982819630482e-01
5.835890173909999978e-01,7.876924570516087298e-01
8.359720110889999889e-01,6.591219333601716635e-01
2.184663057329999880e+00,8.532101569488508286e-01
6.805480122570000123e-01,1.747765080722506692e+00
1.238904953000000031e+00,7.414593633418052887e-01
1.030328035349999949e+00,1.070078250962496424e+00
7.914109826090000022e-01,9.338702569259951236e-01
8.423720002169999832e-01,7.770616339463903843e-01
4.464710056780000769e-01,8.123126288384661109e-01
5.589337944979999584e-01,6.411436530432076397e-01
7.099329829220000221e-01,6.847382080580166619e-01
7.334340214730000751e-01,7.600880692202235389e-01
7.833399772640000647e-01,8.057842732624014292e-01
8.426809906959999985e-01,8.123578643426256907e-01
1.099761009220000085e+00,8.556550322423076560e-01
8.706315755840000614e-01,1.070511333228522322e+00
5.862460136410000411e-01,9.303355889969501247e-01
8.863990306849999223e-01,7.087730290767261243e-01
1.019399046900000050e+00,8.823577579197861009e-01
8.493610024450000129e-01,9.634004176287822574e-01
1.010666966439999870e+00,8.435908453158356135e-01
1.331516027449999973e+00,9.632965655195715460e-01
1.215008974079999859e+00,1.230034178330439154e+00
1.645591020579999952e+00,1.160263749215542983e+00
9.708780050280000351e-01,1.410842112064890186e+00
1.411272048950000135e+00,9.613900013086801311e-01
7.953929901119999313e-01,1.261628841916532018e+00
1.046331048010000098e+00,8.296365965902611217e-01
8.879339694979999642e-01,9.579197647133814719e-01
8.349300026890000836e-01,8.903223441731773491e-01
9.847199916839999290e-01,8.708864083014645763e-01
1.090394020079999970e+00,9.545797078238213995e-01
4.901649951929999416e-01,1.051107406527997945e+00
6.141669750209999279e-01,6.327428814779672006e-01
6.314740180969999894e-01,6.671330173785082751e-01
8.252440094949999860e-01,7.113857987365519442e-01
1.051450967789999913e+00,8.380033546548514289e-01
1.047114968300000060e+00,9.837418962632418218e-01
3.921430110930000379e-01,9.906820961978726192e-01
4.695149958129999912e-01,5.795787712008247938e-01
7.720900177959999500e-01,5.761802979939206759e-01
7.520099878309999264e-01,7.940211313671183824e-01
6.877393722529999698e-01,7.835654548983559398e-01
6.718119978899999012e-01,7.770335142162515529e-01
1.185933232310000029e+00,7.285534974724716673e-01
6.571980118750000432e-01,1.091710671470898397e+00
8.213180303569999063e-01,7.581309189389559000e-01
7.795739769939998842e-01,8.277302192363056310e-01
1.030122995379999962e+00,8.303933942097705412e-01
6.211889982220000217e-01,9.847044589694020633e-01
8.660820126530001106e-01,7.305077698097720562e-01
9.608931541439998947e-01,8.649057679465859128e-01
6.760399937630000577e-01,9.583164719679633237e-01
7.402380108830000083e-01,7.556565079450657807e-01
5.984709858890000511e-01,7.841239802797076441e-01
6.151059865950000427e-01,7.109657277908660866e-01
9.358735680580000382e-01,7.077070826461787645e-01
5.818247795100000008e-01,9.129578062732000010e-01
7.156659960750000327e-01,7.176824636419029124e-01
6.529520154000000298e-01,7.507383078943461463e-01
9.700022935870000751e-01,7.218484611108187954e-01
7.834500074390000623e-01,9.449368987732693626e-01
7.448130249979999506e-01,8.191323635685276994e-01
8.276180028919999376e-01,7.712804426529571433e-01
8.943400979040000420e-01,8.494433858542316251e-01
2.505017042159999985e+00,9.372713733233589695e-01
1.620712041850000062e+00,1.820604470692748444e+00
1.417585968970000110e+00,1.394994847378476344e+00
1.049872040749999957e+00,1.237008170620597092e+00
1.226507544519999993e+00,1.045309604947106008e+00
1.043179035189999881e+00,1.220308506415917149e+00
9.694439768789999690e-01,1.015612364951214985e+00
8.192250132559999454e-01,9.654519106933849848e-01
8.129550218580000598e-01,8.542210276321475781e-01
6.712080240250000163e-01,8.470478183981136056e-01
5.289899706839999993e-01,7.517612592551763395e-01
3.461930155749999849e-01,6.723078559834443357e-01
4.789490103719999947e-01,5.476831988805203055e-01
1.153810977940000093e+00,6.160041493340957519e-01
9.671270251270001062e-01,1.064750117994309297e+00
7.845839858059999727e-01,9.673461837367842708e-01
4.701859951020000428e-01,8.347272816596292833e-01
5.632782578470000301e-01,6.367005081929379973e-01
2.416239976880000528e-01,6.883575567562871811e-01
2.709859907630000064e-01,4.893860670580935657e-01
1.994680017229999991e-01,4.748474034031648361e-01
1.327169984580000017e-01,4.505446966202171777e-01
4.732620120049999546e-01,4.288026730482745186e-01
6.585559844969999244e-01,6.211524356354329868e-01
9.621880054470001165e-01,7.130031118634544418e-01
5.111979842189999790e-01,9.540625411540464285e-01
9.829789996150001263e-01,6.789696543968858355e-01
9.100099802019999684e-01,9.491207445745136750e-01
1.026576042179999870e+00,8.972709768543589703e-01
8.309389948840000262e-01,9.915012205155395719e-01
9.651920199390001676e-01,8.726368116272674724e-01
1.000543951989999902e+00,9.605697519346454438e-01
1.983185052870000131e+00,1.026482073490185165e+00
1.274855017659999978e+00,1.691544587008289469e+00
1.286525964740000028e+00,1.116899316321101843e+00
1.382244944570000245e+00,1.145986942736395786e+00
1.736924052240000016e+00,1.253087736574037825e+00
1.257668018339999971e+00,1.427642340805173493e+00
7.533379793170000838e-01,1.155161299652052165e+00
1.084908962249999886e+00,7.942577193114851442e-01
1.062494039539999990e+00,1.026227759843147957e+00
7.787629961969999570e-01,1.024511701321922486e+00
8.256469964979999965e-01,8.371706308272169883e-01
9.891830086709999525e-01,8.662953638862531669e-01
1.418092012410000047e+00,9.787615538007564675e-01
1.151677966120000063e+00,1.263429438200271537e+00
1.250364065170000094e+00,1.100887756244318227e+00
8.794019818310000458e-01,1.172609550563467717e+00
1.089423060420000144e+00,9.229682772431386795e-01
1.809062957759999701e+00,1.038511412929381095e+00
8.687390089040000207e-01,1.499891357958875737e+00
8.521729707719999380e-01,9.236208559551691843e-01
1.307837963100000112e+00,8.478667114233043867e-01
1.262575984000000151e+00,1.204646953339469251e+00
7.601559758189999627e-01,1.162365805903469829e+00
1.069887042049999959e+00,8.341984348166899821e-01
8.579840064049999437e-01,1.026696961279604858e+00
1.149323940279999956e+00,8.436746971103505910e-01
1.067142963410000034e+00,1.056939024419564888e+00
7.400619983670000401e-01,1.051172577488241666e+00
6.799880266190000411e-01,8.278688011044459394e-01
7.323921322820000634e-01,7.620828842238082101e-01
8.352749943730000126e-01,8.165041101687526837e-01
6.000829935070000065e-01,8.590367420375599750e-01
1.010563969610000168e+00,7.287904859115196254e-01
7.613970041280000434e-01,9.702618400758742379e-01
7.260069847110000030e-01,8.151684693175044183e-01
1.064324021340000037e+00,7.787794517395949523e-01
5.901079773899998715e-01,1.012879909843356740e+00
7.744659781460000447e-01,7.198378712208467478e-01
7.406870126719998781e-01,7.847433146966064088e-01
8.908360004430001533e-01,8.005116862379408893e-01
7.620100975040000613e-01,9.014454084414822432e-01
7.774500250820000069e-01,8.385149299022816027e-01
5.811070203779999943e-01,7.914795328112728123e-01
7.908779978749999051e-01,6.823857455179824782e-01
8.903719782829999652e-01,8.351290842029324146e-01
7.882059812549999656e-01,9.077716727966043120e-01
7.301949858670000459e-01,8.544316310160589012e-01
9.248933196070000529e-01,8.030992007486398299e-01
1.265586972239999941e+00,9.379029860073957447e-01
7.884140014650000694e-01,1.130504270589279603e+00
9.180610179899999501e-01,8.538708721715745353e-01
6.569269895549999516e-01,9.188394265350874335e-01
8.252680301670000107e-01,7.535902346461808010e-01
4.257229864599999525e-01,8.405922344031169224e-01
9.114630222319999309e-01,5.930323564127730762e-01
7.238519787790000937e-01,8.803985628463962820e-01
9.657319784160000031e-01,7.985660773357832198e-01
7.194200158119999911e-01,9.255769539674859603e-01
7.146480083470000411e-01,7.741778172767637134e-01
6.188799738879999790e-01,7.596427044396875106e-01
8.502969741820000094e-01,7.382433402278923973e-01
6.113014817240000065e-01,8.681255347579822645e-01
8.405809998509999881e-01,7.494508448097313424e-01
5.909900069240000553e-01,8.439552316060884296e-01
1.191807866100000002e+00,7.059245614629565679e-01
1.072478055950000009e+00,1.089657590880424021e+00
7.976800203319999172e-01,9.674932742535781172e-01
7.140370011329999489e-01,8.216210266216935620e-01
8.885610103609999921e-01,7.593956270501189820e-01
7.367290258409999737e-01,9.193967433480593199e-01
9.655410051350000744e-01,8.151877103705871264e-01
8.569459915160000385e-01,9.532971303614475866e-01
5.838339924809999859e-01,8.826453981645842051e-01
3.047562122340000457e+00,7.078963020294897213e-01
8.865389823909999301e-01,2.176339826456691551e+00
1.186460971829999878e+00,6.630275828437768304e-01
8.750730156899999557e-01,1.240752027472161956e+00
1.111973047260000014e+00,9.911463848542553245e-01
6.929270029070000447e-01,1.117698563118426414e+00
5.632749795910000357e-01,7.528833751608331459e-01
5.519689917560000048e-01,6.257419143840876607e-01
9.211350083349998386e-01,6.379557673690631203e-01
5.465030074119999748e-01,9.107604784398439790e-01
9.997850060459999577e-01,6.848249952438049126e-01
7.512239813800000166e-01,9.497091875944593253e-01
8.402569890019999654e-01,7.849274793991762866e-01
7.843149900439999600e-01,8.491669266989839704e-01
5.915480256080000165e-01,8.216020360392529698e-01
6.109840273859999948e-01,6.970280953819038006e-01
9.328789710999999540e-01,7.144287102777833187e-01
7.992020249369999885e-01,9.227656136417390353e-01
9.833549857140000405e-01,8.291460756582041958e-01
5.405290126799999761e-01,9.541349699259021877e-01
1.093670010570000128e+00,7.040383559203388097e-01
9.266330003740002041e-01,1.009964176311240580e+00
7.972419857979999858e-01,9.262784873560353516e-01
5.896059870719999596e-01,8.498501267030171835e-01
7.799540162090000672e-01,7.245164979055771504e-01
5.182790160179999717e-01,8.275254108264886721e-01
7.263879776000000676e-01,6.633299141207709138e-01
6.216366887090000182e-01,7.783905126796544227e-01
8.810679912569999717e-01,7.391635041983258825e-01
7.315016984940000411e-01,8.762356914435616151e-01
9.703850150110000516e-01,7.891449345943871707e-01
8.715350031849999901e-01,9.436153703266267900e-01
5.505740046500000595e-01,9.021378013344781843e-01
2.576299905780000121e-01,6.821760136672754271e-01
6.952109932899999123e-01,4.897120366457414220e-01
3.547430038449999601e-01,7.263908142092051490e-01
1.308350920679999918e+00,5.254290620084368646e-01
1.424710035319999957e+00,1.135975210345296249e+00
2.422243118290000385e+00,1.275511650728135882e+00
1.588093161580000023e+00,2.030996016670246984e+00
2.882889986040000352e+00,1.394293257359640492e+00
1.510810017590000109e+00,2.256914147373712431e+00
5.103110075000000245e-01,1.332929515102346141e+00
6.637499928469999810e-01,6.357393754699295352e-01
5.865659713749999948e-01,6.917321396996342076e-01
9.182999730109998593e-01,7.150855637945328080e-01
1.126363039020000123e+00,9.012936219793932224e-01
9.455379843710000065e-01,1.066005839480086426e+00
7.979699969290000583e-01,9.502555144157305289e-01
8.895260095600000527e-01,8.233341697839686724e-01
5.017459988589999531e-01,8.811884360916714121e-01
7.889080047609999813e-01,6.245401944656261417e-01
5.571460127830000220e-01,7.908623439350412898e-01
8.079270124439998924e-01,7.040296408902378955e-01
7.382910251620000697e-01,8.295377291314125490e-01
6.742079854009999096e-01,8.012756543165733270e-01
8.787713646889999675e-01,7.567335493519286027e-01
7.401880025859999268e-01,8.957461419885855980e-01
8.886500000949999478e-01,7.988894746538370839e-01
7.983270287510000340e-01,8.956380632037388434e-01
5.137799978260000344e-01,8.417452478349894962e-01
7.760372757910000141e-01,6.458169377977490688e-01
8.528280258179999906e-01,8.053031635815578460e-01
7.851629853249999513e-01,8.313430553571876658e-01
8.431609868999999646e-01,8.150054349777302587e-01
1.024798870089999925e+00,8.621467922584232779e-01
8.044279813770001120e-01,9.947333307691594850e-01
8.841310143469999216e-01,8.402129362843122617e-01
3.615649938579999501e-01,8.789964159318029990e-01
1.171491026879999842e+00,5.884647189366207787e-01
4.477910101410000343e-01,1.049258792274414986e+00
7.665730118750000432e-01,6.194878388698953353e-01
7.735599875449999940e-01,7.808914863731544198e-01
1.054823040959999902e+00,8.297719259173410578e-01
7.843300104139999673e-01,9.971970251282317177e-01
1.034250974660000155e+00,8.410543533715393316e-01
1.096979022029999973e+00,1.009081300542966853e+00
7.633029818529999400e-01,1.062530348623562215e+00
5.883730053899999257e-01,8.321469895566228070e-01
6.365630030629999547e-01,7.014461327682454117e-01
5.750700235369999858e-01,7.380947932361624497e-01
5.399640202519999654e-01,7.008476551812612421e-01
1.324671149250000068e+00,6.762935786050011666e-01
8.178460001949999780e-01,1.176837312933396218e+00
6.359609961509999909e-01,8.444186831611590893e-01
8.135920166969999867e-01,6.923468560351567769e-01
9.872140288350000903e-01,8.288250599744957370e-01
9.839289784429998686e-01,9.800337328518504698e-01
5.904790163040000150e-01,9.812827455455207515e-01
8.986790180209999201e-01,7.165546427521938266e-01
6.268000006680000125e-01,9.010857659018676191e-01
6.926850080490000172e-01,7.533336207123537687e-01
5.757049918169999669e-01,7.656993349619352074e-01
6.764680147170000213e-01,6.961425664647329370e-01
8.279470205309999997e-01,7.650550625949436023e-01
6.547859907149999881e-01,8.509896596764856547e-01
1.085815548900000094e+00,7.586538497362933509e-01
8.509550094600001335e-01,1.031589872948192932e+00
8.879359960559999321e-01,8.890994676035831601e-01
6.557850241659999302e-01,9.091947124899808497e-01
6.597809791559999804e-01,7.513006578008152303e-01
8.856279850010000398e-01,7.424643156067521899e-01
7.502999901769999980e-01,8.911043229014179445e-01
9.303160309790000637e-01,8.164569258690613784e-01
7.259460091590000941e-01,9.403103264346198698e-01
7.123904824259998936e-01,7.886968191538092920e-01
9.326570034029998402e-01,7.747738966201661581e-01
6.544970273969999974e-01,9.121260958471434366e-01
4.987269937989999846e-01,7.218190713113813439e-01
9.782410264020000579e-01,6.159204158056104106e-01
5.593240261080000275e-01,9.457801943237073017e-01
8.733990192409999409e-01,6.962103786915648795e-01
6.232500076290000690e-01,8.681183074853086046e-01
6.319249868390000024e-01,7.334768916172100806e-01
8.335350155830000274e-01,7.352709617684608512e-01
8.613430261610000027e-01,8.471120535768840165e-01
1.036013007159999999e+00,8.835969599114418260e-01
6.160370111469999355e-01,9.746519517968710300e-01
9.874529838560001105e-01,7.185028818774487069e-01
6.686739921569999634e-01,9.386924497013420243e-01
6.455339789389999972e-01,7.861123573162758227e-01
1.007030010220000049e+00,7.201733425785523668e-01
7.763000130650000719e-01,9.677988740148200097e-01
9.358490109440000815e-01,8.216308342542327781e-01
6.626719832419999401e-01,9.313538657349242911e-01
1.113351941109999910e+00,7.804257027006246128e-01
5.495319962500000432e-01,1.052534356188834064e+00
9.273632764820001206e-01,7.142069347204934582e-01
8.215330243109999486e-01,9.312458854695796484e-01
9.193540215490000334e-01,8.010366769697150335e-01
6.899859905239998925e-01,8.851439719425184816e-01
6.497738957409999738e-01,7.710396713519547252e-01
9.705049991610000815e-01,7.761175346350310811e-01
8.034440279009998909e-01,9.259161907019547444e-01
8.920990228650002019e-01,8.526881714328593542e-01
7.462270259859999921e-01,9.198948025983413324e-01
1.495407462120000197e+00,8.253062597241286324e-01
7.597569823270000633e-01,1.284408141515962498e+00
9.677280187610000084e-01,6.973772337077968064e-01
1.126011013979999920e+00,8.749549076915177359e-01
7.641419768330000029e-01,1.025753806468901574e+00
1.423818945879999909e+00,7.906097060108338015e-01
8.309190273280000483e-01,1.224500493667110224e+00
5.316870212550000030e-01,8.337915444823555955e-01
6.942920088770000442e-01,6.172372919690740645e-01
1.097100019450000019e+00,7.255909999052853054e-01
8.623710274700000511e-01,1.053289999357833739e+00
9.711959958080000899e-01,8.938711439296155303e-01
7.501904964450000213e-01,9.499057984827146139e-01
5.659890174870000346e-01,8.240235577526286992e-01
7.235890030859999378e-01,7.147975032996453093e-01
1.088876962660000114e+00,7.910151250096761899e-01
2.614549994470000138e-01,1.056008739206147684e+00
1.923168003559999895e-01,5.432063210741581161e-01
2.048390060660000012e-01,4.219236335153123130e-01
3.752999901769999980e-01,4.370369784953417880e-01
1.878910064700000104e-01,5.558938979162262317e-01
4.178839921949999980e-01,4.493244259948321884e-01
6.128349900249999704e-01,5.648439542565119043e-01
4.822100102900000462e-01,7.216892866128900019e-01
8.136649727820000066e-01,6.326318634759019455e-01
8.997989892959999958e-01,8.402058840338983980e-01
7.667459845540000041e-01,9.322266301250010656e-01
6.762999892229999421e-01,8.310707449740977193e-01
9.804093837739999984e-01,7.470841051960541712e-01
1.075533032420000090e+00,9.658183739002980106e-01
6.459739804270000496e-01,9.842417678942080306e-01
7.601699829100000416e-01,7.459127407596497505e-01
8.707180023190000950e-01,7.919637914613922858e-01
1.045557022089999899e+00,8.886791734863713765e-01
4.832339882850000268e-01,9.987454622887816935e-01
1.085988998409999962e+00,6.483739497273147689e-01
7.320979833600000930e-01,1.007071695892419072e+00
7.128990292550000385e-01,8.180851993618182272e-01
1.045389056210000112e+00,7.751417194892126217e-01
7.359200119969999676e-01,1.026403242177837960e+00
8.956930041310000590e-01,8.191931350615332397e-01
8.745509982110000191e-01,9.109282299851878539e-01
9.237470030779999508e-01,9.079427338531814717e-01
9.997780323029999971e-01,9.452483936734499270e-01
1.739534020420000049e+00,9.850479366087290245e-01
8.107889890670000321e-01,1.431196292647737067e+00
7.049050331119999235e-01,8.230661488925770097e-01
8.328269720080000438e-01,7.110581153959043554e-01
8.276600241660000412e-01,8.317816955291803538e-01
8.953109979629999549e-01,8.824431861878008210e-01
1.459501028060000039e+00,9.160302932646512408e-01
1.179519057270000060e+00,1.289240207481609612e+00
1.443411946299999915e+00,1.097962203630890921e+00
1.306735038760000078e+00,1.306069996495890173e+00
7.634999752040000365e-01,1.240672199264941877e+00
1.145148038860000161e+00,8.304891622670912410e-01
7.253450155259999477e-01,1.056052027430944396e+00
7.633590102199999672e-01,8.426745671809080518e-01
6.174820065499999622e-01,8.325560089378365447e-01
1.029322981830000039e+00,7.148731727609310971e-01
1.302055954929999926e+00,9.786517969663498517e-01
3.164124965670000122e+00,1.187429568552271331e+00
9.734439849849999549e-01,2.455909435662134044e+00
1.229671001429999855e+00,9.890024735988505178e-01
7.441530227660000385e-01,1.075667912807426685e+00
1.063034057620000139e+00,8.123813235870949168e-01
1.123872041700000102e+00,1.045005643702002329e+00
8.984770178789999173e-01,1.068528095529503563e+00
7.175139784810000698e-01,9.242078065666493591e-01
5.367509722709999931e-01,7.779762025861860497e-01
1.175443053249999981e+00,6.649406119712262253e-01
1.101048946379999949e+00,1.065558533111069295e+00
5.734490156170000130e-01,1.075487714311046838e+00
1.431144952770000200e+00,7.165565319020552604e-01
1.037794947620000130e+00,1.252979099449040845e+00
6.568620204930000206e-01,1.008461011025145959e+00
1.074908018110000141e+00,7.285786176623701982e-01
1.385972023009999887e+00,1.025564243564311750e+00
1.004804968829999812e+00,1.272854968125352926e+00
1.609539985660000116e+00,1.002773409285010242e+00
2.817575931549999524e+00,1.409532024587891952e+00
1.962562561039999931e+00,2.222003427316384006e+00
1.279752016069999998e+00,1.670025756185423926e+00
1.995329976079999845e+00,1.143769758892437594e+00
2.033385992049999924e+00,1.678036887983268777e+00
1.307443976400000096e+00,1.820932886762858027e+00
1.611258029939999892e+00,1.288268880871098254e+00
2.040218114850000042e+00,1.411379393640416424e+00
2.183244943620000100e+00,1.705196321957103578e+00
1.351415991779999937e+00,1.860515379661126900e+00
7.242180109020001089e-01,1.270085822877822679e+00
1.363389015200000109e+00,8.177471108468727934e-01
1.526808977129999967e+00,1.208797470419670006e+00
1.784019589419999940e+00,1.369366849965119926e+00
1.103597044940000105e+00,1.592389779754865842e+00
1.763007998470000004e+00,1.019997292255678589e+00
1.157549023629999896e+00,1.510051883602112399e+00
1.153326034550000045e+00,1.094532208024602937e+00
2.362811088559999551e+00,1.060349773849442734e+00
2.580787897110000007e+00,1.951471056065405607e+00
1.242146968839999976e+00,2.161112937266508993e+00
1.712821006770000265e+00,1.155214360729535761e+00
6.676509976389999323e-01,1.435818609672270929e+00
8.271329998970000652e-01,7.951529438737846567e-01
9.642647504810000214e-01,8.792610691695426084e-01
1.394161701200000048e+00,9.816570718069422830e-01
7.584049701689999923e-01,1.233332930835391528e+00
6.900759935379999765e-01,8.099642100964701275e-01
6.740249991419999809e-01,7.349011222920512898e-01
8.615220189090000424e-01,7.405637628438567210e-01
7.907469868659999790e-01,8.731675595177162963e-01
7.285000085830000138e-01,8.144141512511875458e-01
2.411980032920000017e-01,7.926790692638503444e-01
3.354600071909999981e-01,5.241113418974877591e-01
5.912460088730000507e-01,5.361777598287672530e-01
1.058426976200000036e+00,6.985178511062402062e-01
7.669919729230000316e-01,9.803682019701469574e-01
5.881239771840000019e-01,8.383053040009508239e-01
5.922303199769999305e-01,7.015879884498303909e-01
8.753510117530000079e-01,7.219843209355988334e-01
7.038279771799998974e-01,8.702554004501997786e-01
5.677499771120000371e-01,8.007467298139699929e-01
7.133870124819999825e-01,6.820031107325335018e-01
1.077505946160000061e+00,7.698349362043747091e-01
6.909419894220000247e-01,1.010949814848714157e+00
7.724580168719999973e-01,7.420862129783601935e-01
7.237120270730000859e-01,7.844625701541352303e-01
9.752489924429997847e-01,8.024505528203109694e-01
9.151769876480000399e-01,9.534785862923840227e-01
7.574009895319999686e-01,9.399875918180711221e-01
6.912069916730000374e-01,8.319157045701188746e-01
1.183527946470000147e+00,7.761237418432177515e-01
7.705749869349999281e-01,1.087867073414384267e+00
8.947700262070000798e-01,8.185567244984932600e-01
6.143350005150000070e-01,8.845036991164453299e-01
7.692319750789999855e-01,6.911888062699647062e-01
9.070749878880000061e-01,7.837715198772698955e-01
4.068099856379999713e-01,9.075449413178530156e-01
5.138880014419999753e-01,5.578566447141022344e-01
2.481469959019999838e-01,5.876435072933651194e-01
2.568759918210000159e-01,4.713676907690864115e-01
5.980659723279999618e-01,4.890740517332915482e-01
5.981699824330000137e-01,6.840442106488522356e-01
8.801140189170000294e-01,7.092553739921174660e-01
1.085649013520000095e+00,8.901255133499890171e-01
9.920129775999999566e-01,1.051744508060457273e+00
8.743849992749999078e-01,1.000517839692354194e+00
8.770260214810000621e-01,8.812956186688332139e-01
1.008928894999999937e+00,8.901370798137041573e-01
8.088759779930000393e-01,1.012522785947938653e+00
6.714209914210000907e-01,7.731467668024620821e-01
7.449629902840000373e-01,7.093119828777209035e-01
6.942679882050000195e-01,7.645551772344935104e-01
1.001886010170000008e+00,7.753799288423576241e-01
7.935580015180000446e-01,9.618771319801810993e-01
8.450049161910000439e-01,8.266344338941210568e-01
8.031240105629999793e-01,8.691382079846257103e-01
5.744469761850000689e-01,8.206563085141159730e-01
5.679720044139999757e-01,6.683345091781147662e-01
4.538080096239999195e-01,6.454161608055595245e-01
8.494881391529999215e-01,6.159552594241527457e-01
4.064599871639999473e-01,8.508406660244223207e-01
2.453519999980000310e-01,5.997008748184350369e-01
2.323218107220000217e+00,4.628517865805638065e-01
2.027115583420000089e+00,1.623525633203996010e+00
1.581117987629999888e+00,1.673018694260426598e+00
1.727049946780000012e+00,1.305911112664037255e+00
1.150642037389999928e+00,1.490929929798525899e+00
1.607933998109999818e+00,1.062277643206419597e+00
1.331233978270000007e+00,1.386263812957999164e+00
1.221642017359999999e+00,1.217225817017191014e+00
1.583541989330000010e+00,1.088325265703579570e+00
1.608662128450000006e+00,1.331888938428934965e+00
2.185653924939999992e+00,1.356795528766610914e+00
2.989559888840000124e+00,1.702103631703091091e+00
7.574499845500000106e-01,2.413398913148413705e+00
1.811344027520000122e+00,8.551285955575521625e-01
1.527951955800000094e+00,1.542082237731628780e+00
8.892235755919999374e-01,1.388081536349889955e+00
