"ELM-sliding_2-net_para_{'hidden_size': (20, False), 'activation': 0}",0.0123,,0.00179553,0.0155,0.9974,0.0063,0.0001,0.0,0.9974,0.0087,2.0909,2.0909,0.9974,7.6257,110.4865,0.0004,0.9974,10.5113,1.449,1.4498
"ELM-sliding_3-net_para_{'hidden_size': (20, False), 'activation': 0}",0.0157,,0.00239992,0.0199,0.9974,0.0063,0.0001,0.0,0.9974,0.0087,2.0825,2.0822,0.9974,7.585,108.7395,0.0004,0.9974,10.4278,1.4421,1.4427
"ELM-sliding_5-net_para_{'hidden_size': (20, False), 'activation': 0}",0.0361,,0.00329089,0.0436,0.9975,0.0066,0.0001,0.0,0.9973,0.0088,2.2054,2.1847,0.9975,7.929,112.937,0.0004,0.9973,10.6272,1.5211,1.5126
"ELM-sliding_2-net_para_{'hidden_size': (40, False), 'activation': 0}",0.0105,,0.00171971,0.0136,0.9974,0.0063,0.0001,0.0,0.9974,0.0087,2.0909,2.0909,0.9974,7.6257,110.4865,0.0004,0.9974,10.5113,1.449,1.4498
"ELM-sliding_3-net_para_{'hidden_size': (40, False), 'activation': 0}",0.0156,,0.00230789,0.0197,0.9974,0.0063,0.0001,0.0,0.9974,0.0087,2.0825,2.0822,0.9974,7.585,108.7395,0.0004,0.9974,10.4278,1.4421,1.4427
"ELM-sliding_5-net_para_{'hidden_size': (40, False), 'activation': 0}",0.0272,,0.00333643,0.0331,0.9975,0.0062,0.0001,0.0,0.9975,0.0085,2.0396,2.0387,0.9975,7.428,103.8385,0.0004,0.9975,10.1901,1.4119,1.4121
"ELM-sliding_2-net_para_{'hidden_size': (50, False), 'activation': 0}",0.0106,,0.00178456,0.0138,0.9974,0.0063,0.0001,0.0,0.9974,0.0087,2.0909,2.0909,0.9974,7.6257,110.4865,0.0004,0.9974,10.5113,1.449,1.4498
"ELM-sliding_3-net_para_{'hidden_size': (50, False), 'activation': 0}",0.0155,,0.00230527,0.0197,0.9974,0.0063,0.0001,0.0,0.9974,0.0087,2.0825,2.0822,0.9974,7.585,108.7395,0.0004,0.9974,10.4278,1.4421,1.4427
"ELM-sliding_5-net_para_{'hidden_size': (50, False), 'activation': 0}",0.0293,,0.00333667,0.0352,0.9975,0.0062,0.0001,0.0,0.9975,0.0085,2.0396,2.0387,0.9975,7.428,103.8385,0.0004,0.9975,10.1901,1.4119,1.4121
"ELM-sliding_2-net_para_{'hidden_size': (100, False), 'activation': 0}",0.0106,,0.00178027,0.0139,0.9974,0.0063,0.0001,0.0,0.9974,0.0087,2.0909,2.0909,0.9974,7.6257,110.4865,0.0004,0.9974,10.5113,1.449,1.4498
"ELM-sliding_3-net_para_{'hidden_size': (100, False), 'activation': 0}",0.0153,,0.002285,0.0194,0.9974,0.0063,0.0001,0.0,0.9974,0.0087,2.0825,2.0822,0.9974,7.585,108.7395,0.0004,0.9974,10.4278,1.4421,1.4427
"ELM-sliding_5-net_para_{'hidden_size': (100, False), 'activation': 0}",0.0287,,0.00333142,0.0346,0.9975,0.0062,0.0001,0.0,0.9975,0.0085,2.0388,2.0405,0.9975,7.428,103.9702,0.0004,0.9975,10.1966,1.4116,1.4127
"ELM-sliding_2-net_para_{'hidden_size': (150, False), 'activation': 0}",0.0105,,0.00177813,0.0137,0.9974,0.0063,0.0001,0.0,0.9974,0.0087,2.0909,2.0909,0.9974,7.6257,110.4865,0.0004,0.9974,10.5113,1.449,1.4498
"ELM-sliding_3-net_para_{'hidden_size': (150, False), 'activation': 0}",0.0154,,0.00229168,0.0194,0.9974,0.0077,0.0001,0.0001,0.9964,0.0103,2.5043,2.5459,0.9974,9.2091,152.2858,0.0005,0.9964,12.3404,1.7379,1.7572
"ELM-sliding_5-net_para_{'hidden_size': (150, False), 'activation': 0}",0.0273,,0.00349259,0.0334,0.9975,0.0062,0.0001,0.0,0.9975,0.0086,2.0463,2.0532,0.9975,7.4823,106.2144,0.0004,0.9975,10.306,1.418,1.4218
"ELM-sliding_2-net_para_{'hidden_size': (200, False), 'activation': 0}",0.0106,,0.00173831,0.0138,0.9973,0.0071,0.0001,0.0,0.9969,0.0094,2.3596,2.3342,0.9973,8.5234,128.4483,0.0004,0.9969,11.3335,1.6315,1.6205
"ELM-sliding_3-net_para_{'hidden_size': (200, False), 'activation': 0}",0.0154,,0.0022521,0.0194,0.9974,0.0063,0.0001,0.0,0.9974,0.0087,2.0825,2.0822,0.9974,7.585,108.7395,0.0004,0.9974,10.4278,1.4421,1.4427
"ELM-sliding_5-net_para_{'hidden_size': (200, False), 'activation': 0}",0.0278,,0.00333333,0.0336,0.9975,0.0073,0.0001,0.0,0.9967,0.0098,2.3905,2.4254,0.9975,8.7816,138.3625,0.0005,0.9967,11.7628,1.6585,1.6747
"ELM-sliding_2-net_para_{'hidden_size': (20, False), 'activation': 0}",0.0123,,0.00183654,0.0158,0.9973,0.009,0.0001,0.0001,0.9954,0.0115,3.0511,3.1236,0.9973,10.788,191.8751,0.0007,0.9954,13.8519,2.0926,2.124
"ELM-sliding_3-net_para_{'hidden_size': (20, False), 'activation': 0}",0.0144,,0.00220561,0.0183,0.9974,0.0063,0.0001,0.0,0.9974,0.0087,2.0825,2.0822,0.9974,7.585,108.7395,0.0004,0.9974,10.4278,1.4421,1.4427
"ELM-sliding_5-net_para_{'hidden_size': (20, False), 'activation': 0}",0.0266,,0.00395155,0.0331,0.9975,0.0062,0.0001,0.0,0.9975,0.0085,2.0396,2.0387,0.9975,7.428,103.8385,0.0004,0.9975,10.1901,1.4119,1.4121
"ELM-sliding_2-net_para_{'hidden_size': (40, False), 'activation': 0}",0.0114,,0.00175881,0.0146,0.9974,0.0063,0.0001,0.0,0.9974,0.0087,2.0909,2.0909,0.9974,7.6257,110.4865,0.0004,0.9974,10.5113,1.449,1.4498
"ELM-sliding_3-net_para_{'hidden_size': (40, False), 'activation': 0}",0.0144,,0.00226593,0.0184,0.9974,0.0063,0.0001,0.0,0.9974,0.0087,2.082,2.0892,0.9974,7.5929,109.7401,0.0004,0.9974,10.4757,1.4422,1.4457
"ELM-sliding_5-net_para_{'hidden_size': (40, False), 'activation': 0}",0.0272,,0.00398779,0.0338,0.9974,0.0081,0.0001,0.0001,0.9963,0.0104,2.7342,2.6846,0.9974,9.7439,157.0915,0.0005,0.9963,12.5336,1.8814,1.8598
"ELM-sliding_2-net_para_{'hidden_size': (50, False), 'activation': 0}",0.0117,,0.0018208,0.015,0.9974,0.0065,0.0001,0.0,0.9972,0.009,2.1551,2.174,0.9974,7.8604,117.7712,0.0004,0.9972,10.8522,1.4925,1.5013
"ELM-sliding_3-net_para_{'hidden_size': (50, False), 'activation': 0}",0.0151,,0.00228024,0.0192,0.9974,0.0063,0.0001,0.0,0.9974,0.0087,2.0825,2.0822,0.9974,7.585,108.7395,0.0004,0.9974,10.4278,1.4421,1.4427
"ELM-sliding_5-net_para_{'hidden_size': (50, False), 'activation': 0}",0.0272,,0.00394964,0.0337,0.9975,0.0062,0.0001,0.0,0.9975,0.0085,2.0562,2.051,0.9975,7.476,104.4057,0.0004,0.9975,10.2179,1.4229,1.4211
"ELM-sliding_2-net_para_{'hidden_size': (100, False), 'activation': 0}",0.0114,,0.00178623,0.0148,0.9974,0.0063,0.0001,0.0,0.9974,0.0087,2.0909,2.0909,0.9974,7.6257,110.4865,0.0004,0.9974,10.5113,1.449,1.4498
"ELM-sliding_3-net_para_{'hidden_size': (100, False), 'activation': 0}",0.0146,,0.00227809,0.0189,0.9974,0.0066,0.0001,0.0,0.9973,0.0089,2.2108,2.1934,0.9974,7.9281,114.0502,0.0004,0.9973,10.6794,1.5239,1.5172
"ELM-sliding_5-net_para_{'hidden_size': (100, False), 'activation': 0}",0.0268,,0.00397158,0.0334,0.9975,0.0062,0.0001,0.0,0.9975,0.0085,2.0483,2.045,0.9975,7.4552,104.1623,0.0004,0.9975,10.206,1.4178,1.4169
"ELM-sliding_2-net_para_{'hidden_size': (150, False), 'activation': 0}",0.0113,,0.00174713,0.0144,0.9974,0.0063,0.0001,0.0,0.9974,0.0087,2.0909,2.0909,0.9974,7.6257,110.4865,0.0004,0.9974,10.5113,1.449,1.4498
"ELM-sliding_3-net_para_{'hidden_size': (150, False), 'activation': 0}",0.0146,,0.00240326,0.0187,0.9974,0.0063,0.0001,0.0,0.9974,0.0087,2.0825,2.0822,0.9974,7.585,108.7395,0.0004,0.9974,10.4278,1.4421,1.4427
"ELM-sliding_5-net_para_{'hidden_size': (150, False), 'activation': 0}",0.0267,,0.00396276,0.0334,0.9975,0.0062,0.0001,0.0,0.9975,0.0085,2.0396,2.0387,0.9975,7.428,103.8385,0.0004,0.9975,10.1901,1.4119,1.4121
"ELM-sliding_2-net_para_{'hidden_size': (200, False), 'activation': 0}",0.0114,,0.00174665,0.0146,0.9974,0.0067,0.0001,0.0,0.997,0.0093,2.2081,2.2316,0.9974,8.1013,124.3862,0.0004,0.997,11.1529,1.5316,1.5427
"ELM-sliding_3-net_para_{'hidden_size': (200, False), 'activation': 0}",0.0145,,0.00228763,0.0185,0.9974,0.0063,0.0001,0.0,0.9974,0.0087,2.0825,2.0822,0.9974,7.585,108.7395,0.0004,0.9974,10.4278,1.4421,1.4427
"ELM-sliding_5-net_para_{'hidden_size': (200, False), 'activation': 0}",0.0273,,0.0039916,0.0339,0.9975,0.0062,0.0001,0.0,0.9975,0.0085,2.0396,2.0387,0.9975,7.428,103.8385,0.0004,0.9975,10.1901,1.4119,1.4121
"ELM-sliding_2-net_para_{'hidden_size': (20, False), 'activation': 0}",0.0123,,0.00178361,0.0158,0.9974,0.0063,0.0001,0.0,0.9974,0.0087,2.0909,2.0909,0.9974,7.6257,110.4865,0.0004,0.9974,10.5113,1.449,1.4498
"ELM-sliding_3-net_para_{'hidden_size': (20, False), 'activation': 0}",0.0144,,0.00226712,0.0184,0.9974,0.0065,0.0001,0.0,0.9972,0.009,2.126,2.1412,0.9974,7.8083,115.9896,0.0004,0.9972,10.7698,1.4751,1.4826
"ELM-sliding_5-net_para_{'hidden_size': (20, False), 'activation': 0}",0.0269,,0.00397992,0.0334,0.9975,0.0064,0.0001,0.0,0.9974,0.0087,2.1048,2.0937,0.9975,7.6558,108.1688,0.0004,0.9974,10.4004,1.457,1.4524
"ELM-sliding_2-net_para_{'hidden_size': (40, False), 'activation': 0}",0.0115,,0.00175786,0.0147,0.9974,0.0063,0.0001,0.0,0.9974,0.0087,2.0909,2.0909,0.9974,7.6257,110.4865,0.0004,0.9974,10.5113,1.449,1.4498
"ELM-sliding_3-net_para_{'hidden_size': (40, False), 'activation': 0}",0.0145,,0.00221872,0.0184,0.9974,0.0063,0.0001,0.0,0.9974,0.0087,2.0825,2.0822,0.9974,7.585,108.7395,0.0004,0.9974,10.4278,1.4421,1.4427
"ELM-sliding_5-net_para_{'hidden_size': (40, False), 'activation': 0}",0.0266,,0.00398874,0.0331,0.9975,0.0062,0.0001,0.0,0.9975,0.0085,2.0396,2.0387,0.9975,7.428,103.8385,0.0004,0.9975,10.1901,1.4119,1.4121
"ELM-sliding_2-net_para_{'hidden_size': (50, False), 'activation': 0}",0.0113,,0.00177836,0.0145,0.9974,0.0063,0.0001,0.0,0.9974,0.0087,2.0909,2.0909,0.9974,7.6257,110.4865,0.0004,0.9974,10.5113,1.449,1.4498
"ELM-sliding_3-net_para_{'hidden_size': (50, False), 'activation': 0}",0.0147,,0.00228977,0.0188,0.9974,0.0063,0.0001,0.0,0.9974,0.0087,2.0825,2.0822,0.9974,7.585,108.7395,0.0004,0.9974,10.4278,1.4421,1.4427
"ELM-sliding_5-net_para_{'hidden_size': (50, False), 'activation': 0}",0.0276,,0.00402164,0.0342,0.9975,0.0064,0.0001,0.0,0.9974,0.0088,2.1042,2.1198,0.9975,7.6722,110.8066,0.0004,0.9974,10.5265,1.4567,1.4641
"ELM-sliding_2-net_para_{'hidden_size': (100, False), 'activation': 0}",0.0114,,0.00198531,0.015,0.9973,0.0072,0.0001,0.0,0.9967,0.0098,2.3557,2.3894,0.9973,8.6804,139.886,0.0005,0.9967,11.8273,1.636,1.6519
"ELM-sliding_3-net_para_{'hidden_size': (100, False), 'activation': 0}",0.0144,,0.00227928,0.0184,0.9974,0.0063,0.0001,0.0,0.9974,0.0087,2.0825,2.0822,0.9974,7.585,108.7395,0.0004,0.9974,10.4278,1.4421,1.4427
"ELM-sliding_5-net_para_{'hidden_size': (100, False), 'activation': 0}",0.0265,,0.00395966,0.0331,0.9975,0.0069,0.0001,0.0,0.9972,0.0091,2.3293,2.3001,0.9975,8.2668,119.4756,0.0004,0.9972,10.9305,1.6001,1.5881
"ELM-sliding_2-net_para_{'hidden_size': (150, False), 'activation': 0}",0.0114,,0.00172973,0.0146,0.9973,0.007,0.0001,0.0,0.9969,0.0096,2.2758,2.3043,0.9973,8.3836,132.1641,0.0005,0.9969,11.4963,1.5804,1.5939
"ELM-sliding_3-net_para_{'hidden_size': (150, False), 'activation': 0}",0.0143,,0.00226355,0.0184,0.9974,0.0063,0.0001,0.0,0.9974,0.0087,2.0825,2.0822,0.9974,7.585,108.7395,0.0004,0.9974,10.4278,1.4421,1.4427
"ELM-sliding_5-net_para_{'hidden_size': (150, False), 'activation': 0}",0.0267,,0.00396824,0.0333,0.9975,0.0062,0.0001,0.0,0.9975,0.0085,2.051,2.0472,0.9975,7.4646,104.3313,0.0004,0.9975,10.2143,1.4197,1.4185
"ELM-sliding_2-net_para_{'hidden_size': (200, False), 'activation': 0}",0.0114,,0.00175381,0.0145,0.9974,0.0063,0.0001,0.0,0.9974,0.0088,2.0865,2.0883,0.9974,7.6176,110.5705,0.0004,0.9974,10.5152,1.4464,1.4479
"ELM-sliding_3-net_para_{'hidden_size': (200, False), 'activation': 0}",0.0144,,0.00224018,0.0184,0.9974,0.0063,0.0001,0.0,0.9974,0.0087,2.0825,2.0822,0.9974,7.585,108.7395,0.0004,0.9974,10.4278,1.4421,1.4427
"ELM-sliding_5-net_para_{'hidden_size': (200, False), 'activation': 0}",0.0269,,0.00396729,0.0334,0.9975,0.0062,0.0001,0.0,0.9975,0.0085,2.0396,2.0387,0.9975,7.428,103.8385,0.0004,0.9975,10.1901,1.4119,1.4121
"ELM-sliding_2-net_para_{'hidden_size': (20, False), 'activation': 0}",0.0124,,0.00198221,0.016,0.9974,0.0063,0.0001,0.0,0.9974,0.0087,2.0909,2.0909,0.9974,7.6257,110.4865,0.0004,0.9974,10.5113,1.449,1.4498
"ELM-sliding_3-net_para_{'hidden_size': (20, False), 'activation': 0}",0.0147,,0.00229859,0.0187,0.9974,0.0064,0.0001,0.0,0.9973,0.0089,2.1066,2.1195,0.9974,7.708,113.1646,0.0004,0.9973,10.6379,1.4602,1.4665
"ELM-sliding_5-net_para_{'hidden_size': (20, False), 'activation': 0}",0.0266,,0.00397873,0.0332,0.9975,0.0062,0.0001,0.0,0.9975,0.0085,2.0396,2.0387,0.9975,7.428,103.8385,0.0004,0.9975,10.1901,1.4119,1.4121
"ELM-sliding_2-net_para_{'hidden_size': (40, False), 'activation': 0}",0.0113,,0.00194001,0.0146,0.9974,0.0074,0.0001,0.0,0.9968,0.0097,2.5056,2.4707,0.9974,8.8752,134.5823,0.0005,0.9968,11.601,1.7217,1.7071
"ELM-sliding_3-net_para_{'hidden_size': (40, False), 'activation': 0}",0.0144,,0.00222182,0.0183,0.9974,0.0063,0.0001,0.0,0.9974,0.0087,2.0825,2.0822,0.9974,7.585,108.7395,0.0004,0.9974,10.4278,1.4421,1.4427
"ELM-sliding_5-net_para_{'hidden_size': (40, False), 'activation': 0}",0.0271,,0.00397754,0.0336,0.9975,0.0067,0.0001,0.0,0.9972,0.009,2.2398,2.2169,0.9975,8.0631,116.1358,0.0004,0.9972,10.7766,1.5457,1.536
"ELM-sliding_2-net_para_{'hidden_size': (50, False), 'activation': 0}",0.0112,,0.00178003,0.0145,0.9974,0.0063,0.0001,0.0,0.9974,0.0087,2.0909,2.0909,0.9974,7.6257,110.4865,0.0004,0.9974,10.5113,1.449,1.4498
"ELM-sliding_3-net_para_{'hidden_size': (50, False), 'activation': 0}",0.0143,,0.00246644,0.0186,0.9974,0.0063,0.0001,0.0,0.9974,0.0087,2.0825,2.0822,0.9974,7.585,108.7395,0.0004,0.9974,10.4278,1.4421,1.4427
"ELM-sliding_5-net_para_{'hidden_size': (50, False), 'activation': 0}",0.0268,,0.0039928,0.0334,0.9975,0.0063,0.0001,0.0,0.9975,0.0086,2.0993,2.0881,0.9975,7.6119,106.8894,0.0004,0.9975,10.3387,1.4516,1.4472
"ELM-sliding_2-net_para_{'hidden_size': (100, False), 'activation': 0}",0.0112,,0.00176764,0.0144,0.9974,0.0063,0.0001,0.0,0.9974,0.0087,2.0909,2.0909,0.9974,7.6257,110.4865,0.0004,0.9974,10.5113,1.449,1.4498
"ELM-sliding_3-net_para_{'hidden_size': (100, False), 'activation': 0}",0.0144,,0.00219417,0.0183,0.9974,0.0063,0.0001,0.0,0.9974,0.0087,2.0892,2.0868,0.9974,7.5974,108.7809,0.0004,0.9974,10.4298,1.4458,1.4457
"ELM-sliding_5-net_para_{'hidden_size': (100, False), 'activation': 0}",0.0267,,0.00399518,0.0333,0.9975,0.0062,0.0001,0.0,0.9975,0.0085,2.0396,2.0387,0.9975,7.428,103.8385,0.0004,0.9975,10.1901,1.4119,1.4121
"ELM-sliding_2-net_para_{'hidden_size': (150, False), 'activation': 0}",0.0113,,0.00178742,0.0145,0.9973,0.008,0.0001,0.0001,0.9962,0.0106,2.6378,2.6879,0.9973,9.5661,161.4138,0.0006,0.9962,12.7049,1.823,1.8456
"ELM-sliding_3-net_para_{'hidden_size': (150, False), 'activation': 0}",0.0144,,0.00230217,0.0184,0.9973,0.0091,0.0001,0.0001,0.9952,0.0118,2.9718,3.0363,0.9973,10.9904,202.0385,0.0007,0.9952,14.214,2.0661,2.0958
"ELM-sliding_5-net_para_{'hidden_size': (150, False), 'activation': 0}",0.0269,,0.00398946,0.0337,0.9975,0.0062,0.0001,0.0,0.9975,0.0085,2.0396,2.0387,0.9975,7.428,103.8385,0.0004,0.9975,10.1901,1.4119,1.4121
"ELM-sliding_2-net_para_{'hidden_size': (200, False), 'activation': 0}",0.0113,,0.0017333,0.0144,0.9974,0.0066,0.0001,0.0,0.9972,0.009,2.2026,2.1879,0.9974,7.9683,116.0834,0.0004,0.9972,10.7742,1.5232,1.5172
"ELM-sliding_3-net_para_{'hidden_size': (200, False), 'activation': 0}",0.0144,,0.00219941,0.0183,0.9974,0.0063,0.0001,0.0,0.9974,0.0087,2.0825,2.0822,0.9974,7.585,108.7395,0.0004,0.9974,10.4278,1.4421,1.4427
"ELM-sliding_5-net_para_{'hidden_size': (200, False), 'activation': 0}",0.0266,,0.00395727,0.0332,0.9975,0.0062,0.0001,0.0,0.9975,0.0085,2.0396,2.0387,0.9975,7.428,103.8385,0.0004,0.9975,10.1901,1.4119,1.4121
"ELM-sliding_2-net_para_{'hidden_size': (20, False), 'activation': 0}",0.0124,,0.00175929,0.0159,0.9974,0.007,0.0001,0.0,0.9971,0.0092,2.3537,2.3276,0.9974,8.3663,123.0638,0.0004,0.9971,11.0934,1.6187,1.6082
"ELM-sliding_3-net_para_{'hidden_size': (20, False), 'activation': 0}",0.0149,,0.00220656,0.0189,0.9974,0.0064,0.0001,0.0,0.9973,0.0089,2.1117,2.1252,0.9974,7.7419,114.1433,0.0004,0.9973,10.6838,1.4645,1.4712
"ELM-sliding_5-net_para_{'hidden_size': (20, False), 'activation': 0}",0.0268,,0.00396252,0.0333,0.9975,0.0064,0.0001,0.0,0.9974,0.0087,2.1309,2.1166,0.9975,7.719,109.0785,0.0004,0.9974,10.4441,1.4732,1.4673
"ELM-sliding_2-net_para_{'hidden_size': (40, False), 'activation': 0}",0.0113,,0.00177503,0.0145,0.9974,0.0063,0.0001,0.0,0.9974,0.0087,2.0909,2.0909,0.9974,7.6257,110.4865,0.0004,0.9974,10.5113,1.449,1.4498
"ELM-sliding_3-net_para_{'hidden_size': (40, False), 'activation': 0}",0.0145,,0.00228047,0.0185,0.9974,0.0063,0.0001,0.0,0.9974,0.0087,2.0825,2.0822,0.9974,7.585,108.7395,0.0004,0.9974,10.4278,1.4421,1.4427
"ELM-sliding_5-net_para_{'hidden_size': (40, False), 'activation': 0}",0.0268,,0.00400281,0.0334,0.9974,0.0076,0.0001,0.0,0.9966,0.01,2.4867,2.4511,0.9974,9.0833,143.0032,0.0005,0.9966,11.9584,1.7243,1.7082
"ELM-sliding_2-net_para_{'hidden_size': (50, False), 'activation': 0}",0.0118,,0.00194788,0.0152,0.9974,0.0063,0.0001,0.0,0.9974,0.0087,2.0909,2.0909,0.9974,7.6257,110.4865,0.0004,0.9974,10.5113,1.449,1.4498
"ELM-sliding_3-net_para_{'hidden_size': (50, False), 'activation': 0}",0.0146,,0.00222993,0.0186,0.9974,0.0063,0.0001,0.0,0.9974,0.0087,2.0825,2.0822,0.9974,7.585,108.7395,0.0004,0.9974,10.4278,1.4421,1.4427
"ELM-sliding_5-net_para_{'hidden_size': (50, False), 'activation': 0}",0.0268,,0.00395608,0.0333,0.9975,0.0062,0.0001,0.0,0.9975,0.0085,2.0396,2.0387,0.9975,7.428,103.8385,0.0004,0.9975,10.1901,1.4119,1.4121
"ELM-sliding_2-net_para_{'hidden_size': (100, False), 'activation': 0}",0.0112,,0.00172639,0.0144,0.9974,0.0063,0.0001,0.0,0.9974,0.0088,2.088,2.0891,0.9974,7.62,110.5369,0.0004,0.9974,10.5137,1.4473,1.4485
"ELM-sliding_3-net_para_{'hidden_size': (100, False), 'activation': 0}",0.0143,,0.00226736,0.0184,0.9974,0.0063,0.0001,0.0,0.9974,0.0087,2.0825,2.0822,0.9974,7.585,108.7395,0.0004,0.9974,10.4278,1.4421,1.4427
"ELM-sliding_5-net_para_{'hidden_size': (100, False), 'activation': 0}",0.0268,,0.00419426,0.0336,0.9975,0.0063,0.0001,0.0,0.9974,0.0086,2.0587,2.0681,0.9975,7.5272,107.4255,0.0004,0.9974,10.3646,1.4265,1.4314
"ELM-sliding_2-net_para_{'hidden_size': (150, False), 'activation': 0}",0.0114,,0.00196767,0.0148,0.9974,0.0063,0.0001,0.0,0.9974,0.0087,2.0909,2.0909,0.9974,7.6257,110.4865,0.0004,0.9974,10.5113,1.449,1.4498
"ELM-sliding_3-net_para_{'hidden_size': (150, False), 'activation': 0}",0.0146,,0.00230312,0.0187,0.9974,0.0063,0.0001,0.0,0.9974,0.0087,2.0825,2.0822,0.9974,7.585,108.7395,0.0004,0.9974,10.4278,1.4421,1.4427
"ELM-sliding_5-net_para_{'hidden_size': (150, False), 'activation': 0}",0.0266,,0.0039854,0.0331,0.9975,0.0077,0.0001,0.0001,0.9966,0.01,2.5956,2.5524,0.9975,9.2167,142.9209,0.0005,0.9966,11.955,1.7838,1.7653
"ELM-sliding_2-net_para_{'hidden_size': (200, False), 'activation': 0}",0.0113,,0.0017221,0.0144,0.9974,0.0063,0.0001,0.0,0.9974,0.0087,2.0909,2.0909,0.9974,7.6257,110.4865,0.0004,0.9974,10.5113,1.449,1.4498
"ELM-sliding_3-net_para_{'hidden_size': (200, False), 'activation': 0}",0.0143,,0.00226593,0.0183,0.9974,0.0063,0.0001,0.0,0.9974,0.0087,2.0771,2.0809,0.9974,7.5801,109.1653,0.0004,0.9974,10.4482,1.4391,1.4414
"ELM-sliding_5-net_para_{'hidden_size': (200, False), 'activation': 0}",0.0271,,0.00398064,0.0337,0.9975,0.0064,0.0001,0.0,0.9974,0.0087,2.1035,2.0924,0.9975,7.6498,107.9893,0.0004,0.9974,10.3918,1.456,1.4514
"ELM-sliding_2-net_para_{'hidden_size': (20, False), 'activation': 0}",0.0127,,0.00173473,0.0164,0.9974,0.0063,0.0001,0.0,0.9974,0.0087,2.0909,2.0909,0.9974,7.6257,110.4865,0.0004,0.9974,10.5113,1.449,1.4498
"ELM-sliding_3-net_para_{'hidden_size': (20, False), 'activation': 0}",0.0144,,0.00220299,0.0184,0.9974,0.0063,0.0001,0.0,0.9974,0.0087,2.0825,2.0822,0.9974,7.585,108.7395,0.0004,0.9974,10.4278,1.4421,1.4427
"ELM-sliding_5-net_para_{'hidden_size': (20, False), 'activation': 0}",0.0266,,0.0039432,0.0331,0.9973,0.0081,0.0001,0.0001,0.9962,0.0106,2.6615,2.6174,0.9973,9.7517,161.2664,0.0005,0.9962,12.6991,1.8474,1.8272
"ELM-sliding_2-net_para_{'hidden_size': (40, False), 'activation': 0}",0.0114,,0.00180197,0.0146,0.9974,0.0063,0.0001,0.0,0.9974,0.0087,2.0909,2.0909,0.9974,7.6257,110.4865,0.0004,0.9974,10.5113,1.449,1.4498
"ELM-sliding_3-net_para_{'hidden_size': (40, False), 'activation': 0}",0.0143,,0.0022378,0.0183,0.9974,0.0063,0.0001,0.0,0.9974,0.0087,2.0825,2.0822,0.9974,7.585,108.7395,0.0004,0.9974,10.4278,1.4421,1.4427
"ELM-sliding_5-net_para_{'hidden_size': (40, False), 'activation': 0}",0.0272,,0.00396776,0.0337,0.9975,0.0063,0.0001,0.0,0.9975,0.0085,2.0828,2.0732,0.9975,7.5472,105.4864,0.0004,0.9975,10.2707,1.4398,1.4362
"ELM-sliding_2-net_para_{'hidden_size': (50, False), 'activation': 0}",0.0113,,0.00173426,0.0145,0.9974,0.0065,0.0001,0.0,0.9973,0.0088,2.1538,2.1435,0.9974,7.7958,112.6309,0.0004,0.9973,10.6128,1.4894,1.4856
"ELM-sliding_3-net_para_{'hidden_size': (50, False), 'activation': 0}",0.0144,,0.00225043,0.0184,0.9974,0.0063,0.0001,0.0,0.9974,0.0087,2.0825,2.0822,0.9974,7.585,108.7395,0.0004,0.9974,10.4278,1.4421,1.4427
"ELM-sliding_5-net_para_{'hidden_size': (50, False), 'activation': 0}",0.0266,,0.00416684,0.0334,0.9975,0.0062,0.0001,0.0,0.9975,0.0085,2.0396,2.0387,0.9975,7.428,103.8385,0.0004,0.9975,10.1901,1.4119,1.4121
"ELM-sliding_2-net_para_{'hidden_size': (100, False), 'activation': 0}",0.0112,,0.00180554,0.0144,0.9974,0.0063,0.0001,0.0,0.9974,0.0087,2.0909,2.0909,0.9974,7.6257,110.4865,0.0004,0.9974,10.5113,1.449,1.4498
"ELM-sliding_3-net_para_{'hidden_size': (100, False), 'activation': 0}",0.0144,,0.00242591,0.0187,0.9974,0.0064,0.0001,0.0,0.9974,0.0087,2.1244,2.1159,0.9974,7.6972,110.1311,0.0004,0.9974,10.4943,1.469,1.466
"ELM-sliding_5-net_para_{'hidden_size': (100, False), 'activation': 0}",0.0266,,0.00412202,0.0333,0.9975,0.0062,0.0001,0.0,0.9975,0.0085,2.0396,2.0387,0.9975,7.428,103.8385,0.0004,0.9975,10.1901,1.4119,1.4121
"ELM-sliding_2-net_para_{'hidden_size': (150, False), 'activation': 0}",0.0113,,0.00174499,0.0145,0.9972,0.0114,0.0002,0.0001,0.9933,0.014,3.8236,3.9332,0.9972,13.722,282.6904,0.001,0.9933,16.8134,2.6348,2.6831
"ELM-sliding_3-net_para_{'hidden_size': (150, False), 'activation': 0}",0.0147,,0.00225925,0.0187,0.9974,0.0063,0.0001,0.0,0.9974,0.0087,2.0825,2.0822,0.9974,7.585,108.7395,0.0004,0.9974,10.4278,1.4421,1.4427
"ELM-sliding_5-net_para_{'hidden_size': (150, False), 'activation': 0}",0.0267,,0.00397897,0.0333,0.9975,0.0062,0.0001,0.0,0.9975,0.0085,2.0396,2.0387,0.9975,7.428,103.8385,0.0004,0.9975,10.1901,1.4119,1.4121
"ELM-sliding_2-net_para_{'hidden_size': (200, False), 'activation': 0}",0.0112,,0.00183201,0.0145,0.9974,0.0077,0.0001,0.0001,0.9964,0.0103,2.5876,2.6357,0.9974,9.2862,153.0046,0.0006,0.9964,12.3695,1.7826,1.8039
"ELM-sliding_3-net_para_{'hidden_size': (200, False), 'activation': 0}",0.0144,,0.00226378,0.0186,0.9974,0.0063,0.0001,0.0,0.9974,0.0087,2.0825,2.0822,0.9974,7.585,108.7395,0.0004,0.9974,10.4278,1.4421,1.4427
"ELM-sliding_5-net_para_{'hidden_size': (200, False), 'activation': 0}",0.0274,,0.00421405,0.0344,0.9975,0.0066,0.0001,0.0,0.9973,0.0089,2.2043,2.1844,0.9975,7.9858,115.0154,0.0004,0.9973,10.7245,1.5242,1.5157
"ELM-sliding_2-net_para_{'hidden_size': (20, False), 'activation': 0}",0.0125,,0.00197864,0.0162,0.9974,0.0063,0.0001,0.0,0.9974,0.0087,2.0909,2.0909,0.9974,7.6257,110.4865,0.0004,0.9974,10.5113,1.449,1.4498
"ELM-sliding_3-net_para_{'hidden_size': (20, False), 'activation': 0}",0.0147,,0.00222135,0.0186,0.9974,0.0066,0.0001,0.0,0.9973,0.0089,2.172,2.1592,0.9974,7.8885,114.4958,0.0004,0.9973,10.7003,1.5035,1.4981
"ELM-sliding_5-net_para_{'hidden_size': (20, False), 'activation': 0}",0.0269,,0.00396609,0.0334,0.9975,0.0064,0.0001,0.0,0.9973,0.0088,2.1083,2.1238,0.9975,7.7332,112.6591,0.0004,0.9973,10.6141,1.462,1.4697
"ELM-sliding_2-net_para_{'hidden_size': (40, False), 'activation': 0}",0.0112,,0.00172997,0.0144,0.9974,0.0064,0.0001,0.0,0.9973,0.0089,2.1103,2.1234,0.9974,7.7065,113.7696,0.0004,0.9973,10.6663,1.4625,1.4687
"ELM-sliding_3-net_para_{'hidden_size': (40, False), 'activation': 0}",0.0143,,0.00225711,0.0184,0.9974,0.0063,0.0001,0.0,0.9974,0.0087,2.0825,2.0822,0.9974,7.585,108.7395,0.0004,0.9974,10.4278,1.4421,1.4427
"ELM-sliding_5-net_para_{'hidden_size': (40, False), 'activation': 0}",0.0272,,0.0041101,0.0339,0.9975,0.0066,0.0001,0.0,0.9973,0.0088,2.1855,2.1665,0.9975,7.8937,112.5945,0.0004,0.9973,10.6111,1.5096,1.5017
"ELM-sliding_2-net_para_{'hidden_size': (50, False), 'activation': 0}",0.0113,,0.00180173,0.0145,0.9974,0.0063,0.0001,0.0,0.9974,0.0087,2.0909,2.0909,0.9974,7.6257,110.4865,0.0004,0.9974,10.5113,1.449,1.4498
"ELM-sliding_3-net_para_{'hidden_size': (50, False), 'activation': 0}",0.0145,,0.00223374,0.0185,0.9974,0.0063,0.0001,0.0,0.9974,0.0087,2.0782,2.0806,0.9974,7.5799,108.9804,0.0004,0.9974,10.4394,1.4396,1.4413
"ELM-sliding_5-net_para_{'hidden_size': (50, False), 'activation': 0}",0.0268,,0.00396013,0.0333,0.9975,0.0066,0.0001,0.0,0.9973,0.0089,2.1958,2.1766,0.9975,7.9625,114.5847,0.0004,0.9973,10.7044,1.5188,1.5106
"ELM-sliding_2-net_para_{'hidden_size': (100, False), 'activation': 0}",0.0113,,0.00172853,0.0144,0.9974,0.0064,0.0001,0.0,0.9974,0.0087,2.0931,2.0924,0.9974,7.6293,110.4861,0.0004,0.9974,10.5112,1.4502,1.4507
"ELM-sliding_3-net_para_{'hidden_size': (100, False), 'activation': 0}",0.0143,,0.00224662,0.0184,0.9974,0.0063,0.0001,0.0,0.9974,0.0087,2.0825,2.0822,0.9974,7.585,108.7395,0.0004,0.9974,10.4278,1.4421,1.4427
"ELM-sliding_5-net_para_{'hidden_size': (100, False), 'activation': 0}",0.0271,,0.00395679,0.0336,0.9975,0.0071,0.0001,0.0,0.9969,0.0095,2.3201,2.351,0.9975,8.5058,131.3074,0.0005,0.9969,11.4589,1.6086,1.6231
"ELM-sliding_2-net_para_{'hidden_size': (150, False), 'activation': 0}",0.0112,,0.00180316,0.0144,0.9973,0.0071,0.0001,0.0,0.9968,0.0097,2.3016,2.3316,0.9973,8.5079,135.7285,0.0005,0.9968,11.6503,1.5999,1.6143
"ELM-sliding_3-net_para_{'hidden_size': (150, False), 'activation': 0}",0.0144,,0.00221348,0.0183,0.9974,0.0063,0.0001,0.0,0.9974,0.0087,2.0892,2.0877,0.9974,7.609,109.1325,0.0004,0.9974,10.4466,1.4469,1.4467
"ELM-sliding_5-net_para_{'hidden_size': (150, False), 'activation': 0}",0.0268,,0.00399756,0.0333,0.9975,0.0083,0.0001,0.0001,0.996,0.0107,2.7784,2.8347,0.9975,9.9608,166.4062,0.0006,0.996,12.8999,1.9136,1.9385
"ELM-sliding_2-net_para_{'hidden_size': (200, False), 'activation': 0}",0.0112,,0.00171971,0.0144,0.9974,0.0063,0.0001,0.0,0.9974,0.0087,2.0909,2.0909,0.9974,7.6257,110.4865,0.0004,0.9974,10.5113,1.449,1.4498
"ELM-sliding_3-net_para_{'hidden_size': (200, False), 'activation': 0}",0.0144,,0.00227642,0.0184,0.9974,0.0063,0.0001,0.0,0.9974,0.0087,2.0825,2.0822,0.9974,7.585,108.7395,0.0004,0.9974,10.4278,1.4421,1.4427
"ELM-sliding_5-net_para_{'hidden_size': (200, False), 'activation': 0}",0.027,,0.00400496,0.0336,0.9975,0.0062,0.0001,0.0,0.9975,0.0085,2.0396,2.0387,0.9975,7.428,103.8385,0.0004,0.9975,10.1901,1.4119,1.4121
"ELM-sliding_2-net_para_{'hidden_size': (20, False), 'activation': 0}",0.0123,,0.00180697,0.0158,0.9974,0.0063,0.0001,0.0,0.9974,0.0087,2.0909,2.0909,0.9974,7.6257,110.4865,0.0004,0.9974,10.5113,1.449,1.4498
"ELM-sliding_3-net_para_{'hidden_size': (20, False), 'activation': 0}",0.0144,,0.00220799,0.0183,0.9974,0.0063,0.0001,0.0,0.9974,0.0087,2.0825,2.0822,0.9974,7.585,108.7395,0.0004,0.9974,10.4278,1.4421,1.4427
"ELM-sliding_5-net_para_{'hidden_size': (20, False), 'activation': 0}",0.0266,,0.00399017,0.0331,0.9975,0.0062,0.0001,0.0,0.9975,0.0085,2.0381,2.0415,0.9975,7.4316,104.4049,0.0004,0.9975,10.2179,1.4114,1.4134
"ELM-sliding_2-net_para_{'hidden_size': (40, False), 'activation': 0}",0.0113,,0.00174022,0.0144,0.9974,0.0063,0.0001,0.0,0.9974,0.0087,2.0909,2.0909,0.9974,7.6257,110.4865,0.0004,0.9974,10.5113,1.449,1.4498
"ELM-sliding_3-net_para_{'hidden_size': (40, False), 'activation': 0}",0.0144,,0.00227451,0.0185,0.9974,0.0063,0.0001,0.0,0.9974,0.0087,2.0825,2.0822,0.9974,7.585,108.7395,0.0004,0.9974,10.4278,1.4421,1.4427
"ELM-sliding_5-net_para_{'hidden_size': (40, False), 'activation': 0}",0.0266,,0.0039866,0.0332,0.9975,0.0064,0.0001,0.0,0.9974,0.0087,2.0769,2.0885,0.9975,7.6342,110.4626,0.0004,0.9974,10.5101,1.4411,1.4473
"ELM-sliding_2-net_para_{'hidden_size': (50, False), 'activation': 0}",0.0115,,0.00176644,0.0146,0.9974,0.0063,0.0001,0.0,0.9974,0.0087,2.0909,2.0909,0.9974,7.6257,110.4865,0.0004,0.9974,10.5113,1.449,1.4498
"ELM-sliding_3-net_para_{'hidden_size': (50, False), 'activation': 0}",0.0144,,0.00221729,0.0184,0.9974,0.0063,0.0001,0.0,0.9974,0.0087,2.0805,2.0875,0.9974,7.6093,110.3601,0.0004,0.9974,10.5052,1.4422,1.446
"ELM-sliding_5-net_para_{'hidden_size': (50, False), 'activation': 0}",0.0267,,0.00395727,0.0332,0.9975,0.0065,0.0001,0.0,0.9974,0.0087,2.1389,2.1243,0.9975,7.7671,110.3725,0.0004,0.9974,10.5058,1.48,1.4738
"ELM-sliding_2-net_para_{'hidden_size': (100, False), 'activation': 0}",0.0114,,0.00173378,0.0146,0.9974,0.0065,0.0001,0.0,0.9972,0.009,2.123,2.1379,0.9974,7.8004,116.6457,0.0004,0.9972,10.8003,1.4737,1.4811
"ELM-sliding_3-net_para_{'hidden_size': (100, False), 'activation': 0}",0.0145,,0.00229549,0.0186,0.9974,0.007,0.0001,0.0,0.9968,0.0096,2.294,2.3232,0.9974,8.4486,132.6613,0.0005,0.9968,11.5179,1.5926,1.6064
"ELM-sliding_5-net_para_{'hidden_size': (100, False), 'activation': 0}",0.0267,,0.00400162,0.0333,0.9975,0.0063,0.0001,0.0,0.9974,0.0087,2.0663,2.0767,0.9975,7.5777,108.8897,0.0004,0.9974,10.435,1.4329,1.4384
"ELM-sliding_2-net_para_{'hidden_size': (150, False), 'activation': 0}",0.0113,,0.00180459,0.0145,0.9974,0.0065,0.0001,0.0,0.9973,0.0088,2.1552,2.1447,0.9974,7.7986,112.6621,0.0004,0.9973,10.6142,1.4902,1.4863
"ELM-sliding_3-net_para_{'hidden_size': (150, False), 'activation': 0}",0.0146,,0.00223088,0.0186,0.9974,0.0063,0.0001,0.0,0.9974,0.0087,2.0825,2.0822,0.9974,7.585,108.7395,0.0004,0.9974,10.4278,1.4421,1.4427
"ELM-sliding_5-net_para_{'hidden_size': (150, False), 'activation': 0}",0.0268,,0.00398207,0.0335,0.9975,0.0062,0.0001,0.0,0.9975,0.0085,2.0396,2.0387,0.9975,7.428,103.8385,0.0004,0.9975,10.1901,1.4119,1.4121
"ELM-sliding_2-net_para_{'hidden_size': (200, False), 'activation': 0}",0.0113,,0.0017271,0.0144,0.9974,0.0063,0.0001,0.0,0.9974,0.0087,2.0909,2.0909,0.9974,7.6257,110.4865,0.0004,0.9974,10.5113,1.449,1.4498
"ELM-sliding_3-net_para_{'hidden_size': (200, False), 'activation': 0}",0.0143,,0.00225282,0.0184,0.9974,0.0063,0.0001,0.0,0.9974,0.0087,2.0825,2.0822,0.9974,7.585,108.7395,0.0004,0.9974,10.4278,1.4421,1.4427
"ELM-sliding_5-net_para_{'hidden_size': (200, False), 'activation': 0}",0.027,,0.00398517,0.0336,0.9975,0.0062,0.0001,0.0,0.9975,0.0085,2.0396,2.0387,0.9975,7.428,103.8385,0.0004,0.9975,10.1901,1.4119,1.4121
"ELM-sliding_2-net_para_{'hidden_size': (20, False), 'activation': 0}",0.0123,,0.00174451,0.0158,0.9974,0.0063,0.0001,0.0,0.9974,0.0087,2.0909,2.0909,0.9974,7.6257,110.4865,0.0004,0.9974,10.5113,1.449,1.4498
"ELM-sliding_3-net_para_{'hidden_size': (20, False), 'activation': 0}",0.0144,,0.00220704,0.0183,0.9973,0.0067,0.0001,0.0,0.9972,0.0091,2.1873,2.1751,0.9973,8.0173,118.6257,0.0004,0.9972,10.8915,1.5186,1.5128
"ELM-sliding_5-net_para_{'hidden_size': (20, False), 'activation': 0}",0.0268,,0.00398374,0.0333,0.9975,0.0062,0.0001,0.0,0.9975,0.0085,2.0396,2.0387,0.9975,7.428,103.8385,0.0004,0.9975,10.1901,1.4119,1.4121
"ELM-sliding_2-net_para_{'hidden_size': (40, False), 'activation': 0}",0.0113,,0.00180721,0.0146,0.9974,0.0063,0.0001,0.0,0.9974,0.0087,2.0909,2.0909,0.9974,7.6257,110.4865,0.0004,0.9974,10.5113,1.449,1.4498
"ELM-sliding_3-net_para_{'hidden_size': (40, False), 'activation': 0}",0.0147,,0.00241399,0.0191,0.9974,0.0063,0.0001,0.0,0.9974,0.0087,2.0825,2.0822,0.9974,7.585,108.7395,0.0004,0.9974,10.4278,1.4421,1.4427
"ELM-sliding_5-net_para_{'hidden_size': (40, False), 'activation': 0}",0.0268,,0.00413489,0.0335,0.9975,0.0067,0.0001,0.0,0.9971,0.0092,2.1818,2.2028,0.9975,8.0782,121.7953,0.0004,0.9971,11.0361,1.5171,1.5275
"ELM-sliding_2-net_para_{'hidden_size': (50, False), 'activation': 0}",0.0112,,0.00178814,0.0144,0.9974,0.0063,0.0001,0.0,0.9974,0.0087,2.0909,2.0909,0.9974,7.6257,110.4865,0.0004,0.9974,10.5113,1.449,1.4498
"ELM-sliding_3-net_para_{'hidden_size': (50, False), 'activation': 0}",0.0146,,0.00229049,0.0189,0.9974,0.0076,0.0001,0.0001,0.9965,0.0102,2.4648,2.5042,0.9974,9.0828,149.1358,0.0005,0.9965,12.2121,1.7115,1.7299
"ELM-sliding_5-net_para_{'hidden_size': (50, False), 'activation': 0}",0.0273,,0.00400376,0.0338,0.9975,0.0062,0.0001,0.0,0.9975,0.0085,2.0396,2.0387,0.9975,7.428,103.8385,0.0004,0.9975,10.1901,1.4119,1.4121
"ELM-sliding_2-net_para_{'hidden_size': (100, False), 'activation': 0}",0.0113,,0.00175476,0.0145,0.9974,0.0063,0.0001,0.0,0.9974,0.0087,2.0909,2.0909,0.9974,7.6257,110.4865,0.0004,0.9974,10.5113,1.449,1.4498
"ELM-sliding_3-net_para_{'hidden_size': (100, False), 'activation': 0}",0.0145,,0.00220394,0.0184,0.9974,0.0063,0.0001,0.0,0.9974,0.0087,2.0825,2.0822,0.9974,7.585,108.7395,0.0004,0.9974,10.4278,1.4421,1.4427
"ELM-sliding_5-net_para_{'hidden_size': (100, False), 'activation': 0}",0.0269,,0.00395179,0.0335,0.9975,0.0064,0.0001,0.0,0.9974,0.0087,2.1427,2.127,0.9975,7.7399,109.209,0.0004,0.9974,10.4503,1.4799,1.4736
"ELM-sliding_2-net_para_{'hidden_size': (150, False), 'activation': 0}",0.0117,,0.00181699,0.015,0.9974,0.0063,0.0001,0.0,0.9974,0.0087,2.0909,2.0909,0.9974,7.6257,110.4865,0.0004,0.9974,10.5113,1.449,1.4498
"ELM-sliding_3-net_para_{'hidden_size': (150, False), 'activation': 0}",0.0144,,0.00225925,0.0185,0.9974,0.0063,0.0001,0.0,0.9974,0.0087,2.0825,2.0822,0.9974,7.585,108.7395,0.0004,0.9974,10.4278,1.4421,1.4427
"ELM-sliding_5-net_para_{'hidden_size': (150, False), 'activation': 0}",0.0267,,0.00396562,0.0332,0.9975,0.0062,0.0001,0.0,0.9975,0.0086,2.0509,2.0589,0.9975,7.4956,106.5383,0.0004,0.9975,10.3217,1.421,1.4252
"ELM-sliding_2-net_para_{'hidden_size': (200, False), 'activation': 0}",0.0112,,0.00174618,0.0144,0.9974,0.0064,0.0001,0.0,0.9974,0.0088,2.1319,2.124,0.9974,7.7196,111.275,0.0004,0.9974,10.5487,1.4741,1.4716
"ELM-sliding_3-net_para_{'hidden_size': (200, False), 'activation': 0}",0.0146,,0.00224137,0.0186,0.9974,0.0066,0.0001,0.0,0.9972,0.0091,2.1653,2.1849,0.9974,7.9307,118.9921,0.0004,0.9972,10.9083,1.5009,1.5103
"ELM-sliding_5-net_para_{'hidden_size': (200, False), 'activation': 0}",0.0267,,0.00399017,0.0332,0.9973,0.0093,0.0001,0.0001,0.9953,0.0118,3.1203,3.0533,0.9973,11.2159,199.5585,0.0007,0.9953,14.1265,2.1529,2.1231
"ELM-sliding_2-net_para_{'hidden_size': (20, False), 'activation': 0}",0.0126,,0.00176454,0.0161,0.9974,0.0063,0.0001,0.0,0.9974,0.0087,2.0909,2.0909,0.9974,7.6257,110.4865,0.0004,0.9974,10.5113,1.449,1.4498
"ELM-sliding_3-net_para_{'hidden_size': (20, False), 'activation': 0}",0.0146,,0.00220633,0.0185,0.9974,0.0063,0.0001,0.0,0.9974,0.0087,2.0788,2.0849,0.9974,7.6003,110.0368,0.0004,0.9974,10.4898,1.4409,1.4443
"ELM-sliding_5-net_para_{'hidden_size': (20, False), 'activation': 0}",0.0267,,0.00397801,0.0332,0.9975,0.0062,0.0001,0.0,0.9975,0.0085,2.0396,2.0387,0.9975,7.428,103.8385,0.0004,0.9975,10.1901,1.4119,1.4121
"ELM-sliding_2-net_para_{'hidden_size': (40, False), 'activation': 0}",0.0114,,0.00179148,0.0147,0.9974,0.0063,0.0001,0.0,0.9974,0.0087,2.0909,2.0909,0.9974,7.6257,110.4865,0.0004,0.9974,10.5113,1.449,1.4498
"ELM-sliding_3-net_para_{'hidden_size': (40, False), 'activation': 0}",0.0143,,0.00226736,0.0184,0.9974,0.0063,0.0001,0.0,0.9974,0.0087,2.0825,2.0822,0.9974,7.585,108.7395,0.0004,0.9974,10.4278,1.4421,1.4427
"ELM-sliding_5-net_para_{'hidden_size': (40, False), 'activation': 0}",0.0268,,0.00396776,0.0334,0.9975,0.0064,0.0001,0.0,0.9974,0.0087,2.1495,2.133,0.9975,7.7396,108.9113,0.0004,0.9974,10.4361,1.483,1.4765
"ELM-sliding_2-net_para_{'hidden_size': (50, False), 'activation': 0}",0.0112,,0.00172424,0.0143,0.9974,0.0063,0.0001,0.0,0.9974,0.0087,2.0909,2.0909,0.9974,7.6257,110.4865,0.0004,0.9974,10.5113,1.449,1.4498
"ELM-sliding_3-net_para_{'hidden_size': (50, False), 'activation': 0}",0.0148,,0.00221324,0.0187,0.9974,0.0071,0.0001,0.0,0.9968,0.0097,2.3184,2.3492,0.9974,8.5285,134.5849,0.0005,0.9968,11.6011,1.6089,1.6235
"ELM-sliding_5-net_para_{'hidden_size': (50, False), 'activation': 0}",0.0269,,0.00396419,0.0334,0.9975,0.0062,0.0001,0.0,0.9975,0.0085,2.0396,2.0387,0.9975,7.428,103.8385,0.0004,0.9975,10.1901,1.4119,1.4121
"ELM-sliding_2-net_para_{'hidden_size': (100, False), 'activation': 0}",0.0115,,0.00173354,0.0147,0.9974,0.0063,0.0001,0.0,0.9974,0.0087,2.0909,2.0909,0.9974,7.6257,110.4865,0.0004,0.9974,10.5113,1.449,1.4498
"ELM-sliding_3-net_para_{'hidden_size': (100, False), 'activation': 0}",0.0144,,0.00226903,0.0184,0.9974,0.0063,0.0001,0.0,0.9974,0.0087,2.0825,2.0822,0.9974,7.585,108.7395,0.0004,0.9974,10.4278,1.4421,1.4427
"ELM-sliding_5-net_para_{'hidden_size': (100, False), 'activation': 0}",0.0267,,0.00397325,0.0333,0.9975,0.0072,0.0001,0.0,0.9969,0.0095,2.416,2.3824,0.9975,8.6406,129.2037,0.0004,0.9969,11.3668,1.664,1.6497
"ELM-sliding_2-net_para_{'hidden_size': (150, False), 'activation': 0}",0.0113,,0.00174427,0.0144,0.9974,0.0063,0.0001,0.0,0.9974,0.0088,2.0844,2.0898,0.9974,7.6207,111.1668,0.0004,0.9974,10.5436,1.4455,1.4485
"ELM-sliding_3-net_para_{'hidden_size': (150, False), 'activation': 0}",0.0144,,0.0022471,0.0184,0.9974,0.0063,0.0001,0.0,0.9974,0.0087,2.0825,2.0822,0.9974,7.585,108.7395,0.0004,0.9974,10.4278,1.4421,1.4427
"ELM-sliding_5-net_para_{'hidden_size': (150, False), 'activation': 0}",0.0267,,0.00394893,0.0332,0.9974,0.0081,0.0001,0.0001,0.9963,0.0104,2.6935,2.6465,0.9974,9.6908,156.9763,0.0005,0.9963,12.529,1.8589,1.8382
"ELM-sliding_2-net_para_{'hidden_size': (200, False), 'activation': 0}",0.0113,,0.00178742,0.0145,0.9974,0.0063,0.0001,0.0,0.9974,0.0087,2.0909,2.0909,0.9974,7.6257,110.4865,0.0004,0.9974,10.5113,1.449,1.4498
"ELM-sliding_3-net_para_{'hidden_size': (200, False), 'activation': 0}",0.0143,,0.00226593,0.0183,0.9974,0.0063,0.0001,0.0,0.9974,0.0087,2.0825,2.0822,0.9974,7.585,108.7395,0.0004,0.9974,10.4278,1.4421,1.4427
"ELM-sliding_5-net_para_{'hidden_size': (200, False), 'activation': 0}",0.0266,,0.00401878,0.0333,0.9975,0.0065,0.0001,0.0,0.9974,0.0087,2.1657,2.1479,0.9975,7.7931,110.0192,0.0004,0.9974,10.489,1.494,1.4869
"ELM-sliding_2-net_para_{'hidden_size': (20, False), 'activation': 0}",0.0118,,0.00177622,0.0152,0.9974,0.0063,0.0001,0.0,0.9974,0.0087,2.0909,2.0909,0.9974,7.6257,110.4865,0.0004,0.9974,10.5113,1.449,1.4498
"ELM-sliding_3-net_para_{'hidden_size': (20, False), 'activation': 0}",0.0142,,0.00230145,0.0183,0.9974,0.0063,0.0001,0.0,0.9974,0.0087,2.0825,2.0822,0.9974,7.585,108.7395,0.0004,0.9974,10.4278,1.4421,1.4427
"ELM-sliding_5-net_para_{'hidden_size': (20, False), 'activation': 0}",0.0262,,0.00387597,0.0329,0.9975,0.0062,0.0001,0.0,0.9975,0.0085,2.0396,2.0387,0.9975,7.428,103.8385,0.0004,0.9975,10.1901,1.4119,1.4121
"ELM-sliding_2-net_para_{'hidden_size': (40, False), 'activation': 0}",0.0109,,0.00176024,0.0141,0.9974,0.0063,0.0001,0.0,0.9974,0.0087,2.0909,2.0909,0.9974,7.6257,110.4865,0.0004,0.9974,10.5113,1.449,1.4498
"ELM-sliding_3-net_para_{'hidden_size': (40, False), 'activation': 0}",0.0141,,0.00225544,0.0181,0.9974,0.0063,0.0001,0.0,0.9974,0.0087,2.0825,2.0822,0.9974,7.585,108.7395,0.0004,0.9974,10.4278,1.4421,1.4427
"ELM-sliding_5-net_para_{'hidden_size': (40, False), 'activation': 0}",0.026,,0.00388861,0.0325,0.9975,0.0078,0.0001,0.0001,0.9964,0.0103,2.5374,2.5803,0.9975,9.3137,152.02,0.0005,0.9964,12.3296,1.7601,1.7799
"ELM-sliding_2-net_para_{'hidden_size': (50, False), 'activation': 0}",0.0112,,0.00176358,0.0144,0.9974,0.0071,0.0001,0.0,0.9968,0.0096,2.3493,2.3837,0.9974,8.4832,132.8576,0.0005,0.9968,11.5264,1.6216,1.6369
"ELM-sliding_3-net_para_{'hidden_size': (50, False), 'activation': 0}",0.0143,,0.0022707,0.0184,0.9974,0.0063,0.0001,0.0,0.9974,0.0087,2.0825,2.0822,0.9974,7.585,108.7395,0.0004,0.9974,10.4278,1.4421,1.4427
"ELM-sliding_5-net_para_{'hidden_size': (50, False), 'activation': 0}",0.0261,,0.00387096,0.0326,0.9975,0.0062,0.0001,0.0,0.9975,0.0085,2.0396,2.0387,0.9975,7.428,103.8385,0.0004,0.9975,10.1901,1.4119,1.4121
"ELM-sliding_2-net_para_{'hidden_size': (100, False), 'activation': 0}",0.0109,,0.00172234,0.0141,0.9974,0.0063,0.0001,0.0,0.9974,0.0087,2.0909,2.0909,0.9974,7.6257,110.4865,0.0004,0.9974,10.5113,1.449,1.4498
"ELM-sliding_3-net_para_{'hidden_size': (100, False), 'activation': 0}",0.0148,,0.00226188,0.0188,0.9974,0.0063,0.0001,0.0,0.9974,0.0087,2.0825,2.0822,0.9974,7.585,108.7395,0.0004,0.9974,10.4278,1.4421,1.4427
"ELM-sliding_5-net_para_{'hidden_size': (100, False), 'activation': 0}",0.0267,,0.00382566,0.0332,0.9975,0.0062,0.0001,0.0,0.9975,0.0085,2.0375,2.0374,0.9975,7.4257,104.0866,0.0004,0.9975,10.2023,1.4105,1.4114
"ELM-sliding_2-net_para_{'hidden_size': (150, False), 'activation': 0}",0.0109,,0.00174809,0.014,0.9974,0.0065,0.0001,0.0,0.9973,0.0089,2.139,2.1558,0.9974,7.7587,114.8204,0.0004,0.9973,10.7154,1.4791,1.4865
"ELM-sliding_3-net_para_{'hidden_size': (150, False), 'activation': 0}",0.0142,,0.00224662,0.0182,0.9974,0.0063,0.0001,0.0,0.9974,0.0087,2.0825,2.0822,0.9974,7.585,108.7395,0.0004,0.9974,10.4278,1.4421,1.4427
"ELM-sliding_5-net_para_{'hidden_size': (150, False), 'activation': 0}",0.0265,,0.00382447,0.0328,0.9975,0.0062,0.0001,0.0,0.9975,0.0085,2.0396,2.0387,0.9975,7.428,103.8385,0.0004,0.9975,10.1901,1.4119,1.4121
"ELM-sliding_2-net_para_{'hidden_size': (200, False), 'activation': 0}",0.0109,,0.00174546,0.014,0.9974,0.0063,0.0001,0.0,0.9974,0.0087,2.0909,2.0909,0.9974,7.6257,110.4865,0.0004,0.9974,10.5113,1.449,1.4498
"ELM-sliding_3-net_para_{'hidden_size': (200, False), 'activation': 0}",0.0143,,0.00218892,0.0181,0.9974,0.0067,0.0001,0.0,0.9971,0.0092,2.1832,2.2042,0.9974,8.0244,121.6656,0.0004,0.9971,11.0302,1.5148,1.5249
"ELM-sliding_5-net_para_{'hidden_size': (200, False), 'activation': 0}",0.0261,,0.00389004,0.0325,0.9975,0.0062,0.0001,0.0,0.9975,0.0085,2.0396,2.0387,0.9975,7.428,103.8385,0.0004,0.9975,10.1901,1.4119,1.4121
"ELM-sliding_2-net_para_{'hidden_size': (20, False), 'activation': 0}",0.0123,,0.00199413,0.016,0.9974,0.0063,0.0001,0.0,0.9974,0.0087,2.0909,2.0909,0.9974,7.6257,110.4865,0.0004,0.9974,10.5113,1.449,1.4498
"ELM-sliding_3-net_para_{'hidden_size': (20, False), 'activation': 0}",0.0143,,0.00220037,0.0183,0.9974,0.0063,0.0001,0.0,0.9974,0.0087,2.0825,2.0822,0.9974,7.585,108.7395,0.0004,0.9974,10.4278,1.4421,1.4427
"ELM-sliding_5-net_para_{'hidden_size': (20, False), 'activation': 0}",0.0263,,0.00388312,0.0327,0.9975,0.0062,0.0001,0.0,0.9975,0.0085,2.0396,2.0387,0.9975,7.428,103.8385,0.0004,0.9975,10.1901,1.4119,1.4121
"ELM-sliding_2-net_para_{'hidden_size': (40, False), 'activation': 0}",0.0109,,0.00180554,0.0141,0.9973,0.0101,0.0002,0.0001,0.9948,0.0123,3.6175,3.5234,0.9973,12.1845,217.5581,0.0008,0.9948,14.7499,2.4477,2.4087
"ELM-sliding_3-net_para_{'hidden_size': (40, False), 'activation': 0}",0.0143,,0.00222087,0.0182,0.9974,0.0063,0.0001,0.0,0.9974,0.0087,2.0825,2.0822,0.9974,7.585,108.7395,0.0004,0.9974,10.4278,1.4421,1.4427
"ELM-sliding_5-net_para_{'hidden_size': (40, False), 'activation': 0}",0.0265,,0.00386596,0.033,0.9975,0.0062,0.0001,0.0,0.9975,0.0085,2.0394,2.0439,0.9975,7.4522,105.2726,0.0004,0.9975,10.2602,1.4129,1.4158
"ELM-sliding_2-net_para_{'hidden_size': (50, False), 'activation': 0}",0.0112,,0.00179386,0.0145,0.9974,0.0063,0.0001,0.0,0.9974,0.0087,2.0909,2.0909,0.9974,7.6257,110.4865,0.0004,0.9974,10.5113,1.449,1.4498
"ELM-sliding_3-net_para_{'hidden_size': (50, False), 'activation': 0}",0.0148,,0.00228238,0.019,0.9974,0.0063,0.0001,0.0,0.9974,0.0087,2.0825,2.0822,0.9974,7.585,108.7395,0.0004,0.9974,10.4278,1.4421,1.4427
"ELM-sliding_5-net_para_{'hidden_size': (50, False), 'activation': 0}",0.0261,,0.00385857,0.0327,0.9975,0.0066,0.0001,0.0,0.9973,0.0089,2.2002,2.1801,0.9975,7.934,113.3495,0.0004,0.9973,10.6466,1.519,1.5107
"ELM-sliding_2-net_para_{'hidden_size': (100, False), 'activation': 0}",0.011,,0.00172758,0.0141,0.9974,0.0063,0.0001,0.0,0.9974,0.0087,2.0909,2.0909,0.9974,7.6257,110.4865,0.0004,0.9974,10.5113,1.449,1.4498
"ELM-sliding_3-net_para_{'hidden_size': (100, False), 'activation': 0}",0.0142,,0.00224924,0.0182,0.9974,0.0063,0.0001,0.0,0.9974,0.0087,2.0825,2.0822,0.9974,7.585,108.7395,0.0004,0.9974,10.4278,1.4421,1.4427
"ELM-sliding_5-net_para_{'hidden_size': (100, False), 'activation': 0}",0.0272,,0.00391626,0.0337,0.9975,0.0064,0.0001,0.0,0.9973,0.0088,2.1126,2.1287,0.9975,7.7424,112.821,0.0004,0.9973,10.6217,1.4647,1.4726
"ELM-sliding_2-net_para_{'hidden_size': (150, False), 'activation': 0}",0.0112,,0.00181413,0.0144,0.9974,0.0063,0.0001,0.0,0.9974,0.0087,2.0909,2.0909,0.9974,7.6257,110.4865,0.0004,0.9974,10.5113,1.449,1.4498
"ELM-sliding_3-net_para_{'hidden_size': (150, False), 'activation': 0}",0.0143,,0.00220013,0.0182,0.9974,0.0063,0.0001,0.0,0.9974,0.0087,2.0825,2.0822,0.9974,7.585,108.7395,0.0004,0.9974,10.4278,1.4421,1.4427
"ELM-sliding_5-net_para_{'hidden_size': (150, False), 'activation': 0}",0.0263,,0.00389242,0.0329,0.9975,0.0072,0.0001,0.0,0.997,0.0094,2.3971,2.3648,0.9975,8.5913,128.224,0.0004,0.997,11.3236,1.6521,1.6383
"ELM-sliding_2-net_para_{'hidden_size': (200, False), 'activation': 0}",0.011,,0.00177121,0.0142,0.9974,0.0063,0.0001,0.0,0.9974,0.0087,2.0909,2.0909,0.9974,7.6257,110.4865,0.0004,0.9974,10.5113,1.449,1.4498
"ELM-sliding_3-net_para_{'hidden_size': (200, False), 'activation': 0}",0.0144,,0.00221658,0.0184,0.9974,0.0063,0.0001,0.0,0.9974,0.0087,2.0825,2.0822,0.9974,7.585,108.7395,0.0004,0.9974,10.4278,1.4421,1.4427
"ELM-sliding_5-net_para_{'hidden_size': (200, False), 'activation': 0}",0.0261,,0.00387025,0.0325,0.9975,0.0062,0.0001,0.0,0.9975,0.0085,2.0396,2.0387,0.9975,7.428,103.8385,0.0004,0.9975,10.1901,1.4119,1.4121
"ELM-sliding_2-net_para_{'hidden_size': (20, False), 'activation': 0}",0.0068,,0.00105715,0.0089,0.9974,0.0063,0.0001,0.0,0.9974,0.0087,2.0909,2.0909,0.9974,7.6257,110.4865,0.0004,0.9974,10.5113,1.449,1.4498
"ELM-sliding_3-net_para_{'hidden_size': (20, False), 'activation': 0}",0.0084,,0.00130224,0.0107,0.9974,0.0063,0.0001,0.0,0.9974,0.0087,2.0825,2.0822,0.9974,7.585,108.7395,0.0004,0.9974,10.4278,1.4421,1.4427
"ELM-sliding_5-net_para_{'hidden_size': (20, False), 'activation': 0}",0.0153,,0.00235415,0.0192,0.9975,0.0062,0.0001,0.0,0.9975,0.0085,2.0386,2.0388,0.9975,7.4269,103.8724,0.0004,0.9975,10.1918,1.4114,1.412
"ELM-sliding_2-net_para_{'hidden_size': (40, False), 'activation': 0}",0.0064,,0.00101399,0.0083,0.9973,0.009,0.0001,0.0001,0.9954,0.0116,3.0602,3.133,0.9973,10.8436,193.7338,0.0007,0.9954,13.9188,2.1002,2.1319
"ELM-sliding_3-net_para_{'hidden_size': (40, False), 'activation': 0}",0.0084,,0.00128484,0.0107,0.9974,0.0063,0.0001,0.0,0.9974,0.0087,2.0825,2.0822,0.9974,7.585,108.7395,0.0004,0.9974,10.4278,1.4421,1.4427
"ELM-sliding_5-net_para_{'hidden_size': (40, False), 'activation': 0}",0.0153,,0.00229526,0.0192,0.9975,0.0062,0.0001,0.0,0.9975,0.0085,2.0396,2.0387,0.9975,7.428,103.8385,0.0004,0.9975,10.1901,1.4119,1.4121
"ELM-sliding_2-net_para_{'hidden_size': (50, False), 'activation': 0}",0.0065,,0.00100398,0.0083,0.9974,0.007,0.0001,0.0,0.997,0.0093,2.3365,2.312,0.9974,8.3992,124.9912,0.0004,0.997,11.1799,1.6129,1.6026
"ELM-sliding_3-net_para_{'hidden_size': (50, False), 'activation': 0}",0.0082,,0.00132704,0.0106,0.9974,0.0063,0.0001,0.0,0.9974,0.0087,2.0825,2.0822,0.9974,7.585,108.7395,0.0004,0.9974,10.4278,1.4421,1.4427
"ELM-sliding_5-net_para_{'hidden_size': (50, False), 'activation': 0}",0.0152,,0.00227284,0.0191,0.9975,0.0062,0.0001,0.0,0.9975,0.0085,2.0396,2.0387,0.9975,7.428,103.8385,0.0004,0.9975,10.1901,1.4119,1.4121
"ELM-sliding_2-net_para_{'hidden_size': (100, False), 'activation': 0}",0.0066,,0.00121522,0.0087,0.9974,0.0063,0.0001,0.0,0.9974,0.0087,2.0909,2.0909,0.9974,7.6257,110.4865,0.0004,0.9974,10.5113,1.449,1.4498
"ELM-sliding_3-net_para_{'hidden_size': (100, False), 'activation': 0}",0.0084,,0.00152397,0.0109,0.9974,0.0063,0.0001,0.0,0.9974,0.0087,2.0825,2.0822,0.9974,7.585,108.7395,0.0004,0.9974,10.4278,1.4421,1.4427
"ELM-sliding_5-net_para_{'hidden_size': (100, False), 'activation': 0}",0.0154,,0.00231886,0.0193,0.9975,0.0062,0.0001,0.0,0.9975,0.0085,2.0396,2.0387,0.9975,7.428,103.8385,0.0004,0.9975,10.1901,1.4119,1.4121
"ELM-sliding_2-net_para_{'hidden_size': (150, False), 'activation': 0}",0.011,,0.00182009,0.0141,0.9974,0.0063,0.0001,0.0,0.9974,0.0087,2.0909,2.0909,0.9974,7.6257,110.4865,0.0004,0.9974,10.5113,1.449,1.4498
"ELM-sliding_3-net_para_{'hidden_size': (150, False), 'activation': 0}",0.0142,,0.00227499,0.0182,0.9974,0.0063,0.0001,0.0,0.9974,0.0087,2.0825,2.0822,0.9974,7.585,108.7395,0.0004,0.9974,10.4278,1.4421,1.4427
"ELM-sliding_5-net_para_{'hidden_size': (150, False), 'activation': 0}",0.0261,,0.00398755,0.0327,0.9975,0.0067,0.0001,0.0,0.9973,0.0089,2.2165,2.1953,0.9975,7.9959,114.7864,0.0004,0.9973,10.7138,1.5305,1.5216
"ELM-sliding_2-net_para_{'hidden_size': (200, False), 'activation': 0}",0.0113,,0.00177765,0.0145,0.9974,0.0064,0.0001,0.0,0.9974,0.0088,2.1147,2.1099,0.9974,7.6962,111.2772,0.0004,0.9974,10.5488,1.4648,1.4633
"ELM-sliding_3-net_para_{'hidden_size': (200, False), 'activation': 0}",0.0141,,0.00226092,0.0181,0.9974,0.0063,0.0001,0.0,0.9974,0.0087,2.0825,2.0822,0.9974,7.585,108.7395,0.0004,0.9974,10.4278,1.4421,1.4427
"ELM-sliding_5-net_para_{'hidden_size': (200, False), 'activation': 0}",0.0267,,0.00390315,0.0332,0.9974,0.0077,0.0001,0.0001,0.9964,0.0103,2.4851,2.5241,0.9974,9.255,152.0616,0.0005,0.9964,12.3313,1.7312,1.7498
"ELM-sliding_2-net_para_{'hidden_size': (20, False), 'activation': 0}",0.0118,,0.00167871,0.0151,0.9974,0.0063,0.0001,0.0,0.9974,0.0087,2.0909,2.0909,0.9974,7.6257,110.4865,0.0004,0.9974,10.5113,1.449,1.4498
"ELM-sliding_3-net_para_{'hidden_size': (20, False), 'activation': 0}",0.0142,,0.00225163,0.0182,0.9973,0.0077,0.0001,0.0001,0.9966,0.01,2.565,2.5269,0.9973,9.2057,144.394,0.0005,0.9966,12.0164,1.7696,1.753
"ELM-sliding_5-net_para_{'hidden_size': (20, False), 'activation': 0}",0.0262,,0.00389695,0.0327,0.9975,0.0067,0.0001,0.0,0.9971,0.0091,2.1839,2.2057,0.9975,8.0347,120.1937,0.0004,0.9971,10.9633,1.5157,1.5263
"ELM-sliding_2-net_para_{'hidden_size': (40, False), 'activation': 0}",0.0111,,0.00172615,0.0142,0.9974,0.0075,0.0001,0.0,0.9967,0.0098,2.5502,2.5128,0.9974,9.0052,137.3567,0.0005,0.9967,11.7199,1.7507,1.7351
"ELM-sliding_3-net_para_{'hidden_size': (40, False), 'activation': 0}",0.0139,,0.00228834,0.0179,0.9974,0.0063,0.0001,0.0,0.9974,0.0087,2.0825,2.0822,0.9974,7.585,108.7395,0.0004,0.9974,10.4278,1.4421,1.4427
"ELM-sliding_5-net_para_{'hidden_size': (40, False), 'activation': 0}",0.026,,0.00390124,0.0325,0.9975,0.0068,0.0001,0.0,0.9972,0.0091,2.2403,2.2187,0.9975,8.1656,119.8905,0.0004,0.9972,10.9495,1.5522,1.5426
"ELM-sliding_2-net_para_{'hidden_size': (50, False), 'activation': 0}",0.0109,,0.00176096,0.0141,0.9974,0.0063,0.0001,0.0,0.9974,0.0087,2.0909,2.0909,0.9974,7.6257,110.4865,0.0004,0.9974,10.5113,1.449,1.4498
"ELM-sliding_3-net_para_{'hidden_size': (50, False), 'activation': 0}",0.014,,0.00226283,0.018,0.9974,0.0063,0.0001,0.0,0.9974,0.0087,2.0825,2.0822,0.9974,7.585,108.7395,0.0004,0.9974,10.4278,1.4421,1.4427
"ELM-sliding_5-net_para_{'hidden_size': (50, False), 'activation': 0}",0.0262,,0.00390267,0.0327,0.9973,0.0098,0.0002,0.0001,0.9947,0.0124,3.194,3.2674,0.9973,11.815,222.9077,0.0008,0.9947,14.9301,2.2211,2.2549
"ELM-sliding_2-net_para_{'hidden_size': (100, False), 'activation': 0}",0.0109,,0.00176811,0.0141,0.9974,0.0063,0.0001,0.0,0.9974,0.0087,2.0909,2.0909,0.9974,7.6257,110.4865,0.0004,0.9974,10.5113,1.449,1.4498
"ELM-sliding_3-net_para_{'hidden_size': (100, False), 'activation': 0}",0.0144,,0.0022676,0.0186,0.9974,0.0067,0.0001,0.0,0.9972,0.009,2.2609,2.2395,0.9974,8.0608,116.429,0.0004,0.9972,10.7902,1.5556,1.5473
"ELM-sliding_5-net_para_{'hidden_size': (100, False), 'activation': 0}",0.0266,,0.00383949,0.033,0.9975,0.0063,0.0001,0.0,0.9974,0.0087,2.0579,2.0669,0.9975,7.5434,108.0159,0.0004,0.9974,10.3931,1.4269,1.4318
"ELM-sliding_2-net_para_{'hidden_size': (150, False), 'activation': 0}",0.0108,,0.00171685,0.014,0.9974,0.0063,0.0001,0.0,0.9974,0.0087,2.0909,2.0909,0.9974,7.6257,110.4865,0.0004,0.9974,10.5113,1.449,1.4498
"ELM-sliding_3-net_para_{'hidden_size': (150, False), 'activation': 0}",0.0143,,0.0024364,0.0185,0.9974,0.0066,0.0001,0.0,0.9973,0.0089,2.2022,2.1859,0.9974,7.9411,114.8834,0.0004,0.9973,10.7184,1.5209,1.5143
"ELM-sliding_5-net_para_{'hidden_size': (150, False), 'activation': 0}",0.026,,0.00386977,0.0324,0.9975,0.0062,0.0001,0.0,0.9975,0.0085,2.0396,2.0387,0.9975,7.428,103.8385,0.0004,0.9975,10.1901,1.4119,1.4121
"ELM-sliding_2-net_para_{'hidden_size': (200, False), 'activation': 0}",0.0109,,0.00172806,0.0141,0.9974,0.0063,0.0001,0.0,0.9974,0.0087,2.0909,2.0909,0.9974,7.6257,110.4865,0.0004,0.9974,10.5113,1.449,1.4498
"ELM-sliding_3-net_para_{'hidden_size': (200, False), 'activation': 0}",0.0143,,0.00224614,0.0184,0.9974,0.0063,0.0001,0.0,0.9974,0.0087,2.0825,2.0822,0.9974,7.585,108.7395,0.0004,0.9974,10.4278,1.4421,1.4427
"ELM-sliding_5-net_para_{'hidden_size': (200, False), 'activation': 0}",0.0261,,0.00387359,0.0326,0.9975,0.0062,0.0001,0.0,0.9975,0.0085,2.0396,2.0387,0.9975,7.428,103.8385,0.0004,0.9975,10.1901,1.4119,1.4121
"ELM-sliding_2-net_para_{'hidden_size': (20, False), 'activation': 0}",0.012,,0.00183845,0.0155,0.9974,0.0067,0.0001,0.0,0.9972,0.009,2.2523,2.2331,0.9974,8.0657,117.1864,0.0004,0.9972,10.8253,1.5523,1.5448
"ELM-sliding_3-net_para_{'hidden_size': (20, False), 'activation': 0}",0.0145,,0.00220513,0.0186,0.9974,0.0074,0.0001,0.0001,0.9966,0.01,2.4523,2.4918,0.9974,8.9239,143.6801,0.0005,0.9966,11.9867,1.6964,1.7144
"ELM-sliding_5-net_para_{'hidden_size': (20, False), 'activation': 0}",0.0268,,0.0038774,0.0332,0.9975,0.0066,0.0001,0.0,0.9972,0.0091,2.1589,2.1784,0.9975,7.9646,118.6952,0.0004,0.9972,10.8947,1.4995,1.5093
"ELM-sliding_2-net_para_{'hidden_size': (40, False), 'activation': 0}",0.0109,,0.00176644,0.0141,0.9974,0.0063,0.0001,0.0,0.9974,0.0087,2.0909,2.0909,0.9974,7.6257,110.4865,0.0004,0.9974,10.5113,1.449,1.4498
"ELM-sliding_3-net_para_{'hidden_size': (40, False), 'activation': 0}",0.0142,,0.00228143,0.0182,0.9974,0.0064,0.0001,0.0,0.9973,0.0088,2.0937,2.1042,0.9974,7.6735,112.3293,0.0004,0.9973,10.5985,1.452,1.4574
"ELM-sliding_5-net_para_{'hidden_size': (40, False), 'activation': 0}",0.026,,0.00403762,0.0327,0.9975,0.0068,0.0001,0.0,0.9972,0.009,2.251,2.2278,0.9975,8.1344,118.1823,0.0004,0.9972,10.8712,1.5554,1.5454
"ELM-sliding_2-net_para_{'hidden_size': (50, False), 'activation': 0}",0.011,,0.00176883,0.0142,0.9974,0.0063,0.0001,0.0,0.9974,0.0087,2.0909,2.0909,0.9974,7.6257,110.4865,0.0004,0.9974,10.5113,1.449,1.4498
"ELM-sliding_3-net_para_{'hidden_size': (50, False), 'activation': 0}",0.0141,,0.00226378,0.0182,0.9974,0.0067,0.0001,0.0,0.9971,0.0092,2.1942,2.2163,0.9974,8.0573,122.465,0.0004,0.9971,11.0664,1.522,1.5326
"ELM-sliding_5-net_para_{'hidden_size': (50, False), 'activation': 0}",0.0264,,0.00416851,0.0331,0.9975,0.0062,0.0001,0.0,0.9975,0.0085,2.0396,2.0387,0.9975,7.428,103.8385,0.0004,0.9975,10.1901,1.4119,1.4121
"ELM-sliding_2-net_para_{'hidden_size': (100, False), 'activation': 0}",0.0111,,0.00173759,0.0143,0.9974,0.0063,0.0001,0.0,0.9974,0.0088,2.0876,2.0888,0.9974,7.6202,110.591,0.0004,0.9974,10.5162,1.447,1.4483
"ELM-sliding_3-net_para_{'hidden_size': (100, False), 'activation': 0}",0.0142,,0.00226665,0.0183,0.9974,0.0064,0.0001,0.0,0.9973,0.0088,2.0894,2.0973,0.9974,7.6867,112.7749,0.0004,0.9973,10.6196,1.4503,1.455
"ELM-sliding_5-net_para_{'hidden_size': (100, False), 'activation': 0}",0.0261,,0.00388074,0.0325,0.9974,0.0087,0.0001,0.0001,0.9958,0.0111,2.9191,2.8615,0.9974,10.4892,178.6552,0.0006,0.9958,13.3662,2.014,1.9884
"ELM-sliding_2-net_para_{'hidden_size': (150, False), 'activation': 0}",0.011,,0.00173044,0.0141,0.9974,0.0063,0.0001,0.0,0.9974,0.0087,2.0909,2.0909,0.9974,7.6257,110.4865,0.0004,0.9974,10.5113,1.449,1.4498
"ELM-sliding_3-net_para_{'hidden_size': (150, False), 'activation': 0}",0.0144,,0.00225472,0.0184,0.9974,0.0063,0.0001,0.0,0.9974,0.0087,2.0805,2.0812,0.9974,7.5851,108.9049,0.0004,0.9974,10.4357,1.4409,1.4421
"ELM-sliding_5-net_para_{'hidden_size': (150, False), 'activation': 0}",0.0264,,0.00408053,0.0331,0.9975,0.0062,0.0001,0.0,0.9975,0.0085,2.0395,2.0387,0.9975,7.4281,103.8387,0.0004,0.9975,10.1901,1.4119,1.4121
"ELM-sliding_2-net_para_{'hidden_size': (200, False), 'activation': 0}",0.0114,,0.00176048,0.0146,0.9971,0.013,0.0002,0.0001,0.9921,0.0152,4.5137,4.3753,0.9971,15.6033,333.472,0.0012,0.9921,18.2612,3.078,3.0182
"ELM-sliding_3-net_para_{'hidden_size': (200, False), 'activation': 0}",0.0143,,0.00221968,0.0182,0.9974,0.0064,0.0001,0.0,0.9973,0.0088,2.086,2.0924,0.9974,7.6665,112.0727,0.0004,0.9973,10.5864,1.4475,1.4515
"ELM-sliding_5-net_para_{'hidden_size': (200, False), 'activation': 0}",0.0266,,0.00402832,0.0332,0.9975,0.0062,0.0001,0.0,0.9975,0.0085,2.0493,2.0458,0.9975,7.4574,104.1825,0.0004,0.9975,10.207,1.4185,1.4174
