9.717460274700000511e-01,9.615568248027523968e-01
1.176299691200000108e+00,1.008644072921411228e+00
1.714609026910000056e+00,1.146044060479978643e+00
1.307337045669999975e+00,1.350939072322830281e+00
6.186890006069999393e-01,1.294761187354743548e+00
2.298435926440000276e+00,9.055039248150518194e-01
1.808241009709999902e+00,1.479071097532228096e+00
8.794149756429999742e-01,1.609573472352188395e+00
1.570945024490000064e+00,1.005592926194169623e+00
1.578516006470000121e+00,1.510943206670706473e+00
6.200309991839999535e-01,1.227386187804507811e+00
9.928810000419999726e-01,1.162432039786214233e+00
4.551869928839999413e-01,1.017663401269488732e+00
1.017398953439999865e+00,8.346478111576998149e-01
8.378469943999999892e-01,9.476824867032827004e-01
4.884769916529999589e-01,9.255415078760025338e-01
1.246340990070000210e+00,7.662453131127655581e-01
1.209630966189999990e+00,9.981935217087178902e-01
1.252451062200000020e+00,1.180551528656687887e+00
1.519726991650000025e+00,1.085914076094518732e+00
1.063797950739999942e+00,1.361668468743643556e+00
1.571495056150000069e+00,1.172454554808273652e+00
1.278105020519999968e+00,1.272066764082088852e+00
1.192077994349999948e+00,1.238935162420867098e+00
8.304439187050000060e-01,1.105795127008375456e+00
1.402015686039999931e+00,1.013871048238836448e+00
1.156504034999999986e+00,1.147157536577864123e+00
1.162554860120000200e+00,1.118699254151515943e+00
6.007519960399999581e-01,1.036919857964502922e+00
1.253835797310000055e+00,7.890883453656974966e-01
1.791844010350000183e+00,1.078575001431856917e+00
1.734062552449999961e+00,1.451877598558050320e+00
4.939970970150000085e+00,1.506987641694558677e+00
2.394351005549999911e+00,3.259597564760434274e+00
2.212575912479999740e+00,1.558328664799187413e+00
1.886527061460000043e+00,8.815495725179760544e-01
9.343829751010001017e-01,2.021365887961462438e+00
9.099829792980000942e-01,9.057399399494611147e-01
8.112999796870000724e-01,9.727520478776310320e-01
1.049708962440000004e+00,8.214787539508321412e-01
1.351788043980000076e+00,1.513489955868360770e+00
1.277305960659999906e+00,1.116513518295980667e+00
7.854449748989998925e-01,1.107909078178911599e+00
4.846229851250000165e-01,9.137412802484845553e-01
6.676359772680000582e-01,6.847446959972545155e-01
8.322510123249999836e-01,7.798463217980430295e-01
5.959370136259999340e-01,9.002713411124342313e-01
3.410890102390000123e-01,7.783970833187284777e-01
6.860110163689999707e-01,5.539088471228420518e-01
8.153510093690000682e-01,6.682312555269843690e-01
3.985430002210000322e-01,8.301216326701874593e-01
6.998159885410000225e-01,6.298881148349404491e-01
4.263690114019999533e-01,7.496759739731004846e-01
6.866139769550000382e-01,5.671276390663223532e-01
1.826770007609999913e-01,6.895347463626084750e-01
7.018824815749999946e-01,4.727137547270857110e-01
1.796682000159999681e+00,7.065532589559678778e-01
7.204269766809999753e-01,1.495220455921311586e+00
4.680640101429999755e-01,8.186779343220993432e-01
6.408870220180000743e-01,7.915583231773678508e-01
7.520520091060001189e-01,9.905228777261974038e-01
1.001817584040000098e+00,1.096728391932633384e+00
1.660804033279999814e+00,9.129526936720563368e-01
1.450595021250000061e+00,1.589077443483722707e+00
1.085010051729999869e+00,1.418993533030064924e+00
1.099555015560000015e+00,1.056083974713694751e+00
7.694180011750000325e-01,1.135823876334531191e+00
1.254430413249999932e+00,8.994303081980621339e-01
1.496320962910000052e+00,1.120120120021778964e+00
7.186369895940000196e-01,1.237898007979964410e+00
8.902019858359999649e-01,8.653120143353466576e-01
9.891759753229999452e-01,8.221896167739796146e-01
2.849014520649999938e+00,9.509023479426237380e-01
4.281075000759999583e+00,1.927321813134516892e+00
1.248739004139999942e+00,3.233203313585479854e+00
7.096589803699999699e-01,1.567754534937102040e+00
7.497439980509998936e-01,1.117547246860079557e+00
8.907449841499999188e-01,3.601461888859542881e-01
1.469527959819999952e+00,9.715963369355957724e-01
1.608888030049999918e+00,1.259477579513082812e+00
1.043460965159999976e+00,9.193613980769734795e-01
1.184751033780000018e+00,8.281504704575590736e-01
5.063725113870000127e-01,7.605556063349897533e-01
6.946156024930000283e-01,8.541853484785166817e-01
9.299110174179998634e-01,1.024253386143893829e+00
7.754629850390000190e-01,9.031876749578792163e-01
8.564696311949999696e-01,1.189285609772039010e+00
9.269009828569999554e-01,7.777259024662825926e-01
7.506660223010001021e-01,8.669101660233805573e-01
9.248849749570000611e-01,8.235381291843301144e-01
1.070162653919999984e+00,8.156989426449167135e-01
8.752880096439998869e-01,1.019830380780205603e+00
7.511039972310000756e-01,8.373076804265007222e-01
8.627579808239999037e-01,8.132470730392097336e-01
5.096570253369999692e-01,8.116220963389815246e-01
8.495249748229999343e-01,7.174213174097358037e-01
6.711369752879999817e-01,8.849219183433996161e-01
6.132180094720000030e-01,7.604048280736475096e-01
3.810549974440000098e-01,6.773671959596299086e-01
8.710420131680000067e-01,5.635598992171644284e-01
6.540319919589999698e-01,7.586454088566824128e-01
9.089673757550000843e-01,7.858179822049768948e-01
9.709029793739999414e-01,8.638686355603722999e-01
9.856920242310001079e-01,8.881733002948012379e-01
1.356256246570000101e+00,9.272030448985704165e-01
1.309872984889999925e+00,1.090962138633374101e+00
6.344919800760000506e-01,1.101809403734494541e+00
5.933508276940000492e-01,8.144803357793194420e-01
8.796380162239999523e-01,6.761363802743801665e-01
1.131836414339999930e+00,9.187077566555775787e-01
1.841274023059999765e+00,1.067275864503034466e+00
2.261745929719999992e+00,1.507293563234020528e+00
2.597975969309999744e+00,1.767348789451670843e+00
2.399192094800000064e+00,1.873513325409695618e+00
1.982298016549999931e+00,1.869345647072824690e+00
2.269547939300000206e+00,1.802138343530773845e+00
2.017889976500000238e+00,1.895420511292925880e+00
1.452262043950000026e+00,1.313725783155248017e+00
1.342797994609999934e+00,1.090012654893074862e+00
1.311915040020000145e+00,1.112734432270866325e+00
1.276762008670000226e+00,9.964744590559563298e-01
1.275267004970000118e+00,1.240531528420219631e+00
1.210446000100000141e+00,1.252476912696563804e+00
8.153480291369999966e-01,1.391928563958989340e+00
7.271119952200000291e-01,1.042421948384801844e+00
6.043019890790000126e-01,8.823828277660906716e-01
9.830358624459999417e-01,7.847392939680732926e-01
1.101529002189999940e+00,8.908353520719907159e-01
1.183724999429999869e+00,9.906612619853573110e-01
4.356400072569999726e-01,1.039365008089837783e+00
3.270040154459999959e-01,6.826966565800535180e-01
8.039849996569999879e-01,6.822516497332828944e-01
4.216859936710000145e-01,6.961736326522416363e-01
5.734559893609999515e-01,7.702495017303462310e-01
3.959457874300000291e-01,6.022144772425975789e-01
4.163750112060000119e-01,6.037767564291173228e-01
5.603970289230000290e-01,5.614641091618859381e-01
7.749050259590000156e-01,6.485703205046091657e-01
6.370840072629999629e-01,7.634417818827015090e-01
3.839260041709999793e-01,7.592353739424257952e-01
5.648739933969999516e-01,5.937959868402358232e-01
1.054715037350000051e+00,6.395539815316579890e-01
6.537709832190000681e-01,9.768721475316308744e-01
5.931029915809999942e-01,7.537017099007721210e-01
1.022608995439999946e+00,7.372771305902262595e-01
8.359869718549999273e-01,8.986674355386485846e-01
6.375340223309999832e-01,9.089051194331754235e-01
9.755985140799999789e-01,7.656563400762896876e-01
4.898079931740000337e-01,9.320514674428262980e-01
1.098647952079999879e+00,6.749864629000672522e-01
1.151165962220000116e+00,9.477733848708363995e-01
8.061249852179999120e-01,1.037714648155684261e+00
4.744769930839999872e-01,9.105430985924701792e-01
7.896029949189999897e-01,7.078244708873917546e-01
4.762530028819999539e-01,7.770313224784463069e-01
5.455229878430000179e-01,6.557843969595611444e-01
6.212809681889999158e-01,6.571688347807201902e-01
7.707700133319999036e-01,6.724750703383080008e-01
9.337069988249999675e-01,7.920181710811809994e-01
8.110550045970000843e-01,8.874334564057181352e-01
6.005529761310000048e-01,8.039079212346015302e-01
1.002521038060000036e+00,7.309543244245544358e-01
8.921650052069998171e-01,8.880607225439209884e-01
9.160850048070000584e-01,9.106516420096624209e-01
7.413420081139999729e-01,9.451027750152989348e-01
9.283249974250000758e-01,8.139787424423283735e-01
6.429409980770000033e-01,9.162013375674795679e-01
9.950090050700001187e-01,7.181985681698669355e-01
6.271365880970000140e-01,9.242572141215705805e-01
1.038689017300000073e+00,7.047781256786049831e-01
6.888009905820000611e-01,9.695448716415909773e-01
5.214130282399999095e-01,7.948717941855938385e-01
6.510270237919999481e-01,7.349826132256744859e-01
1.159701943399999990e+00,6.528340953471957198e-01
6.456400156020000169e-01,1.065543045433763103e+00
1.195862650870000099e+00,7.461234323187212469e-01
1.304703950880000018e+00,1.055761690974980516e+00
8.844429850579998975e-01,1.137235469850973679e+00
7.697709798810000725e-01,8.933755140625085911e-01
7.702100276950000213e-01,8.164772119089624969e-01
6.418280005459999771e-01,7.808612014260586376e-01
8.937159776689999058e-01,8.910406269064298224e-01
5.247250199319999364e-01,8.111144713424438546e-01
5.142210125920000374e-01,7.837573900577107233e-01
7.172748446459999982e-01,6.025063778190781205e-01
6.410769820210000525e-01,7.733121033197970506e-01
4.689820110800000941e-01,6.508553274235161501e-01
1.203750014310000171e+00,6.329924221755985903e-01
7.911959886550000709e-01,8.936646236737164628e-01
1.136301159859999910e+00,9.133798568593348710e-01
8.642929792399999256e-01,9.754777098538550684e-01
8.814030289650001126e-01,8.505661807953296405e-01
5.817409753800000249e-01,8.989993355415962784e-01
8.651199936869999885e-01,6.928208632656974730e-01
9.078124761579999813e-01,9.534051559713879742e-01
7.377740144730000615e-01,8.866128067969630822e-01
1.120375037189999867e+00,8.704076820117203628e-01
9.422479867940000142e-01,9.650548037474170338e-01
1.060060024260000011e+00,9.420994715173998113e-01
7.158420085910000008e-01,1.027646207866199424e+00
4.040209949019999969e-01,8.517853167538695924e-01
2.920779883859999648e-01,6.920092214642916684e-01
6.317924261089999938e-01,5.225313340671878803e-01
1.124665260310000026e+00,6.568344083589711113e-01
1.115690946580000009e+00,1.000479057720567555e+00
1.247418999670000028e+00,9.948732386288547946e-01
6.976169943809999996e-01,1.110323382185687713e+00
3.693974971769999893e+00,8.581124482543478482e-01
8.204839825630000361e-01,2.528216239521782427e+00
8.573070168499999921e-01,9.537488547469575861e-01
6.902359724040000311e-01,4.073097189796251461e-01
8.385969996449998964e-01,7.986015290664790767e-01
1.287726998329999928e+00,1.006522582176441860e+00
9.632229804989999034e-01,1.017535149140181172e+00
1.343299984930000024e+00,9.216226751774009296e-01
7.316169738770000874e-01,1.388197757664895393e+00
6.809219717980000697e-01,8.269331995516420175e-01
7.014784216880000089e-01,9.294548644626472456e-01
6.698030233380000142e-01,7.787259278099321058e-01
1.365643024439999964e+00,8.395541561518564677e-01
9.781420230869999344e-01,1.127793660788160679e+00
6.786789894100000442e-01,9.331745068956507350e-01
5.976330041890000055e-01,7.900795216298805990e-01
8.193774819369999962e-01,6.867853281132577647e-01
7.911109924320000042e-01,8.009960714518458147e-01
1.044147372249999872e+00,8.237557847936280986e-01
1.400015950200000026e+00,9.582470442178017134e-01
8.748620152470000244e-01,1.127158392119199659e+00
6.228179931639999944e-01,9.518945691653687424e-01
7.164059877399998610e-01,7.588510672835049320e-01
6.523500084880000660e-01,8.588802679327754985e-01
9.379299879070001067e-01,7.924179007993811252e-01
5.936999917030000296e-01,9.538193563815706710e-01
5.393440127369999448e-01,7.109446774709776706e-01
9.370089769359999377e-01,6.778859848172583691e-01
8.087720274930000341e-01,8.448714344072747462e-01
5.654280185700000239e-01,8.573892178836650668e-01
6.020820140839999723e-01,7.073696229118870971e-01
1.146679997439999932e+00,7.108077614447337877e-01
9.824249744419999431e-01,9.673945056492743166e-01
5.671510100359999917e-01,9.764685289803018975e-01
7.866399884220000027e-01,7.215964824117457876e-01
7.388439774510000557e-01,8.222615469595379034e-01
6.810299754140000106e-01,8.001874587075369361e-01
7.086979746820000203e-01,7.975628931653369058e-01
6.642330288889999323e-01,7.562281287021036524e-01
5.124790072439999733e-01,7.412029605429948376e-01
6.040380001070000393e-01,6.464582872959901971e-01
6.728799939159999521e-01,6.704012905494453056e-01
8.265414834020000656e-01,7.169889558842953425e-01
4.546860158440000355e-01,8.139344044537312195e-01
5.594509840010000179e-01,6.550695394846964836e-01
1.332218050960000122e-01,6.249581722955399599e-01
1.633069962260000063e-01,4.762267599113226280e-01
1.797860413789999778e-01,4.293824977265929266e-01
5.747918486599999932e-01,4.357481604206224213e-01
8.508148789409999413e-01,5.699703760834394783e-01
8.527640104289999634e-01,8.286460850442977089e-01
1.687628030779999788e+00,8.363975347464900345e-01
2.149522066120000297e+00,1.471901954295433912e+00
8.122850060459999577e-01,1.598807515609035335e+00
1.239639997479999867e+00,1.011102939781285404e+00
2.128437280650000041e+00,9.833852948834344021e-01
2.139239072800000141e+00,1.744126860515156974e+00
9.779880046840000452e-01,1.338229691064569460e+00
6.937779784199998856e-01,1.171008332158732346e+00
7.218790054320000094e-01,8.893342624842927036e-01
7.631160020829999002e-01,7.979031925187497487e-01
8.565329909319999713e-01,9.753921026157282848e-01
1.109338045120000116e+00,1.011600009373616382e+00
6.476340293879999654e-01,1.033255532198657400e+00
9.241870045659998922e-01,7.991587829810408161e-01
7.877320051189998784e-01,8.553073694274264671e-01
1.305567026139999864e+00,8.323597222724016254e-01
9.107710123059999940e-01,1.082509773055357005e+00
8.699640035629999657e-01,9.221745984805650442e-01
5.743020176890000217e-01,8.920064596186582095e-01
8.599532246590000373e-01,7.543666474564942881e-01
4.775849878790000003e-01,8.538410147914158310e-01
1.108017444610000179e+00,6.699483473085343643e-01
1.290724992749999966e+00,9.679928436308357087e-01
8.591579794879999898e-01,1.023557232104553183e+00
3.058980107309999807e-01,9.465068554119552280e-01
9.039019942279999942e-01,5.812613782082680647e-01
6.352750062940000220e-01,9.035361884792273424e-01
1.023422956470000145e+00,8.640687120566494794e-01
6.730669736859999919e-01,9.585435479028836525e-01
8.504790067669999454e-01,7.359665673711899281e-01
5.141969919200000128e-01,8.436954592055344593e-01
1.527956604959999964e+00,6.520597413709258161e-01
4.094385623930000051e+00,1.247059477147094864e+00
9.952359795569999390e-01,3.186869136679471470e+00
8.670449852940000923e-01,1.073236294912259803e+00
1.141056060789999993e+00,9.231759730112185647e-01
1.622257947919999888e+00,1.136833028531442302e+00
1.980204939840000566e+00,1.047904303638338641e+00
1.375547051430000112e+00,1.253417534130073063e+00
1.851865053180000054e+00,1.367550712443263317e+00
1.420923948290000016e+00,1.652447275594433718e+00
1.589177966120000285e+00,1.435335732569434253e+00
1.673199415210000041e+00,1.309007808476011503e+00
2.123934030530000072e+00,1.516185790229940711e+00
1.648401975629999905e+00,1.260466758451407321e+00
1.204741954800000014e+00,1.546219023618785826e+00
7.920839786529999538e-01,1.030785673432899285e+00
1.227027416229999890e+00,9.843057049665331348e-01
1.226951003070000157e+00,1.290312547437981960e+00
1.131343960759999989e+00,1.182470707487697226e+00
1.252465009690000075e+00,1.366415054123755857e+00
1.116891980170000132e+00,1.193888506736240807e+00
1.122387051579999850e+00,1.101236713533329858e+00
1.040153026579999862e+00,1.152009041088511099e+00
8.091310262680000420e-01,1.048672361408590437e+00
7.681059837340000751e-01,8.954988301781303672e-01
7.982919812199998910e-01,8.552724492932091138e-01
7.666722536090000428e-01,8.577054699628328116e-01
1.057360053060000027e+00,8.165896177046364501e-01
8.607699871060000563e-01,9.937510457247387130e-01
1.070777058600000053e+00,8.900648737015259826e-01
5.301510095600000527e-01,1.008336326011297190e+00
6.604189872739999467e-01,7.383349196558937066e-01
9.909179806709998983e-01,7.327143388710799510e-01
3.561530113220000016e-01,8.964289623440510058e-01
9.618239998820000691e-01,6.527010152447862978e-01
1.244829058649999931e+00,8.626101218595728648e-01
8.381230235100001202e-01,1.161302823173283816e+00
9.245989918709998090e-01,8.902615375483228233e-01
8.131660223010001021e-01,9.570500772535603939e-01
1.003061056139999963e+00,8.433757283402685268e-01
8.752340078350000496e-01,9.484404387983292883e-01
7.991399765009998823e-01,9.459498263618940639e-01
8.812961578369999938e-01,8.639279997885417339e-01
1.063080191609999892e+00,9.141143304550497506e-01
9.057049751279999672e-01,1.015961282818216738e+00
6.909559965129999926e-01,9.106069072013581733e-01
1.355970025060000195e+00,8.143800858940037912e-01
7.572399973869999856e-01,1.093031738587989521e+00
2.043754577640000125e+00,8.719796965083855822e-01
8.576130270960000690e-01,1.524518144301233002e+00
2.364957094190000220e+00,8.864911418747921656e-01
4.179231166840000178e+00,1.717033995018678372e+00
2.233561992649999883e+00,2.577684696883652204e+00
8.013390302660000630e-01,1.710094173890568170e+00
8.372840285299999463e-01,1.461550951919907027e+00
8.851529955859999133e-01,1.086349135993966986e+00
9.040349721909999303e-01,4.670899729299687331e-01
1.302939534190000082e+00,9.997348884966779092e-01
7.228699922560000157e-01,1.413733066129367666e+00
8.009120225910000279e-01,8.944673899410087170e-01
1.032919287679999965e+00,8.143872021940828931e-01
1.321628212929999879e+00,9.716729363663733077e-01
9.367759823799999275e-01,1.106318095700250970e+00
7.007700204850000336e-01,9.958067569896085214e-01
7.624319791789999634e-01,7.766487618262363224e-01
1.144938945770000105e+00,8.057791510176799399e-01
7.721610069269999599e-01,1.035181456964686220e+00
8.772150278090000697e-01,8.497573167318729359e-01
1.243505001070000171e+00,9.369401142780501290e-01
6.381840109830000385e-01,1.060989089566759747e+00
7.468199729919999807e-01,6.886628673296777414e-01
6.839929819109999976e-01,7.759127935429582790e-01
1.419505119320000119e+00,6.425493486354169059e-01
6.141470074649999500e-01,1.195277653484589919e+00
7.347676754000000976e-01,7.434048734152528537e-01
6.770560145379999062e-01,7.727002999228441693e-01
1.074026942249999950e+00,6.788450186851732182e-01
6.156389713290000287e-01,9.534994006518040521e-01
9.692379832269999440e-01,7.735089258944767288e-01
9.916120171550001361e-01,9.383851067864996676e-01
8.089560270310000023e-01,9.593674382059126371e-01
2.435143947599999859e+00,9.056830492307986757e-01
8.223479986189999869e-01,1.691670813715785648e+00
5.938220024110000272e-01,1.049355605580129636e+00
5.762249827380000466e-01,6.953563031017019336e-01
4.224239885809999429e-01,6.793890452761678356e-01
6.765879988670000511e-01,1.019278219385217232e+00
5.520349740979999531e-01,6.924935531440276071e-01
9.015229940410001142e-01,8.247515773937361683e-01
7.489960193629999763e-01,7.246601554144056490e-01
8.627583980560000754e-01,8.021649568081541393e-01
9.480749964710000199e-01,8.651406146765631133e-01
1.055613875389999956e+00,8.654999746032362440e-01
1.970020055770000278e+00,1.015652742268688513e+00
9.391199946399999554e-01,1.384367428988281690e+00
1.009042978289999892e+00,1.045519364289881459e+00
7.824029922490001177e-01,8.876877252466500723e-01
1.016265034679999957e+00,9.429890090272926573e-01
8.782749772069999850e-01,1.036764952778207682e+00
7.353619933130000064e-01,1.026828018539627907e+00
1.109990954399999952e+00,9.180091555613769660e-01
7.727199792860000027e-01,9.748383142599411633e-01
1.164981961250000086e+00,8.880397704633905542e-01
7.157210111620000426e-01,1.054960776532987587e+00
1.475479006770000101e+00,7.883416100410358673e-01
8.354520201680000202e-01,1.184268962126655556e+00
7.344660162930000125e-01,8.833115710630367046e-01
7.861927747729999805e-01,8.357628480797659742e-01
1.143465042110000107e+00,8.541394232110914864e-01
9.246990084650000830e-01,9.534986599216843661e-01
2.958764553069999970e+00,1.035517166436821235e+00
2.138324022289999959e+00,1.933908081130999879e+00
2.038712024690000124e+00,1.559089024267123147e+00
1.480209946629999829e+00,1.367818949337882062e+00
9.367650747299998137e-01,1.390151512719709270e+00
1.715939760209999942e+00,9.905676125345016514e-01
1.001402020450000041e+00,1.269668279954299095e+00
8.896229863169999863e-01,1.110377905213431715e+00
7.492939829829999843e-01,1.150559855518490826e+00
1.115183949470000213e+00,8.797441486696444546e-01
9.457820057870001129e-01,1.077933846603908563e+00
6.452180147170000213e-01,9.507251150341471391e-01
1.164842009540000056e+00,7.851847240891981494e-01
1.244351029399999975e+00,9.617435152475796167e-01
9.045109748840000075e-01,1.110367005898812209e+00
5.575259923929999362e-01,1.009243495543505231e+00
5.778343677520000332e-01,7.342873718716598219e-01
7.199835777280000348e-01,6.383327953379651643e-01
7.607790231700000128e-01,6.894149464930604543e-01
5.404400229450000426e-01,7.846176422732259459e-01
8.009672760959999360e-01,6.645843766009239539e-01
7.710149884220000027e-01,7.999108092351293609e-01
6.709719896319999988e-01,7.823249635066500396e-01
2.768970489500000021e+00,7.573675964907984337e-01
3.086133003230000060e+00,1.943020278517842314e+00
1.116358041760000086e+00,2.159614752237277280e+00
1.018260955809999979e+00,1.020846556685930828e+00
7.442610263819999794e-01,1.111421302951058010e+00
1.114386796949999869e+00,5.830514319066146811e-01
1.380516409870000238e+00,1.032272543647762442e+00
1.229098439219999950e+00,1.232016729874965133e+00
1.573238968849999919e+00,1.278753811056830170e+00
1.245597958560000107e+00,1.185893581689147380e+00
8.298619985580000247e-01,1.116122717021188260e+00
5.376980304720000436e-01,9.164033452529976032e-01
8.593800067899999284e-01,8.364829171201162428e-01
7.949647903440000274e-01,9.213872420452285938e-01
8.122889995569999577e-01,9.901432270851722173e-01
1.209460973739999945e+00,8.364831684392639577e-01
1.043611049649999956e+00,1.065094573028217750e+00
9.914460182190000248e-01,9.543369812347251013e-01
1.377645969390000058e+00,1.011018337819749702e+00
7.495359778399999229e-01,1.225129421221416770e+00
7.549669742579999676e-01,8.984217115487410643e-01
8.522210121150000095e-01,8.493321905524237048e-01
1.312628030780000010e+00,8.494136179563033240e-01
9.499999880790001017e-01,1.104152266966684337e+00
8.433979749680000637e-01,9.672537272445488332e-01
6.329939961430000039e-01,8.866770254528817397e-01
6.848490238189999246e-01,7.461165276558192616e-01
8.296039700509999504e-01,7.395656030679078619e-01
1.117776036259999994e+00,8.695253269385243566e-01
1.060515046120000138e+00,9.097055576915198394e-01
9.966710209849999336e-01,1.009566096737985141e+00
6.726049780850000825e-01,8.980131195237508468e-01
8.499810099600000335e-01,8.344372718484809326e-01
7.929700016980000266e-01,8.285691549304310399e-01
7.509549856190000927e-01,9.579299720445727528e-01
9.556260704989999466e-01,7.988616179297806097e-01
6.085839867589999397e-01,9.409095811712668844e-01
7.782499790189999489e-01,7.509732701865988735e-01
5.098140239720000411e-01,7.969276112690523162e-01
6.364319920540000286e-01,6.432869306521700192e-01
6.015599966049999248e-01,6.850746912656084930e-01
6.556333899499999784e-01,7.040358215073383441e-01
6.385549902920000243e-01,7.071490837460515655e-01
8.762890100480000832e-01,7.125828285854788335e-01
7.967479825020000739e-01,8.181407594847125431e-01
6.824830174449999509e-01,8.111087703659863868e-01
8.025500178340000401e-01,7.666175167706225091e-01
7.950311899190000142e-01,8.265243958894747944e-01
1.584897041320000088e+00,8.121932653979360150e-01
1.017485976220000143e+00,1.240865161202554523e+00
9.177780151369999695e-01,1.031999862372424914e+00
1.230221033100000083e+00,9.047016082767609380e-01
1.027899026870000121e+00,1.085068717845340203e+00
9.125559926030000213e-01,1.069943326255562877e+00
7.935979962350000472e-01,9.351586980219928069e-01
1.030437946320000187e+00,8.513781665071481486e-01
5.325379967690000438e-01,1.000137052042414432e+00
6.127780079839999505e-01,7.366459888462182359e-01
8.741289973260000234e-01,7.240127440624098965e-01
3.667230010029999820e-01,8.428249558142547615e-01
7.391750216480000857e-01,6.447840388154743030e-01
5.604230165479999748e-01,7.428628441501168300e-01
7.758178114889999755e-01,6.582963450689103269e-01
8.102909922600001202e-01,7.747732463903220790e-01
6.437510252000000488e-01,8.137403728443242112e-01
7.236457467079999706e-01,7.417679524418434589e-01
9.113870263100001257e-01,7.261995116491833935e-01
6.627830266949999993e-01,8.604773482076005786e-01
1.002035975460000117e+00,7.476321276174703323e-01
8.224419951440000709e-01,8.794044710004391696e-01
1.030576944350000135e+00,8.275626217435864129e-01
6.781139969830000114e-01,9.651629238902551533e-01
5.333459973340000104e-01,7.260432705032079381e-01
3.209959864620000047e-01,8.224455654850045816e-01
7.608630061149999069e-01,5.230589720042827517e-01
7.439860105509998878e-01,8.288981184675467961e-01
5.468400120740000148e-01,7.477786731352711325e-01
7.004669904709999173e-01,6.877951945856413118e-01
8.356525897980000561e-01,7.548988223655727081e-01
1.274258971210000091e+00,8.278197741410558974e-01
8.934450149539999719e-01,1.010082451768077316e+00
6.211659908290000365e-01,9.177663548099778135e-01
7.900159955019999680e-01,7.036484064273792471e-01
1.067494988440000014e+00,8.274531391864208274e-01
6.698009967800000464e-01,9.554482483695747597e-01
1.265694975850000015e+00,8.403407454024259815e-01
6.380620002750000408e-01,9.856936348011139382e-01
9.348030090330000652e-01,7.872496151166236134e-01
8.006410002709999363e-01,9.052612563368883647e-01
1.085708975790000030e+00,8.817793179010144922e-01
3.527039885520000251e-01,9.358255006303379808e-01
5.883709788319999578e-01,6.715810090837550650e-01
4.875420033929999120e-01,6.056699700239643880e-01
4.636880159380000199e-01,6.964519752220658111e-01
3.637039959430000136e-01,6.206891991147914789e-01
8.750243186949999696e-01,5.866049920649085703e-01
6.435279846190000708e-01,7.541827612042633078e-01
4.834130108360000233e-01,7.214809020584157517e-01
2.120890021319999930e-01,6.472349957358550787e-01
4.560469985010000560e-01,4.361425066181307542e-01
4.367910027499999903e-01,6.024290244308572184e-01
7.238804101939999569e-01,5.921888537994998147e-01
5.560690164570000205e-01,7.107493628111847261e-01
4.748429954049999679e-01,6.813476018494367681e-01
2.674640119080000100e-01,6.232565432552399365e-01
9.588437080380001198e-01,5.027049252269872870e-01
7.868980169300000549e-01,8.404795264812928712e-01
1.794360995290000149e+00,8.769560140442125284e-01
1.337677955630000026e+00,1.242352706010919849e+00
1.210453987120000185e+00,1.210556799483512025e+00
5.654799938200000264e-01,1.137998950967271439e+00
4.008429944520000565e-01,8.310626906053746321e-01
2.727654874320000200e-01,7.633429473210076033e-01
5.836449861529999783e-01,5.682666968079865821e-01
8.533802628519999711e-01,6.320434939828890597e-01
8.660610318179999823e-01,8.437283158772753699e-01
1.158349990839999899e+00,8.021457110523638745e-01
7.764859795569999390e-01,1.101886571940185577e+00
1.068807005880000105e+00,8.542450037078047620e-01
5.888479948040000744e-01,9.934593171034644676e-01
1.588868498799999918e+00,7.185085372703402529e-01
4.327859878540000205e-01,1.171281225071246768e+00
3.996030092239999942e-01,6.684872439199799343e-01
5.545349717140000134e-01,5.583706746812000521e-01
6.221979856490000849e-01,6.215348351377649738e-01
1.149551987649999996e+00,8.369398021034502033e-01
1.121260046960000034e+00,9.478997190382265625e-01
9.776459932329999436e-01,1.195981730690747202e+00
1.732741951940000025e+00,9.419147254891369059e-01
2.302707910540000125e+00,1.441413343838141348e+00
1.053477048870000043e+00,1.934050830406936816e+00
7.962800264360000435e-01,1.189247105033134799e+00
5.203329920770000117e-01,9.957613343604788669e-01
6.104800105090000262e-01,6.830038611699013051e-01
4.453057944770000276e-01,8.238081253129834192e-01
6.522138714790000069e-01,6.783317588487959293e-01
1.175541162490000069e+00,7.318985833720448309e-01
1.032202124599999937e+00,9.379804829585796089e-01
7.193930149079998948e-01,9.532642585207502517e-01
8.200139999390000378e-01,7.975626418461890799e-01
9.497330188750000568e-01,8.433746701543831659e-01
1.039114952089999822e+00,8.637066934379392658e-01
5.883830189700000046e-01,1.004867156177362109e+00
9.508559703829998488e-01,7.539994834089164266e-01
5.277600288389999728e-01,9.235556765615380304e-01
7.736063003540000205e-01,7.218548384956600117e-01
9.703559875489998765e-01,8.188432097300712975e-01
1.383889913560000018e+00,8.648935282723281270e-01
7.795230150220000542e-01,1.207336263650669039e+00
6.069999933240000090e-01,7.843372097862780778e-01
4.660570025440000097e-01,7.360349658613558610e-01
9.455270171170000459e-01,5.190319001169308999e-01
6.238729953770000280e-01,8.989020088947889953e-01
3.923240005969999555e-01,7.899525657782827670e-01
5.156549811360000568e-01,6.217790379854621907e-01
9.679385423660000765e-01,6.007528976703947476e-01
1.356565952299999989e+00,8.576547167223055324e-01
9.072690010070000310e-01,1.135265537779436951e+00
8.162760138510000152e-01,9.694541454292436855e-01
2.479866981509999846e+00,8.322460598809888754e-01
1.133080005649999888e+00,1.937538862404279083e+00
1.045583963389999926e+00,1.121206374287763152e+00
8.474370241169999485e-01,9.197440116384777431e-01
1.536522984499999911e+00,8.507892066979958479e-01
9.008989930149998715e-01,1.174879440673903597e+00
4.812009930610000596e-01,1.017803862218448652e+00
8.572540283199999722e-01,8.117788268959290621e-01
8.617479801180000232e-01,8.177172999480328830e-01
1.008694052699999899e+00,8.924305143848985100e-01
1.127727031710000105e+00,1.014603074779691472e+00
7.795569896699999779e-01,1.032913209064738824e+00
9.895502924920001053e-01,8.711220236209659129e-01
8.363329768179998958e-01,9.971990650682900359e-01
9.099559783939998869e-01,8.295113107334741720e-01
5.511059761050000061e-01,9.315894238033011199e-01
1.239764332770000088e+00,7.133596825259028718e-01
1.211838960649999963e+00,1.066091675133359118e+00
1.379981994630000042e+00,1.107533885145928432e+00
1.148460984229999982e+00,1.197363404001280829e+00
7.663900256160000035e-01,1.026069312487138063e+00
9.660840034479999394e-01,8.791008377879545588e-01
8.156750202179999798e-01,9.272243144348664146e-01
1.142272949220000111e+00,9.093792263917939156e-01
1.299479961400000105e+00,1.082137556170176484e+00
8.583310246469999516e-01,1.202932596634036067e+00
7.149469852449999996e-01,9.556555073025488900e-01
8.764400482179999230e-01,8.167565994373484628e-01
8.305460214609999836e-01,9.376543236140599813e-01
8.535240292550000385e-01,8.292841446785313986e-01
9.092410206789999227e-01,9.303799173363180852e-01
5.202720165249999917e-01,8.711800518894551315e-01
7.411040067669999454e-01,7.201767408639859758e-01
5.853319764140000325e-01,7.452893437492219553e-01
5.047770142559999673e-01,7.009633391071828923e-01
5.519493222240000607e-01,6.423803828041697583e-01
9.697520136830000137e-01,6.678954270089371148e-01
1.116515994070000017e+00,8.734593049226104799e-01
1.049844980239999837e+00,1.037378608000459890e+00
6.342629790310000404e-01,9.701251675538067332e-01
5.644329786300000817e-01,7.890774460510781019e-01
9.184709787370000100e-01,7.042213611750152147e-01
9.593539834020000656e-01,8.823602222701143472e-01
5.984159708020000412e-01,9.048768835413496525e-01
9.383450150489999197e-01,7.679868754429148847e-01
4.542250037189999867e-01,8.443394711353733317e-01
7.079470157619999204e-01,6.586504802027743910e-01
3.876500129699999575e-01,7.379710756665313065e-01
4.484339952470000057e-01,6.048888172033809463e-01
8.405709862710000202e-01,5.942188511473550649e-01
5.337110161779999862e-01,8.534748427931055925e-01
7.211350202559999589e-01,6.685069658594186004e-01
5.215386152269999576e-01,7.638982303643577776e-01
7.050759792330000275e-01,6.789547525614865187e-01
6.405649781229999506e-01,7.016600883760840679e-01
5.168589949609999623e-01,7.702365918625446728e-01
1.660409450529999997e+00,6.180362609635398075e-01
2.465307950970000217e+00,1.438001025040897662e+00
1.622156023979999917e+00,1.833897372280076210e+00
1.866270065310000170e+00,1.409494489338176670e+00
3.623536109919999415e+00,1.629330702290132438e+00
7.948709726329999947e-01,2.657076997668466944e+00
9.065989851950000400e-01,8.988648268882416525e-01
8.571879863740000660e-01,5.804178585570654025e-01
7.756379842759999477e-01,5.822442477132510064e-01
7.006700038909999817e-01,9.196221879884239891e-01
6.443409919740000769e-01,7.979773713493144571e-01
7.579550147059999077e-01,9.522503312600315573e-01
5.499600172040000068e-01,9.481673474759613196e-01
4.964669942859999408e-01,6.970361202854397087e-01
1.367677569390000070e+00,6.302036261839883968e-01
1.397894024850000250e+00,1.129918312863462670e+00
8.148130178450000427e-01,1.075556526193826246e+00
1.278898954390000009e+00,8.710269720738121890e-01
8.623980283740000363e-01,9.334288947824946892e-01
1.093865990639999897e+00,9.740273338247137369e-01
8.134710192680000285e-01,1.092537989053873781e+00
1.466687083240000078e+00,9.017489786554476749e-01
9.060310125349999577e-01,1.430494254370051177e+00
7.652140259739999006e-01,8.588624242732834091e-01
1.311033964160000176e+00,8.059105777046434715e-01
7.892500162119999718e-01,9.704568426922538515e-01
1.474902033810000068e+00,9.134236657549894556e-01
9.167850017550001063e-01,1.254389279455936146e+00
1.186140060420000086e+00,9.528995283007088979e-01
1.411391973500000008e+00,1.082195240528252889e+00
2.092472076419999993e+00,1.220340495178566131e+00
7.189220190049999681e-01,1.595718194825978875e+00
1.301861047739999888e+00,1.082630115245171165e+00
1.268974781040000055e+00,1.086303713364837220e+00
1.221997022629999874e+00,1.261293519083650505e+00
9.061110019680000960e-01,1.018357121481292982e+00
1.078873991970000112e+00,1.023830257290303303e+00
1.028025031089999874e+00,9.639180607873770734e-01
7.863690257070000689e-01,1.061822741634581346e+00
1.276852965350000035e+00,9.065659995335551002e-01
7.093420028689999546e-01,1.228983598762422025e+00
5.201929807659999572e-01,8.827796871550768198e-01
5.645610094070000473e-01,7.578547059084834725e-01
9.855200052259999177e-01,6.446044646707261849e-01
1.092841982840000004e+00,9.355029787997993784e-01
4.786899983879999709e-01,9.641442083384051953e-01
3.955059945579999514e-01,6.910957028167714622e-01
1.850703001020000071e+00,5.463529633995904966e-01
1.195796012879999815e+00,1.446412795962887410e+00
1.702510833739999896e+00,1.157310592056208121e+00
2.998351097109999586e+00,1.249617482797104717e+00
2.407080888749999925e+00,2.232417636922599868e+00
2.585943937299999718e+00,1.798256679611395903e+00
2.233839035029999920e+00,2.076179004138534623e+00
1.655773043629999997e+00,1.979324837329035969e+00
1.430611014370000156e+00,1.347846987029148291e+00
8.921740055079999676e-01,1.340020961676684275e+00
1.231696963309999893e+00,1.211253006432146950e+00
8.955079913140001624e-01,1.153597140010633959e+00
1.602033019070000064e+00,1.142878616449793050e+00
1.585399031639999956e+00,1.294668040542183318e+00
1.232059955600000034e+00,1.400865327353360446e+00
1.210371017459999976e+00,1.150454169203189103e+00
1.242141008379999967e+00,1.232620570423130557e+00
9.857040047650000858e-01,1.167060822622637106e+00
7.289689779279999726e-01,1.100044455496278495e+00
6.761519908910000876e-01,9.332781297484760152e-01
1.071573019029999907e+00,7.572628493154699436e-01
9.457439780239998983e-01,9.695982306648609494e-01
4.376370012759999706e-01,9.230304195426852765e-01
5.141820311550000522e-01,6.685623618905179866e-01
3.387190103530000052e-01,5.973951151282187455e-01
7.144280076029999593e-01,5.832498285327988308e-01
4.996199905870000180e-01,6.866744170051469753e-01
7.917379736899999854e-01,6.777652458077371156e-01
8.646243214609999894e-01,7.178353723193592328e-01
6.024960279459999901e-01,8.678864615485506473e-01
1.260069966320000123e+00,7.193872548295552338e-01
1.012339949610000067e+00,1.122559939535716200e+00
1.004528999329999950e+00,9.451319280364409714e-01
6.310235261919999727e-01,9.792976021721742086e-01
1.141221046449999887e+00,7.706866250922708161e-01
5.426099896430000014e-01,9.050273178922791928e-01
8.547459840769999762e-01,7.707349445052616987e-01
7.744219899179999311e-01,7.566329509398772579e-01
3.084340095520000102e-01,8.597826227192050252e-01
8.376209735870000506e-01,6.363612759876003944e-01
7.293469905850000767e-01,8.028077782788719530e-01
7.503905892370000830e-01,7.920275095716193814e-01
1.134822010990000019e+00,7.879638773619278558e-01
1.614240050320000064e+00,1.029579751570602886e+00
1.244793057440000128e+00,1.305922813027761364e+00
7.141630053519999466e-01,1.075428035972694651e+00
7.293040156360000026e-01,8.622853381567042730e-01
6.486989855770000091e-01,8.608755567835905120e-01
3.427990078929999962e-01,6.833768584671722213e-01
3.861860036850000011e-01,7.219400753687269523e-01
6.366299986840000535e-01,4.936673431723871963e-01
3.990480005740000280e-01,7.181986343064847844e-01
4.178859889509999870e-01,5.757857556624270678e-01
1.103790521619999909e+00,5.808246516660504621e-01
6.956189870829999622e-01,9.493360211950924166e-01
8.070139884950000564e-01,7.835966251670751781e-01
5.947690010070000310e-01,8.245755878536747963e-01
1.107607960700000005e+00,6.754764426469663796e-01
9.713580012320000012e-01,9.474540243706303100e-01
7.170349955560000321e-01,9.875932504205674478e-01
6.764810085300000386e-01,7.915560877596850009e-01
1.687772989270000190e+00,8.045700281430803180e-01
9.907569885250000485e-01,1.260602245926705889e+00
8.082039952280000161e-01,1.089620835114367692e+00
1.087718963619999979e+00,8.549536311132692745e-01
1.564818024639999861e+00,1.023736488793535626e+00
6.673809885979999912e-01,1.265080157910521530e+00
1.256489992140000123e+00,9.055648630947258360e-01
1.091886043549999963e+00,1.036140636333160447e+00
7.375509738919999725e-01,1.022873948251043386e+00
6.224380135540000802e-01,9.277927983471366824e-01
8.364729881290000613e-01,7.801645579757459092e-01
5.774260163309999916e-01,8.048285165002302399e-01
1.015761017800000054e+00,8.123223243939809990e-01
1.106158971790000001e+00,8.161973349696045599e-01
6.945540308949998964e-01,1.069593225455386820e+00
1.130903959270000092e+00,8.184720907127469580e-01
9.518219828609999489e-01,9.996813046089072508e-01
7.524570226669999862e-01,9.655797036285335144e-01
5.585229992869999993e-01,8.194737826991659313e-01
1.415836334229999771e+00,7.343278210271283468e-01
1.855298042299999839e+00,1.133090780602462599e+00
7.845479845999999702e-01,1.354137928572346716e+00
8.210539817810000862e-01,8.515869333550090126e-01
5.835890173909999978e-01,7.768405976999310791e-01
8.359720110889999889e-01,7.450781959831190848e-01
2.184663057329999880e+00,1.026840505133075343e+00
6.805480122570000123e-01,1.724591055973727416e+00
1.238904953000000031e+00,9.936293014386263778e-01
1.030328035349999949e+00,9.123581651596822661e-01
7.914109826090000022e-01,9.224974113122221819e-01
8.423720002169999832e-01,8.734729952025024335e-01
4.464710056780000769e-01,8.193126474434705431e-01
5.589337944979999584e-01,8.250509910900029054e-01
7.099329829220000221e-01,7.369221224530067005e-01
7.334340214730000751e-01,8.299157096968936553e-01
7.833399772640000647e-01,8.081433896047542920e-01
8.426809906959999985e-01,7.431906833647294874e-01
1.099761009220000085e+00,8.831450126046788140e-01
8.706315755840000614e-01,9.924134855383017761e-01
5.862460136410000411e-01,9.049546866585718163e-01
8.863990306849999223e-01,7.603193001994620337e-01
1.019399046900000050e+00,8.429875725301896328e-01
8.493610024450000129e-01,8.970544295662487011e-01
1.010666966439999870e+00,8.549526522913253324e-01
1.331516027449999973e+00,9.288113683984274838e-01
1.215008974079999859e+00,1.147399120415494966e+00
1.645591020579999952e+00,1.148719749627765907e+00
9.708780050280000351e-01,1.391198719926522998e+00
1.411272048950000135e+00,1.069286536731158144e+00
7.953929901119999313e-01,1.225272527635090203e+00
1.046331048010000098e+00,8.529419668358780848e-01
8.879339694979999642e-01,9.943843699771353073e-01
8.349300026890000836e-01,9.002535635895599908e-01
9.847199916839999290e-01,9.240186725683601221e-01
1.090394020079999970e+00,9.455822390399620803e-01
4.901649951929999416e-01,1.101280006563365221e+00
6.141669750209999279e-01,7.041404231821076776e-01
6.314740180969999894e-01,6.884899597560075746e-01
8.252440094949999860e-01,6.717303984761228142e-01
1.051450967789999913e+00,8.174066430267340477e-01
1.047114968300000060e+00,9.764168101451542459e-01
3.921430110930000379e-01,9.636241893396849667e-01
4.695149958129999912e-01,6.569865887166115304e-01
7.720900177959999500e-01,5.939527306245069305e-01
7.520099878309999264e-01,7.811201527395332800e-01
6.877393722529999698e-01,7.890418777780059401e-01
6.718119978899999012e-01,7.777316828066813681e-01
1.185933232310000029e+00,6.820669566143143792e-01
6.571980118750000432e-01,1.121526912019766620e+00
8.213180303569999063e-01,7.567557666391985238e-01
7.795739769939998842e-01,8.582638746545449004e-01
1.030122995379999962e+00,8.003279461111439952e-01
6.211889982220000217e-01,9.426781272414932467e-01
8.660820126530001106e-01,7.622339685131350739e-01
9.608931541439998947e-01,8.389376702823608811e-01
6.760399937630000577e-01,9.262450163072465381e-01
7.402380108830000083e-01,7.841130463337850909e-01
5.984709858890000511e-01,7.946645484799432779e-01
6.151059865950000427e-01,6.942908686430125931e-01
9.358735680580000382e-01,7.109313311014984205e-01
5.818247795100000008e-01,8.816040161817786380e-01
7.156659960750000327e-01,7.298672236098621147e-01
6.529520154000000298e-01,7.308129640175919928e-01
9.700022935870000751e-01,7.342958902680370992e-01
7.834500074390000623e-01,8.753976104634979549e-01
7.448130249979999506e-01,8.092384532682340703e-01
8.276180028919999376e-01,7.979232186866304088e-01
8.943400979040000420e-01,8.164845795281894247e-01
2.505017042159999985e+00,9.022721457571767356e-01
1.620712041850000062e+00,1.707839470769953572e+00
1.417585968970000110e+00,1.546916407799218351e+00
1.049872040749999957e+00,1.022647522926220409e+00
1.226507544519999993e+00,1.276738839948547088e+00
1.043179035189999881e+00,1.309586212880957223e+00
9.694439768789999690e-01,1.072393939265531060e+00
8.192250132559999454e-01,1.283693898953406576e+00
8.129550218580000598e-01,8.986128199196397048e-01
6.712080240250000163e-01,8.619515466464864328e-01
5.289899706839999993e-01,7.611768937229402843e-01
3.461930155749999849e-01,7.160093006189391929e-01
4.789490103719999947e-01,5.491660050752993349e-01
1.153810977940000093e+00,6.023925434724589634e-01
9.671270251270001062e-01,9.864791394111509515e-01
7.845839858059999727e-01,9.416901387622897968e-01
4.701859951020000428e-01,8.445119157527186671e-01
5.632782578470000301e-01,6.674645204890891081e-01
2.416239976880000528e-01,6.768495711064754783e-01
2.709859907630000064e-01,4.994725377122281040e-01
1.994680017229999991e-01,4.711233939326328612e-01
1.327169984580000017e-01,4.047303776567012235e-01
4.732620120049999546e-01,4.230094806406601293e-01
6.585559844969999244e-01,6.046269558787215059e-01
9.621880054470001165e-01,7.349048365630994617e-01
5.111979842189999790e-01,8.820037326726553051e-01
9.829789996150001263e-01,6.956714969949843175e-01
9.100099802019999684e-01,9.952045434022419590e-01
1.026576042179999870e+00,8.627285328601462799e-01
8.309389948840000262e-01,9.746744409482672733e-01
9.651920199390001676e-01,8.394711282418252374e-01
1.000543951989999902e+00,9.710778390790858472e-01
1.983185052870000131e+00,1.026902223824839755e+00
1.274855017659999978e+00,1.581278322507394307e+00
1.286525964740000028e+00,1.137484315489243114e+00
1.382244944570000245e+00,1.133664330579658985e+00
1.736924052240000016e+00,1.166934409091305636e+00
1.257668018339999971e+00,1.197034506600782811e+00
7.533379793170000838e-01,1.308886884283960272e+00
1.084908962249999886e+00,9.471545577650694048e-01
1.062494039539999990e+00,1.113972906576461641e+00
7.787629961969999570e-01,1.050313568034835665e+00
8.256469964979999965e-01,1.017426129539340529e+00
9.891830086709999525e-01,8.914739672538142257e-01
1.418092012410000047e+00,9.598292172989665305e-01
1.151677966120000063e+00,1.229308964467527465e+00
1.250364065170000094e+00,1.104387514916326696e+00
8.794019818310000458e-01,1.159505878039358784e+00
1.089423060420000144e+00,9.646964358700114150e-01
1.809062957759999701e+00,1.066960736746370042e+00
8.687390089040000207e-01,1.407658351644522021e+00
8.521729707719999380e-01,1.066758834879440565e+00
1.307837963100000112e+00,8.874599904167939091e-01
1.262575984000000151e+00,1.239459718391570764e+00
7.601559758189999627e-01,1.132161746304398031e+00
1.069887042049999959e+00,9.651446701837325115e-01
8.579840064049999437e-01,1.013789554698339090e+00
1.149323940279999956e+00,8.015329817427613301e-01
1.067142963410000034e+00,1.092768964578004098e+00
7.400619983670000401e-01,9.700215579283050227e-01
6.799880266190000411e-01,8.888621925335036256e-01
7.323921322820000634e-01,8.153318844159274104e-01
8.352749943730000126e-01,8.453035181589202418e-01
6.000829935070000065e-01,8.159928140926087092e-01
1.010563969610000168e+00,7.627619239059955092e-01
7.613970041280000434e-01,8.736346860057876418e-01
7.260069847110000030e-01,8.213629222783543904e-01
1.064324021340000037e+00,7.823815235422232339e-01
5.901079773899998715e-01,9.561480928321907102e-01
7.744659781460000447e-01,7.532253278425000698e-01
7.406870126719998781e-01,7.799519816586977239e-01
8.908360004430001533e-01,7.934991683643803917e-01
7.620100975040000613e-01,8.552518411230913831e-01
7.774500250820000069e-01,8.458332724677858350e-01
5.811070203779999943e-01,7.624144288885621457e-01
7.908779978749999051e-01,7.172456320981165367e-01
8.903719782829999652e-01,7.641779485758329882e-01
7.882059812549999656e-01,8.786494156892538099e-01
7.301949858670000459e-01,8.799687221691679939e-01
9.248933196070000529e-01,7.746333277616285207e-01
1.265586972239999941e+00,9.167002854397572342e-01
7.884140014650000694e-01,1.050788693497368698e+00
9.180610179899999501e-01,9.060236395853299429e-01
6.569269895549999516e-01,8.824133696562073137e-01
8.252680301670000107e-01,7.619772658446668512e-01
4.257229864599999525e-01,8.508777239473074294e-01
9.114630222319999309e-01,6.131675873869024684e-01
7.238519787790000937e-01,8.308327600398063284e-01
9.657319784160000031e-01,7.806248952905309180e-01
7.194200158119999911e-01,8.935935135822192787e-01
7.146480083470000411e-01,7.840444229791185826e-01
6.188799738879999790e-01,7.593512188422272269e-01
8.502969741820000094e-01,7.392845224421051853e-01
6.113014817240000065e-01,8.239223961612802682e-01
8.405809998509999881e-01,7.922434853108243358e-01
5.909900069240000553e-01,7.705256882464289747e-01
1.191807866100000002e+00,7.304641198131547331e-01
1.072478055950000009e+00,9.668581112239780229e-01
7.976800203319999172e-01,9.680294304078225220e-01
7.140370011329999489e-01,8.753485635477108451e-01
8.885610103609999921e-01,7.207748142990760831e-01
7.367290258409999737e-01,9.572394131631010161e-01
9.655410051350000744e-01,8.348186817235406787e-01
8.569459915160000385e-01,9.872643265654224010e-01
5.838339924809999859e-01,8.471942979262309104e-01
3.047562122340000457e+00,7.474665744357035235e-01
8.865389823909999301e-01,2.073741591997486644e+00
1.186460971829999878e+00,1.070544389065779312e+00
8.750730156899999557e-01,1.012821288158574307e+00
1.111973047260000014e+00,1.343008736296715355e+00
6.929270029070000447e-01,7.882731718688992251e-01
5.632749795910000357e-01,5.826700617135257554e-01
5.519689917560000048e-01,1.123163952039087921e+00
9.211350083349998386e-01,8.377741155374501814e-01
5.465030074119999748e-01,8.759856311326770228e-01
9.997850060459999577e-01,7.180085576668243652e-01
7.512239813800000166e-01,9.194277198773392890e-01
8.402569890019999654e-01,7.551208694462949733e-01
7.843149900439999600e-01,8.545549728082780794e-01
5.915480256080000165e-01,7.757567904888069688e-01
6.109840273859999948e-01,7.467872587792638850e-01
9.328789710999999540e-01,7.175902832409829513e-01
7.992020249369999885e-01,8.695536863202524280e-01
9.833549857140000405e-01,8.314129633607570957e-01
5.405290126799999761e-01,9.167557476074744693e-01
1.093670010570000128e+00,7.079599054533961544e-01
9.266330003740002041e-01,9.534141902333842511e-01
7.972419857979999858e-01,9.507135146713786567e-01
5.896059870719999596e-01,8.633723331528080358e-01
7.799540162090000672e-01,7.288775155785949256e-01
5.182790160179999717e-01,8.113732639280357706e-01
7.263879776000000676e-01,6.817137606204234368e-01
6.216366887090000182e-01,7.421796528878720212e-01
8.810679912569999717e-01,7.068023426860614578e-01
7.315016984940000411e-01,8.350872096192779592e-01
9.703850150110000516e-01,7.945594573942020844e-01
8.715350031849999901e-01,8.867874736046676976e-01
5.505740046500000595e-01,8.814949039896728955e-01
2.576299905780000121e-01,7.274294411037541819e-01
6.952109932899999123e-01,5.392923635799885540e-01
3.547430038449999601e-01,6.353223755399868278e-01
1.308350920679999918e+00,5.592232153670755324e-01
1.424710035319999957e+00,1.004184242688912043e+00
2.422243118290000385e+00,1.220450943330352089e+00
1.588093161580000023e+00,1.770911476463226109e+00
2.882889986040000352e+00,1.377635435568059119e+00
1.510810017590000109e+00,1.994342188139916372e+00
5.103110075000000245e-01,1.558758473451179238e+00
6.637499928469999810e-01,7.968520964788072813e-01
5.865659713749999948e-01,7.914825306133279614e-01
9.182999730109998593e-01,8.086716756807039719e-01
1.126363039020000123e+00,1.052230577584780002e+00
9.455379843710000065e-01,1.135762408961914494e+00
7.979699969290000583e-01,9.164506726167209738e-01
8.895260095600000527e-01,8.381069282257239683e-01
5.017459988589999531e-01,8.717543822787421348e-01
7.889080047609999813e-01,6.537659073832093881e-01
5.571460127830000220e-01,7.926634528340823493e-01
8.079270124439998924e-01,7.025396789386545437e-01
7.382910251620000697e-01,8.021719540623211131e-01
6.742079854009999096e-01,8.193871172751537868e-01
8.787713646889999675e-01,7.369915659017344245e-01
7.401880025859999268e-01,8.644818278262996758e-01
8.886500000949999478e-01,7.833311527830818521e-01
7.983270287510000340e-01,8.883023725181697916e-01
5.137799978260000344e-01,8.050262649875595811e-01
7.760372757910000141e-01,6.856359662865346705e-01
8.528280258179999906e-01,7.755132490072880191e-01
7.851629853249999513e-01,7.871394579659561908e-01
8.431609868999999646e-01,8.468364062324736929e-01
1.024798870089999925e+00,7.960243041153259869e-01
8.044279813770001120e-01,9.885938313118068921e-01
8.841310143469999216e-01,8.552283361691125352e-01
3.615649938579999501e-01,8.821878570167104305e-01
1.171491026879999842e+00,6.479929346035780968e-01
4.477910101410000343e-01,9.386233176566209924e-01
7.665730118750000432e-01,6.843412626284554046e-01
7.735599875449999940e-01,7.400243927858355386e-01
1.054823040959999902e+00,7.960280342205718895e-01
7.843300104139999673e-01,9.596421961710500659e-01
1.034250974660000155e+00,8.508353303752745900e-01
1.096979022029999973e+00,9.610917653334539734e-01
7.633029818529999400e-01,1.024833536555550539e+00
5.883730053899999257e-01,8.848971038843875814e-01
6.365630030629999547e-01,7.392665465093773980e-01
5.750700235369999858e-01,7.202397426061364349e-01
5.399640202519999654e-01,6.940424595064209612e-01
1.324671149250000068e+00,6.782917594223287772e-01
8.178460001949999780e-01,1.080373705799816397e+00
6.359609961509999909e-01,8.614859184022745087e-01
8.135920166969999867e-01,7.307485601791433583e-01
9.872140288350000903e-01,8.026028870368163703e-01
9.839289784429998686e-01,9.260403102477209325e-01
5.904790163040000150e-01,9.871863779476409695e-01
8.986790180209999201e-01,7.605579740259083010e-01
6.268000006680000125e-01,8.721055809467743725e-01
6.926850080490000172e-01,7.458459627522525670e-01
5.757049918169999669e-01,7.719040018167763195e-01
6.764680147170000213e-01,6.785570863057628355e-01
8.279470205309999997e-01,7.397140533203022672e-01
6.547859907149999881e-01,8.053139195931751093e-01
1.085815548900000094e+00,7.716191514037570309e-01
8.509550094600001335e-01,9.463222416569280204e-01
8.879359960559999321e-01,8.828391175198641028e-01
6.557850241659999302e-01,9.102694914044829888e-01
6.597809791559999804e-01,7.392242719832566866e-01
8.856279850010000398e-01,7.603184007414595103e-01
7.502999901769999980e-01,8.390096533772134491e-01
9.303160309790000637e-01,8.170411323946021875e-01
7.259460091590000941e-01,9.081435298241478105e-01
7.123904824259998936e-01,7.666657568196719730e-01
9.326570034029998402e-01,8.003410014795048211e-01
6.544970273969999974e-01,8.383853104775189635e-01
4.987269937989999846e-01,7.433945693301939883e-01
9.782410264020000579e-01,6.519193730132308851e-01
5.593240261080000275e-01,8.679233525539795657e-01
8.733990192409999409e-01,7.188964814432421413e-01
6.232500076290000690e-01,8.631076544082287860e-01
6.319249868390000024e-01,7.022254770946396718e-01
8.335350155830000274e-01,7.513463865297819178e-01
8.613430261610000027e-01,7.987723996323199405e-01
1.036013007159999999e+00,8.867588893584390508e-01
6.160370111469999355e-01,9.087701478234958552e-01
9.874529838560001105e-01,7.611804651003033495e-01
6.686739921569999634e-01,8.813871806665417585e-01
6.455339789389999972e-01,8.032232485121171273e-01
1.007030010220000049e+00,7.402399981599805390e-01
7.763000130650000719e-01,9.743378849274240139e-01
9.358490109440000815e-01,8.040714241812154661e-01
6.626719832419999401e-01,9.327061405954604201e-01
1.113351941109999910e+00,7.634818077638158007e-01
5.495319962500000432e-01,1.018396142085816303e+00
9.273632764820001206e-01,7.512054758518207365e-01
8.215330243109999486e-01,9.033174085474261483e-01
9.193540215490000334e-01,7.396931541490661122e-01
6.899859905239998925e-01,9.066511041333863430e-01
6.497738957409999738e-01,7.048825686254914791e-01
9.705049991610000815e-01,8.131030274855631790e-01
8.034440279009998909e-01,8.607166172636072643e-01
8.920990228650002019e-01,9.364923561479774339e-01
7.462270259859999921e-01,8.371300242436698902e-01
1.495407462120000197e+00,8.218107333177212537e-01
7.597569823270000633e-01,1.217014034938597167e+00
9.677280187610000084e-01,7.153597332132021203e-01
1.126011013979999920e+00,8.381955248389769686e-01
7.641419768330000029e-01,8.337276391664252273e-01
1.423818945879999909e+00,8.813615725681157587e-01
8.309190273280000483e-01,1.236441785473806343e+00
5.316870212550000030e-01,9.324096369103784809e-01
6.942920088770000442e-01,7.795434293156782157e-01
1.097100019450000019e+00,7.041929488839928641e-01
8.623710274700000511e-01,1.069944357986801098e+00
9.711959958080000899e-01,9.133292623466904292e-01
7.501904964450000213e-01,9.696112860332217753e-01
5.659890174870000346e-01,8.171287105039404253e-01
7.235890030859999378e-01,7.672166748462451169e-01
1.088876962660000114e+00,7.541498119412574086e-01
2.614549994470000138e-01,1.050554688916141677e+00
1.923168003559999895e-01,6.103676539888487351e-01
2.048390060660000012e-01,4.654647581379163235e-01
3.752999901769999980e-01,3.600293519368854001e-01
1.878910064700000104e-01,5.394587104011693279e-01
4.178839921949999980e-01,4.476899204103090835e-01
6.128349900249999704e-01,5.706369670546075357e-01
4.822100102900000462e-01,7.084838661945392913e-01
8.136649727820000066e-01,6.449593802166808665e-01
8.997989892959999958e-01,8.690390905241948127e-01
7.667459845540000041e-01,8.720229763110973753e-01
6.762999892229999421e-01,8.281770573779291267e-01
9.804093837739999984e-01,7.552272039004515047e-01
1.075533032420000090e+00,9.173274325320479594e-01
6.459739804270000496e-01,9.166645319841552064e-01
7.601699829100000416e-01,8.295495641532304454e-01
8.707180023190000950e-01,7.355861627727213747e-01
1.045557022089999899e+00,9.065267672918548847e-01
4.832339882850000268e-01,9.733027542670270593e-01
1.085988998409999962e+00,7.044322840766175098e-01
7.320979833600000930e-01,9.351342671553642960e-01
7.128990292550000385e-01,8.181103234131844593e-01
1.045389056210000112e+00,8.073591812724268957e-01
7.359200119969999676e-01,9.929534381136376764e-01
8.956930041310000590e-01,8.153023081204312517e-01
8.745509982110000191e-01,9.309806097814744552e-01
9.237470030779999508e-01,8.577272289101007807e-01
9.997780323029999971e-01,9.404602357623661479e-01
1.739534020420000049e+00,9.504633330734290064e-01
8.107889890670000321e-01,1.341005034868111734e+00
7.049050331119999235e-01,9.054276692946870986e-01
8.328269720080000438e-01,7.395153392383525537e-01
8.276600241660000412e-01,8.215730779951897489e-01
8.953109979629999549e-01,9.271673178976154173e-01
1.459501028060000039e+00,9.451758692053311428e-01
1.179519057270000060e+00,1.296412870021253827e+00
1.443411946299999915e+00,1.098697993321080757e+00
1.306735038760000078e+00,1.268239186688777220e+00
7.634999752040000365e-01,1.221036940219025313e+00
1.145148038860000161e+00,9.344818294204130238e-01
7.253450155259999477e-01,1.103124781699309276e+00
7.633590102199999672e-01,9.241574007379326217e-01
6.174820065499999622e-01,8.791734954763090748e-01
1.029322981830000039e+00,7.159899622718840506e-01
1.302055954929999926e+00,9.384039424952592690e-01
3.164124965670000122e+00,1.097142843661963685e+00
9.734439849849999549e-01,2.303454819412262822e+00
1.229671001429999855e+00,1.213304881773182409e+00
7.441530227660000385e-01,1.006552846292763537e+00
1.063034057620000139e+00,9.747529847956092341e-01
1.123872041700000102e+00,1.000077185175949346e+00
8.984770178789999173e-01,1.097710097433142407e+00
7.175139784810000698e-01,1.153687747177069234e+00
5.367509722709999931e-01,7.971760468602910876e-01
1.175443053249999981e+00,7.051226577755593805e-01
1.101048946379999949e+00,9.654665174207691658e-01
5.734490156170000130e-01,1.086783124480206197e+00
1.431144952770000200e+00,7.807776179684375872e-01
1.037794947620000130e+00,1.233059730792884556e+00
6.568620204930000206e-01,1.011538568455646825e+00
1.074908018110000141e+00,8.112430277001932977e-01
1.385972023009999887e+00,9.989270693917829957e-01
1.004804968829999812e+00,1.173499804371199495e+00
1.609539985660000116e+00,1.064747395466550062e+00
2.817575931549999524e+00,1.377177915673194031e+00
1.962562561039999931e+00,2.029415111171799069e+00
1.279752016069999998e+00,1.655047423497328918e+00
1.995329976079999845e+00,1.223337370197211671e+00
2.033385992049999924e+00,1.740546329844109508e+00
1.307443976400000096e+00,1.390774982616048483e+00
1.611258029939999892e+00,1.496469300448583395e+00
2.040218114850000042e+00,1.669466304053412342e+00
2.183244943620000100e+00,1.674753331419832403e+00
1.351415991779999937e+00,1.777317892541166122e+00
7.242180109020001089e-01,1.452907292788461202e+00
1.363389015200000109e+00,1.182768798451607317e+00
1.526808977129999967e+00,1.141532921459362360e+00
1.784019589419999940e+00,1.314722607486594308e+00
1.103597044940000105e+00,1.616246934865626095e+00
1.763007998470000004e+00,1.070300067172169856e+00
1.157549023629999896e+00,1.612893609931492112e+00
1.153326034550000045e+00,1.105072968050901494e+00
2.362811088559999551e+00,1.117683607338733509e+00
2.580787897110000007e+00,1.846952449639765570e+00
1.242146968839999976e+00,1.901000709058888960e+00
1.712821006770000265e+00,1.319884914419099387e+00
6.676509976389999323e-01,1.574561699237156720e+00
8.271329998970000652e-01,9.506291111196965016e-01
9.642647504810000214e-01,1.066165893645894425e+00
1.394161701200000048e+00,9.830230646275471829e-01
7.584049701689999923e-01,1.344312990082410231e+00
6.900759935379999765e-01,8.728002535258756467e-01
6.740249991419999809e-01,7.515989358186501157e-01
8.615220189090000424e-01,7.114209272560140240e-01
7.907469868659999790e-01,8.673152263529784189e-01
7.285000085830000138e-01,8.183458491366217835e-01
2.411980032920000017e-01,8.114794396543094646e-01
3.354600071909999981e-01,5.624181695561396577e-01
5.912460088730000507e-01,5.245745587386103637e-01
1.058426976200000036e+00,6.713485520993854871e-01
7.669919729230000316e-01,8.853659463682262976e-01
5.881239771840000019e-01,8.352452099992879742e-01
5.922303199769999305e-01,7.224711656372727608e-01
8.753510117530000079e-01,7.469977848611590865e-01
7.038279771799998974e-01,7.928877485598110342e-01
5.677499771120000371e-01,8.393700847170955104e-01
7.133870124819999825e-01,6.531675561743243152e-01
1.077505946160000061e+00,7.865226546406949293e-01
6.909419894220000247e-01,9.324489617433436850e-01
7.724580168719999973e-01,7.678225920842105534e-01
7.237120270730000859e-01,7.939629447832928788e-01
9.752489924429997847e-01,7.588359749073148031e-01
9.151769876480000399e-01,9.149136311635673868e-01
7.574009895319999686e-01,9.741764718979336601e-01
6.912069916730000374e-01,8.348944610602569982e-01
1.183527946470000147e+00,7.804411413115356355e-01
7.705749869349999281e-01,1.022890138495089474e+00
8.947700262070000798e-01,8.317569266827981034e-01
6.143350005150000070e-01,8.754353083356645193e-01
7.692319750789999855e-01,6.772996043362016216e-01
9.070749878880000061e-01,8.034104151405927485e-01
4.068099856379999713e-01,8.577192925159604631e-01
5.138880014419999753e-01,6.235210764992600296e-01
2.481469959019999838e-01,6.187855756162971010e-01
2.568759918210000159e-01,4.646453386702530386e-01
5.980659723279999618e-01,5.227350480774459740e-01
5.981699824330000137e-01,6.630753506190856239e-01
8.801140189170000294e-01,6.912397219157709882e-01
1.085649013520000095e+00,7.919991766445384496e-01
9.920129775999999566e-01,1.044738515697740233e+00
8.743849992749999078e-01,9.734373687389702434e-01
8.770260214810000621e-01,8.794912422430398724e-01
1.008928894999999937e+00,9.022434424650359608e-01
8.088759779930000393e-01,9.630079283346900665e-01
6.714209914210000907e-01,7.286324529548657836e-01
7.449629902840000373e-01,7.933634957065518467e-01
6.942679882050000195e-01,6.495754119131850191e-01
1.001886010170000008e+00,8.246139338646960582e-01
7.935580015180000446e-01,9.270589993449237509e-01
8.450049161910000439e-01,8.587723991090852049e-01
8.031240105629999793e-01,8.554433992229912853e-01
5.744469761850000689e-01,7.805852265471528995e-01
5.679720044139999757e-01,7.233291162984872846e-01
4.538080096239999195e-01,6.310024507088576318e-01
8.494881391529999215e-01,6.412727928652718346e-01
4.064599871639999473e-01,7.835800513306455661e-01
2.453519999980000310e-01,6.437398606657573907e-01
2.323218107220000217e+00,4.787617235636786317e-01
2.027115583420000089e+00,1.820551664166968786e+00
1.581117987629999888e+00,1.422749788694702255e+00
1.727049946780000012e+00,1.395392813228557793e+00
1.150642037389999928e+00,2.237475011497246591e+00
1.607933998109999818e+00,9.552710286884216195e-01
1.331233978270000007e+00,1.291205233050883860e+00
1.221642017359999999e+00,1.199039967263420881e+00
1.583541989330000010e+00,1.099429424632375252e+00
1.608662128450000006e+00,1.360621076354299852e+00
2.185653924939999992e+00,1.289090818924022885e+00
2.989559888840000124e+00,1.370672929580031285e+00
7.574499845500000106e-01,2.048902040752647924e+00
1.811344027520000122e+00,1.178191946087509212e+00
1.527951955800000094e+00,1.304602448361961820e+00
8.892235755919999374e-01,1.356849463767000996e+00
