1.176299691200000108e+00,1.034731675054107791e+00
1.714609026910000056e+00,1.181579840631785894e+00
1.307337045669999975e+00,1.485185864352835283e+00
6.186890006069999393e-01,1.013979710701940817e+00
2.298435926440000276e+00,7.854279613422749939e-01
1.808241009709999902e+00,1.673439024868226488e+00
8.794149756429999742e-01,1.897479013523068581e+00
1.570945024490000064e+00,8.865626289450109221e-01
1.578516006470000121e+00,1.620919407551791425e+00
6.200309991839999535e-01,1.504666749046813967e+00
9.928810000419999726e-01,9.727420744756614113e-01
4.551869928839999413e-01,9.074188510615344150e-01
1.017398953439999865e+00,1.238951068277456713e+00
8.378469943999999892e-01,6.457678540740923179e-01
4.884769916529999589e-01,1.067353965235037005e+00
1.246340990070000210e+00,5.538457263347794646e-01
1.209630966189999990e+00,9.089450262683775872e-01
1.252451062200000020e+00,1.205817515586008914e+00
1.519726991650000025e+00,1.115028215518960142e+00
1.063797950739999942e+00,1.482402491563887592e+00
1.571495056150000069e+00,1.151507090613783646e+00
1.278105020519999968e+00,1.320311879196524485e+00
1.192077994349999948e+00,1.256443958989567733e+00
8.304439187050000060e-01,9.381655728972551067e-01
1.402015686039999931e+00,1.072434315670719895e+00
1.156504034999999986e+00,1.176849293381498907e+00
1.162554860120000200e+00,1.268484335290109621e+00
6.007519960399999581e-01,1.264512699115827754e+00
1.253835797310000055e+00,9.158526917728958550e-01
1.791844010350000183e+00,1.034673289647882299e+00
1.734062552449999961e+00,1.713475752387841666e+00
4.939970970150000085e+00,1.867710921835127547e+00
2.394351005549999911e+00,2.604658714877879699e+00
2.212575912479999740e+00,1.942109550835594778e+00
1.886527061460000043e+00,1.553175114354883757e+00
9.343829751010001017e-01,1.746270877392161358e+00
9.099829792980000942e-01,1.980430912739385318e+00
8.112999796870000724e-01,1.067238060812279565e+00
1.049708962440000004e+00,6.619872445278022211e-01
1.351788043980000076e+00,1.472223298894174803e+00
1.277305960659999906e+00,5.813145388216846010e-01
7.854449748989998925e-01,1.056184528827452507e+00
4.846229851250000165e-01,1.859095694835689372e+00
6.676359772680000582e-01,3.668501536075379765e-01
8.322510123249999836e-01,2.315992622182247718e-01
5.959370136259999340e-01,8.507755098044420539e-01
3.410890102390000123e-01,7.720232130704255402e-01
6.860110163689999707e-01,8.345803187391982458e-01
8.153510093690000682e-01,7.141349359601754099e-01
3.985430002210000322e-01,8.507551529534721491e-01
6.998159885410000225e-01,6.418174146858268703e-01
4.263690114019999533e-01,7.666631245822821406e-01
6.866139769550000382e-01,5.774391248126922171e-01
1.826770007609999913e-01,7.361236153839030294e-01
7.018824815749999946e-01,6.599355146873260303e-01
1.796682000159999681e+00,7.670665976330518498e-01
7.204269766809999753e-01,1.181162525186903123e+00
4.680640101429999755e-01,9.046820715198521379e-01
6.408870220180000743e-01,5.093305048291117965e-01
7.520520091060001189e-01,6.714100062446786144e-01
1.001817584040000098e+00,6.669026436249405609e-01
1.660804033279999814e+00,1.169429472522121038e+00
1.450595021250000061e+00,4.875534162868265797e-01
1.085010051729999869e+00,6.118072828175917799e-01
1.099555015560000015e+00,5.908059701888599413e-01
7.694180011750000325e-01,7.888221454789079434e-01
1.254430413249999932e+00,5.840098308629984025e-01
1.496320962910000052e+00,1.321991206969290289e+00
7.186369895940000196e-01,1.051869504719704862e+00
8.902019858359999649e-01,9.397103721756808747e-01
9.891759753229999452e-01,1.018401366878625147e+00
2.849014520649999938e+00,1.061623577823630260e+00
4.281075000759999583e+00,2.076782752095434947e+00
1.248739004139999942e+00,1.803197309828238781e+00
7.096589803699999699e-01,1.379369550915040099e+00
7.497439980509998936e-01,5.230777944857187833e-01
8.907449841499999188e-01,4.240765420601481650e-01
1.469527959819999952e+00,9.240420650900886823e-01
1.608888030049999918e+00,7.629975157660505714e-01
1.043460965159999976e+00,1.119286538229554828e-03
1.184751033780000018e+00,1.308144361861854899e+00
5.063725113870000127e-01,3.896082066595879523e-02
6.946156024930000283e-01,1.824340683912082151e+00
9.299110174179998634e-01,5.940950698534134267e-01
7.754629850390000190e-01,3.687731882033672970e-01
8.564696311949999696e-01,8.942545358501656771e-01
9.269009828569999554e-01,6.359218312303897003e-01
7.506660223010001021e-01,6.039367607486477718e-01
9.248849749570000611e-01,6.721706897820418636e-01
1.070162653919999984e+00,8.574649112427782383e-01
8.752880096439998869e-01,9.739426789538837559e-01
7.511039972310000756e-01,7.983065134552984610e-01
8.627579808239999037e-01,7.691100405553131791e-01
5.096570253369999692e-01,8.485796616600396192e-01
8.495249748229999343e-01,7.632725250503359371e-01
6.711369752879999817e-01,8.268576649204116835e-01
6.132180094720000030e-01,7.444380728864089525e-01
3.810549974440000098e-01,6.868270074098179467e-01
8.710420131680000067e-01,7.305102963997277543e-01
6.540319919589999698e-01,7.416136623260940475e-01
9.089673757550000843e-01,6.540813129136687776e-01
9.709029793739999414e-01,7.928491644569655161e-01
9.856920242310001079e-01,8.493881421311129110e-01
1.356256246570000101e+00,7.685006775995584238e-01
1.309872984889999925e+00,1.111261397836454279e+00
6.344919800760000506e-01,1.012912517009217028e+00
5.933508276940000492e-01,5.957765999755531006e-01
8.796380162239999523e-01,6.245037740490365641e-01
1.131836414339999930e+00,8.967958287768484915e-01
1.841274023059999765e+00,9.448096707523737647e-01
2.261745929719999992e+00,1.285118580906518870e+00
2.597975969309999744e+00,1.874524382341200335e+00
2.399192094800000064e+00,2.169446820254616437e+00
1.982298016549999931e+00,1.980031864228348759e+00
2.269547939300000206e+00,1.851006769813665631e+00
2.017889976500000238e+00,2.641596981533853583e+00
1.452262043950000026e+00,1.533121539459740390e+00
1.342797994609999934e+00,1.384415589673389846e+00
1.311915040020000145e+00,1.651049980814767393e+00
1.276762008670000226e+00,1.397305814899461263e+00
1.275267004970000118e+00,1.627198834709824515e+00
1.210446000100000141e+00,1.532754600276663215e+00
8.153480291369999966e-01,1.583884263978011742e+00
7.271119952200000291e-01,9.647991460375106021e-01
6.043019890790000126e-01,1.007375109634993882e+00
9.830358624459999417e-01,8.164868546278429839e-01
1.101529002189999940e+00,7.791601279333484342e-01
1.183724999429999869e+00,9.645677075570555647e-01
4.356400072569999726e-01,1.203517680837383086e+00
3.270040154459999959e-01,7.458434760154218912e-01
8.039849996569999879e-01,8.583764987010576997e-01
4.216859936710000145e-01,7.325842613711203155e-01
5.734559893609999515e-01,7.043267564891985133e-01
3.959457874300000291e-01,8.600368386508426832e-01
4.163750112060000119e-01,6.901932157571063486e-01
5.603970289230000290e-01,4.491138550196397405e-01
7.749050259590000156e-01,6.068972341728363640e-01
6.370840072629999629e-01,7.192158022614774104e-01
3.839260041709999793e-01,7.954221500509154330e-01
5.648739933969999516e-01,4.758207935100605135e-01
1.054715037350000051e+00,7.347867297909680406e-01
6.537709832190000681e-01,9.377172459922691328e-01
5.931029915809999942e-01,7.630335668364329749e-01
1.022608995439999946e+00,6.452290192075977870e-01
8.359869718549999273e-01,9.021501369245931157e-01
6.375340223309999832e-01,8.363708420075315342e-01
9.755985140799999789e-01,7.443360968353677221e-01
4.898079931740000337e-01,8.674096694432480437e-01
1.098647952079999879e+00,6.269134815608731204e-01
1.151165962220000116e+00,9.726246555243555081e-01
8.061249852179999120e-01,1.061591514791303315e+00
4.744769930839999872e-01,7.769826723823661796e-01
7.896029949189999897e-01,7.485497467352963952e-01
4.762530028819999539e-01,7.695920905217337182e-01
5.455229878430000179e-01,7.319326767985392390e-01
6.212809681889999158e-01,7.478463375089791088e-01
7.707700133319999036e-01,7.965972588629619544e-01
9.337069988249999675e-01,6.055836815786739269e-01
8.110550045970000843e-01,8.406697221668653075e-01
6.005529761310000048e-01,7.382614154188308353e-01
1.002521038060000036e+00,7.348225758378351680e-01
8.921650052069998171e-01,9.201295881204610838e-01
9.160850048070000584e-01,8.606256000501415482e-01
7.413420081139999729e-01,8.293770335582819619e-01
9.283249974250000758e-01,8.854787093016365240e-01
6.429409980770000033e-01,8.104230989805726315e-01
9.950090050700001187e-01,6.925353051908674784e-01
6.271365880970000140e-01,9.686423845819257528e-01
1.038689017300000073e+00,7.749183302888686953e-01
6.888009905820000611e-01,7.775533388030251292e-01
5.214130282399999095e-01,7.953683214576587890e-01
6.510270237919999481e-01,7.455199819766010760e-01
1.159701943399999990e+00,7.620752538576525126e-01
6.456400156020000169e-01,9.275372993651130882e-01
1.195862650870000099e+00,7.671032174783475321e-01
1.304703950880000018e+00,8.813587419208723794e-01
8.844429850579998975e-01,1.115585886094214274e+00
7.697709798810000725e-01,8.628363818428512744e-01
7.702100276950000213e-01,8.100121723329728463e-01
6.418280005459999771e-01,7.328413740866192017e-01
8.937159776689999058e-01,8.134822482385724030e-01
5.247250199319999364e-01,8.487845925840660222e-01
5.142210125920000374e-01,7.819124231255749624e-01
7.172748446459999982e-01,7.866042275451337051e-01
6.410769820210000525e-01,8.756306428364428740e-01
4.689820110800000941e-01,6.437291862156386824e-01
1.203750014310000171e+00,5.297885514379542249e-01
7.911959886550000709e-01,1.037229033425562275e+00
1.136301159859999910e+00,8.512419845973622223e-01
8.642929792399999256e-01,9.513870367600959499e-01
8.814030289650001126e-01,8.016296470233902349e-01
5.817409753800000249e-01,6.976128580476158580e-01
8.651199936869999885e-01,7.232806315439518352e-01
9.078124761579999813e-01,8.238780912409920942e-01
7.377740144730000615e-01,7.808814193901310041e-01
1.120375037189999867e+00,8.058033636334697158e-01
9.422479867940000142e-01,1.054457490098579919e+00
1.060060024260000011e+00,8.794680811994737279e-01
7.158420085910000008e-01,8.396623622722977354e-01
4.040209949019999969e-01,7.791629718079153832e-01
2.920779883859999648e-01,7.047386685724040811e-01
6.317924261089999938e-01,7.858112627246047754e-01
1.124665260310000026e+00,7.620100563797898019e-01
1.115690946580000009e+00,1.000748200686850664e+00
1.247418999670000028e+00,9.361250928954728545e-01
6.976169943809999996e-01,9.988506815981825770e-01
3.693974971769999893e+00,7.689847976421173570e-01
8.204839825630000361e-01,3.156845929601890255e+00
8.573070168499999921e-01,1.290269538795403292e+00
6.902359724040000311e-01,1.269487389430231372e-01
8.385969996449998964e-01,1.135524303910381727e+00
1.287726998329999928e+00,6.406233114371377990e-01
9.632229804989999034e-01,1.276854459983847834e+00
1.343299984930000024e+00,8.261390839539627384e-01
7.316169738770000874e-01,8.733318067507463978e-01
6.809219717980000697e-01,1.078497562066032867e+00
7.014784216880000089e-01,1.348984900607324011e+00
6.698030233380000142e-01,9.396451416295092951e-01
1.365643024439999964e+00,3.463165260718327199e-01
9.781420230869999344e-01,1.227852689052075119e+00
6.786789894100000442e-01,1.107018833007207714e+00
5.976330041890000055e-01,7.035829047210745424e-01
8.193774819369999962e-01,6.584268193885769449e-01
7.911109924320000042e-01,8.153857460774930344e-01
1.044147372249999872e+00,7.658876595108325969e-01
1.400015950200000026e+00,8.558187311428718802e-01
8.748620152470000244e-01,1.028977908348296166e+00
6.228179931639999944e-01,8.892943424217669701e-01
7.164059877399998610e-01,6.958055426920141118e-01
6.523500084880000660e-01,7.862533727875142819e-01
9.379299879070001067e-01,7.079826167679610371e-01
5.936999917030000296e-01,8.476227044819247824e-01
5.393440127369999448e-01,8.205676228352157819e-01
9.370089769359999377e-01,7.120075326015713468e-01
8.087720274930000341e-01,8.101591940344220477e-01
5.654280185700000239e-01,8.303241297666774656e-01
6.020820140839999723e-01,7.147883657443941940e-01
1.146679997439999932e+00,7.873165586011970918e-01
9.824249744419999431e-01,8.979091924424834614e-01
5.671510100359999917e-01,8.712805597075804487e-01
7.866399884220000027e-01,7.175702901414111601e-01
7.388439774510000557e-01,8.249335721386970022e-01
6.810299754140000106e-01,7.396993114681866821e-01
7.086979746820000203e-01,7.291681595593365595e-01
6.642330288889999323e-01,8.133338773501194163e-01
5.124790072439999733e-01,7.710554756236034368e-01
6.040380001070000393e-01,6.015138457542292816e-01
6.728799939159999521e-01,6.725950024810916084e-01
8.265414834020000656e-01,7.642065129810763358e-01
4.546860158440000355e-01,7.393560161259857821e-01
5.594509840010000179e-01,6.359970219512073308e-01
1.332218050960000122e-01,6.395461112741355203e-01
1.633069962260000063e-01,5.886161735449895183e-01
1.797860413789999778e-01,6.798113143537265479e-01
5.747918486599999932e-01,6.497445959952710126e-01
8.508148789409999413e-01,6.244701568061905572e-01
8.527640104289999634e-01,9.115990358328381893e-01
1.687628030779999788e+00,6.903296820543488588e-01
2.149522066120000297e+00,1.325639673174178634e+00
8.122850060459999577e-01,1.517107271726248374e+00
1.239639997479999867e+00,9.725096241049535628e-01
2.128437280650000041e+00,1.096184590206139342e+00
2.139239072800000141e+00,1.766688957642845503e+00
9.779880046840000452e-01,1.127351484588633435e+00
6.937779784199998856e-01,1.051103827867695184e+00
7.218790054320000094e-01,8.287698531109158884e-01
7.631160020829999002e-01,7.579186930862397142e-01
8.565329909319999713e-01,9.938631935876029999e-01
1.109338045120000116e+00,6.974755187470178530e-01
6.476340293879999654e-01,1.044215097276863125e+00
9.241870045659998922e-01,9.319809922628603527e-01
7.877320051189998784e-01,8.135850840656454475e-01
1.305567026139999864e+00,8.754370675696988569e-01
9.107710123059999940e-01,1.194530071611219935e+00
8.699640035629999657e-01,8.909676186940007625e-01
5.743020176890000217e-01,8.071544884402247488e-01
8.599532246590000373e-01,8.309530228656790696e-01
4.775849878790000003e-01,8.603861061296341761e-01
1.108017444610000179e+00,8.048056464577825198e-01
1.290724992749999966e+00,9.641452532969669864e-01
8.591579794879999898e-01,9.405554063554319999e-01
3.058980107309999807e-01,9.223692980698121602e-01
9.039019942279999942e-01,5.965209874502815923e-01
6.352750062940000220e-01,8.125341996628800967e-01
1.023422956470000145e+00,7.552571505610076175e-01
6.730669736859999919e-01,1.044235996448099391e+00
8.504790067669999454e-01,8.272494913127804717e-01
5.141969919200000128e-01,6.893891333711191782e-01
1.527956604959999964e+00,5.711445126872038980e-01
4.094385623930000051e+00,1.211290519121783538e+00
9.952359795569999390e-01,2.479749579964920070e+00
8.670449852940000923e-01,1.321824959353036011e+00
1.141056060789999993e+00,3.308802460825941982e-01
1.622257947919999888e+00,1.409758625762489670e+00
1.980204939840000566e+00,1.761908126722017798e+00
1.375547051430000112e+00,1.448328939123138204e+00
1.851865053180000054e+00,1.016705511565062281e+00
1.420923948290000016e+00,1.355923491594342334e+00
1.589177966120000285e+00,1.410861063658858106e+00
1.673199415210000041e+00,1.483120133390363193e+00
2.123934030530000072e+00,1.646149006113979185e+00
1.648401975629999905e+00,1.278116935268055698e+00
1.204741954800000014e+00,2.444585077558320219e+00
7.920839786529999538e-01,1.015593774860226173e+00
1.227027416229999890e+00,1.096711956983100977e+00
1.226951003070000157e+00,1.582269465703268541e+00
1.131343960759999989e+00,1.137336043805716734e+00
1.252465009690000075e+00,1.471367524127687121e+00
1.116891980170000132e+00,1.048716421623392847e+00
1.122387051579999850e+00,9.696779186756914193e-01
1.040153026579999862e+00,1.216416285572934353e+00
8.091310262680000420e-01,1.066529724407933477e+00
7.681059837340000751e-01,7.811285587036602696e-01
7.982919812199998910e-01,1.003874908499969854e+00
7.666722536090000428e-01,9.630326964980695514e-01
1.057360053060000027e+00,8.869428748155967490e-01
8.607699871060000563e-01,1.038170765954251396e+00
1.070777058600000053e+00,9.505478755120086998e-01
5.301510095600000527e-01,1.015493829203352405e+00
6.604189872739999467e-01,8.310717579356798890e-01
9.909179806709998983e-01,7.508734700302845955e-01
3.561530113220000016e-01,9.365181758835805503e-01
9.618239998820000691e-01,7.416905395306665483e-01
1.244829058649999931e+00,8.549636706518567442e-01
8.381230235100001202e-01,1.047768326752067880e+00
9.245989918709998090e-01,8.178875951252985166e-01
8.131660223010001021e-01,9.104063280667854530e-01
1.003061056139999963e+00,8.326654983113042086e-01
8.752340078350000496e-01,8.630316634343353499e-01
7.991399765009998823e-01,8.612831236910043486e-01
8.812961578369999938e-01,8.340196389478325978e-01
1.063080191609999892e+00,8.416216198937157555e-01
9.057049751279999672e-01,9.402282681889685412e-01
6.909559965129999926e-01,9.312459300512467841e-01
1.355970025060000195e+00,8.548375878036144071e-01
7.572399973869999856e-01,1.090814627520952929e+00
2.043754577640000125e+00,8.291409456735930883e-01
8.576130270960000690e-01,1.633701883000084676e+00
2.364957094190000220e+00,9.025324330303317044e-01
4.179231166840000178e+00,1.801366344018098919e+00
2.233561992649999883e+00,3.647678032004324500e+00
8.013390302660000630e-01,1.919954742841525119e+00
8.372840285299999463e-01,1.370130596086453378e+00
8.851529955859999133e-01,5.861225386651192082e-01
9.040349721909999303e-01,1.182819095349471494e+00
1.302939534190000082e+00,9.444038892730169388e-02
7.228699922560000157e-01,8.567976655190935320e-01
8.009120225910000279e-01,2.892308829556391458e-01
1.032919287679999965e+00,3.898156047400841429e-01
1.321628212929999879e+00,6.687914062254073366e-01
9.367759823799999275e-01,1.123446421533865092e+00
7.007700204850000336e-01,9.603973308461769554e-01
7.624319791789999634e-01,7.908430292008254980e-01
1.144938945770000105e+00,8.446993998369599632e-01
7.721610069269999599e-01,1.056749666226860285e+00
8.772150278090000697e-01,8.871893263083004966e-01
1.243505001070000171e+00,8.855245750461057108e-01
6.381840109830000385e-01,1.137253485465672176e+00
7.468199729919999807e-01,8.255848723238214948e-01
6.839929819109999976e-01,7.892642290871703104e-01
1.419505119320000119e+00,7.780668896405209534e-01
6.141470074649999500e-01,1.059139684867567155e+00
7.347676754000000976e-01,8.703418165540175444e-01
6.770560145379999062e-01,6.907361841622154941e-01
1.074026942249999950e+00,7.893219200589085549e-01
6.156389713290000287e-01,8.646237305535283690e-01
9.692379832269999440e-01,6.965623109416014813e-01
9.916120171550001361e-01,8.389580800426249541e-01
8.089560270310000023e-01,9.262607303676444470e-01
2.435143947599999859e+00,9.150801102579839696e-01
8.223479986189999869e-01,1.594509085178702934e+00
5.938220024110000272e-01,6.871626507453352239e-01
5.762249827380000466e-01,4.219661424259897875e-01
4.224239885809999429e-01,6.750208274866947855e-01
6.765879988670000511e-01,5.436943308855431978e-01
5.520349740979999531e-01,9.181420107992857016e-01
9.015229940410001142e-01,1.166659915672639380e+00
7.489960193629999763e-01,7.726606179521426920e-01
8.627583980560000754e-01,7.640229045026403210e-01
9.480749964710000199e-01,9.078980306987409765e-01
1.055613875389999956e+00,7.897866290041325454e-01
1.970020055770000278e+00,1.123721629228003893e+00
9.391199946399999554e-01,1.200804187998840922e+00
1.009042978289999892e+00,8.088729757044110791e-01
7.824029922490001177e-01,8.159448385900306411e-01
1.016265034679999957e+00,9.106846177273153486e-01
8.782749772069999850e-01,8.548310535057722648e-01
7.353619933130000064e-01,8.192805844111437086e-01
1.109990954399999952e+00,9.238703479755394632e-01
7.727199792860000027e-01,8.682147108101938571e-01
1.164981961250000086e+00,8.915734102723923415e-01
7.157210111620000426e-01,9.325779149208001106e-01
1.475479006770000101e+00,6.729131592948530693e-01
8.354520201680000202e-01,1.150042640712366948e+00
7.344660162930000125e-01,9.359852668580441737e-01
7.861927747729999805e-01,8.009987698258536071e-01
1.143465042110000107e+00,1.058383611052467144e+00
9.246990084650000830e-01,8.897317038755158114e-01
2.958764553069999970e+00,1.016537782488568631e+00
2.138324022289999959e+00,2.180219708115318511e+00
2.038712024690000124e+00,1.567331287037599274e+00
1.480209946629999829e+00,1.920295419173659646e+00
9.367650747299998137e-01,1.586682702688502422e+00
1.715939760209999942e+00,1.108521509873733768e+00
1.001402020450000041e+00,1.541984421638326719e+00
8.896229863169999863e-01,1.314738705139375519e+00
7.492939829829999843e-01,9.601945427485684137e-01
1.115183949470000213e+00,1.082300847479613415e+00
9.457820057870001129e-01,1.170246921118572869e+00
6.452180147170000213e-01,1.040223732549480973e+00
1.164842009540000056e+00,7.915750292870332716e-01
1.244351029399999975e+00,9.918153459665938199e-01
9.045109748840000075e-01,1.014092890296043326e+00
5.575259923929999362e-01,9.159431931207424604e-01
5.778343677520000332e-01,6.896992744267987918e-01
7.199835777280000348e-01,6.365038996039634744e-01
7.607790231700000128e-01,8.374640472320501461e-01
5.404400229450000426e-01,8.774236330006213169e-01
8.009672760959999360e-01,6.491162055345649495e-01
7.710149884220000027e-01,7.480338943434999832e-01
6.709719896319999988e-01,7.854063214409191529e-01
2.768970489500000021e+00,7.379391449074400589e-01
3.086133003230000060e+00,2.023879555622875248e+00
1.116358041760000086e+00,1.682734949779417288e+00
1.018260955809999979e+00,7.542629915353600278e-01
7.442610263819999794e-01,5.004241642789453159e-01
1.114386796949999869e+00,9.492704798068170025e-01
1.380516409870000238e+00,1.393688227881440422e+00
1.229098439219999950e+00,9.986780055026748260e-01
1.573238968849999919e+00,7.892028212375096219e-01
1.245597958560000107e+00,1.418293880363640680e+00
8.298619985580000247e-01,1.492684096786319303e+00
5.376980304720000436e-01,8.539650672454907054e-01
8.593800067899999284e-01,4.331215314159458374e-01
7.949647903440000274e-01,6.121833290129450322e-01
8.122889995569999577e-01,8.173183572555848819e-01
1.209460973739999945e+00,8.120039956250132418e-01
1.043611049649999956e+00,1.135972683724661980e+00
9.914460182190000248e-01,8.772116585267955013e-01
1.377645969390000058e+00,8.182299248728789332e-01
7.495359778399999229e-01,1.261190914734739765e+00
7.549669742579999676e-01,6.781535801866841462e-01
8.522210121150000095e-01,7.817856987521395462e-01
1.312628030780000010e+00,9.185636648062985854e-01
9.499999880790001017e-01,9.639676434097687041e-01
8.433979749680000637e-01,9.654743413826590848e-01
6.329939961430000039e-01,9.083380376172032200e-01
6.848490238189999246e-01,8.280220463730453284e-01
8.296039700509999504e-01,8.481436824616035430e-01
1.117776036259999994e+00,9.031294615068600207e-01
1.060515046120000138e+00,8.652950569065335218e-01
9.966710209849999336e-01,8.457454827212704807e-01
6.726049780850000825e-01,9.406271711994457219e-01
8.499810099600000335e-01,8.607855713013630172e-01
7.929700016980000266e-01,7.896346404426838328e-01
7.509549856190000927e-01,7.476790052521924412e-01
9.556260704989999466e-01,8.585054849468229943e-01
6.085839867589999397e-01,8.175630362869306111e-01
7.782499790189999489e-01,6.815294841621473143e-01
5.098140239720000411e-01,7.635044264871156949e-01
6.364319920540000286e-01,6.741567922566393811e-01
6.015599966049999248e-01,7.261810926011161849e-01
6.556333899499999784e-01,6.962277257919695650e-01
6.385549902920000243e-01,6.686641196907203710e-01
8.762890100480000832e-01,6.822835408104033217e-01
7.967479825020000739e-01,7.545716312898148592e-01
6.824830174449999509e-01,8.343472268432974293e-01
8.025500178340000401e-01,6.854948241304110734e-01
7.950311899190000142e-01,8.032891734927759542e-01
1.584897041320000088e+00,7.583178937114972706e-01
1.017485976220000143e+00,1.102206461533334236e+00
9.177780151369999695e-01,8.828416373250036475e-01
1.230221033100000083e+00,7.890162961342270798e-01
1.027899026870000121e+00,9.729239634020336869e-01
9.125559926030000213e-01,9.360602525553465281e-01
7.935979962350000472e-01,9.302189540358291042e-01
1.030437946320000187e+00,8.672677865570046496e-01
5.325379967690000438e-01,8.624828022565769192e-01
6.127780079839999505e-01,7.407204476202494670e-01
8.741289973260000234e-01,8.178376950471413220e-01
3.667230010029999820e-01,9.007319760419995047e-01
7.391750216480000857e-01,6.706386614845202265e-01
5.604230165479999748e-01,8.309517993382491419e-01
7.758178114889999755e-01,6.918697459509375314e-01
8.102909922600001202e-01,7.522263805257212166e-01
6.437510252000000488e-01,7.463720597061518358e-01
7.236457467079999706e-01,6.271824724129353434e-01
9.113870263100001257e-01,7.420907652735004856e-01
6.627830266949999993e-01,7.654624407401183772e-01
1.002035975460000117e+00,7.226470625860691444e-01
8.224419951440000709e-01,8.740261221921112877e-01
1.030576944350000135e+00,7.454967878647260626e-01
6.781139969830000114e-01,8.332979561740071484e-01
5.333459973340000104e-01,7.794914459340591684e-01
3.209959864620000047e-01,6.720224908487950621e-01
7.608630061149999069e-01,6.688099840013573827e-01
7.439860105509998878e-01,8.074199343695709352e-01
5.468400120740000148e-01,8.199765532679544888e-01
7.004669904709999173e-01,7.301969146497740981e-01
8.356525897980000561e-01,6.320365562516780944e-01
1.274258971210000091e+00,6.872465781133689777e-01
8.934450149539999719e-01,9.864601449745085127e-01
6.211659908290000365e-01,7.916503125991158907e-01
7.900159955019999680e-01,6.313885562837836529e-01
1.067494988440000014e+00,7.465132547715697120e-01
6.698009967800000464e-01,8.905332003197455881e-01
1.265694975850000015e+00,6.890779473568776625e-01
6.380620002750000408e-01,1.053588494622186955e+00
9.348030090330000652e-01,8.262872233642534203e-01
8.006410002709999363e-01,7.431503532551730906e-01
1.085708975790000030e+00,8.269885096051382556e-01
3.527039885520000251e-01,6.958253175407470570e-01
5.883709788319999578e-01,6.575118192808172557e-01
4.875420033929999120e-01,6.593988424882347710e-01
4.636880159380000199e-01,7.695433875163593118e-01
3.637039959430000136e-01,6.491736650281407783e-01
8.750243186949999696e-01,7.480911554272222652e-01
6.435279846190000708e-01,7.174344653693616181e-01
4.834130108360000233e-01,7.402557717433344564e-01
2.120890021319999930e-01,6.032173729154612918e-01
4.560469985010000560e-01,6.253118709277263321e-01
4.367910027499999903e-01,5.699821219467671174e-01
7.238804101939999569e-01,6.273822446807704178e-01
5.560690164570000205e-01,8.022965356093386680e-01
4.748429954049999679e-01,6.256528647156265333e-01
2.674640119080000100e-01,5.437658377967473644e-01
9.588437080380001198e-01,5.254171260225162232e-01
7.868980169300000549e-01,8.358428601600239594e-01
1.794360995290000149e+00,7.840720879263592957e-01
1.337677955630000026e+00,1.461731623932511104e+00
1.210453987120000185e+00,1.068545714020131099e+00
5.654799938200000264e-01,9.409193561633829583e-01
4.008429944520000565e-01,6.349824862336045372e-01
2.727654874320000200e-01,6.699183940343165222e-01
5.836449861529999783e-01,7.609559246690886791e-01
8.533802628519999711e-01,7.565617151888062164e-01
8.660610318179999823e-01,9.070435985055953498e-01
1.158349990839999899e+00,8.214386024101439920e-01
7.764859795569999390e-01,1.037235594178051556e+00
1.068807005880000105e+00,6.660798842580766266e-01
5.888479948040000744e-01,1.074727516916576642e+00
1.588868498799999918e+00,7.381143540354109245e-01
4.327859878540000205e-01,9.093675466650840145e-01
3.996030092239999942e-01,4.299166964161771354e-01
5.545349717140000134e-01,5.662619504208210586e-01
6.221979856490000849e-01,8.371066251082794896e-01
1.149551987649999996e+00,5.897030957908137028e-01
1.121260046960000034e+00,1.126545894287759531e+00
9.776459932329999436e-01,9.473987539991048923e-01
1.732741951940000025e+00,8.415229440599045763e-01
2.302707910540000125e+00,9.943494630702415238e-01
1.053477048870000043e+00,1.524650033944521255e+00
7.962800264360000435e-01,7.714467067864116956e-01
5.203329920770000117e-01,7.117724433798119366e-01
6.104800105090000262e-01,9.167438959255582720e-01
4.453057944770000276e-01,7.886855072264589150e-01
6.522138714790000069e-01,7.859387675101305870e-01
1.175541162490000069e+00,7.809831838039951180e-01
1.032202124599999937e+00,9.051758342812914471e-01
7.193930149079998948e-01,1.152087148434175257e+00
8.200139999390000378e-01,9.575958233966186395e-01
9.497330188750000568e-01,7.242275690244645014e-01
1.039114952089999822e+00,8.876515749713409509e-01
5.883830189700000046e-01,9.298723981583689735e-01
9.508559703829998488e-01,7.472215514939450909e-01
5.277600288389999728e-01,7.575124885931533436e-01
7.736063003540000205e-01,6.790554587894652716e-01
9.703559875489998765e-01,8.281560788427515529e-01
1.383889913560000018e+00,8.875194670772137417e-01
7.795230150220000542e-01,1.006547251134894738e+00
6.069999933240000090e-01,5.815563144555072617e-01
4.660570025440000097e-01,6.112085149480144253e-01
9.455270171170000459e-01,5.725578786650042939e-01
6.238729953770000280e-01,8.879650559262213250e-01
3.923240005969999555e-01,7.996271558948929714e-01
5.156549811360000568e-01,6.794976482163161968e-01
9.679385423660000765e-01,7.037151184337903098e-01
1.356565952299999989e+00,8.618472822684681844e-01
9.072690010070000310e-01,1.007825162705705324e+00
8.162760138510000152e-01,7.044483023654573017e-01
2.479866981509999846e+00,8.866310208215151256e-01
1.133080005649999888e+00,1.775040266468809413e+00
1.045583963389999926e+00,1.247972678338849395e+00
8.474370241169999485e-01,7.470674796290345254e-01
1.536522984499999911e+00,9.673035942543970478e-01
9.008989930149998715e-01,9.261539726391336824e-01
4.812009930610000596e-01,9.795305750221628971e-01
8.572540283199999722e-01,5.964046068438757509e-01
8.617479801180000232e-01,8.750771719364213164e-01
1.008694052699999899e+00,1.094712527980009620e+00
1.127727031710000105e+00,1.046095910255866013e+00
7.795569896699999779e-01,1.136500440707669091e+00
9.895502924920001053e-01,6.854662663388295663e-01
8.363329768179998958e-01,9.656958461431150997e-01
9.099559783939998869e-01,7.817605602237002183e-01
5.511059761050000061e-01,8.258724078835248950e-01
1.239764332770000088e+00,8.387145848567385542e-01
1.211838960649999963e+00,9.468002109940281130e-01
1.379981994630000042e+00,1.022525051137311847e+00
1.148460984229999982e+00,1.263851319710145082e+00
7.663900256160000035e-01,1.038194667727937226e+00
9.660840034479999394e-01,8.129134799388454402e-01
8.156750202179999798e-01,1.058532292783024076e+00
1.142272949220000111e+00,9.365704568799798624e-01
1.299479961400000105e+00,8.717095019698787306e-01
8.583310246469999516e-01,1.217121473874271498e+00
7.149469852449999996e-01,1.012919018238750413e+00
8.764400482179999230e-01,8.520197909050831742e-01
8.305460214609999836e-01,9.374859530123733631e-01
8.535240292550000385e-01,7.821163950686427224e-01
9.092410206789999227e-01,9.372043499072898465e-01
5.202720165249999917e-01,9.464160696766518166e-01
7.411040067669999454e-01,7.629289651616637524e-01
5.853319764140000325e-01,8.168035696633355602e-01
5.047770142559999673e-01,7.413099299086827187e-01
5.519493222240000607e-01,6.790873697075711091e-01
9.697520136830000137e-01,7.462314400293090788e-01
1.116515994070000017e+00,7.618060513684131729e-01
1.049844980239999837e+00,1.000513786058593091e+00
6.342629790310000404e-01,9.258715560536507905e-01
5.644329786300000817e-01,7.926296834770153454e-01
9.184709787370000100e-01,6.801602379221052264e-01
9.593539834020000656e-01,9.304462722049928747e-01
5.984159708020000412e-01,7.888470591428466960e-01
9.383450150489999197e-01,6.844625902538754580e-01
4.542250037189999867e-01,8.701330695471420906e-01
7.079470157619999204e-01,7.067502733268392623e-01
3.876500129699999575e-01,7.700149812835000995e-01
4.484339952470000057e-01,6.939901520553745096e-01
8.405709862710000202e-01,6.420842296431622520e-01
5.337110161779999862e-01,7.664754288608638388e-01
7.211350202559999589e-01,5.954250706244317293e-01
5.215386152269999576e-01,7.953463244185665637e-01
7.050759792330000275e-01,6.408341483611369460e-01
6.405649781229999506e-01,7.969088284695868829e-01
5.168589949609999623e-01,6.737616127377462627e-01
1.660409450529999997e+00,6.889320169096226909e-01
2.465307950970000217e+00,1.164459180032178853e+00
1.622156023979999917e+00,1.792539301272717545e+00
1.866270065310000170e+00,1.613137766483556890e+00
3.623536109919999415e+00,1.889303522281959413e+00
7.948709726329999947e-01,2.284825787583334211e+00
9.065989851950000400e-01,7.671410343964261136e-01
8.571879863740000660e-01,9.266154538567826504e-02
7.756379842759999477e-01,1.311588115393555798e+00
7.006700038909999817e-01,5.679987905964568595e-01
6.443409919740000769e-01,8.147767005775039539e-01
7.579550147059999077e-01,5.052342143575329070e-01
5.499600172040000068e-01,6.571056610833633238e-01
4.964669942859999408e-01,8.084951636613617598e-01
1.367677569390000070e+00,1.030509043801477009e+00
1.397894024850000250e+00,1.011643269335342765e+00
8.148130178450000427e-01,4.376732717062516986e-01
1.278898954390000009e+00,8.515671717335996371e-01
8.623980283740000363e-01,1.086092010051144419e+00
1.093865990639999897e+00,8.489402252731574894e-01
8.134710192680000285e-01,1.256616998836473487e+00
1.466687083240000078e+00,7.612759928311055857e-01
9.060310125349999577e-01,7.714224875569601902e-01
7.652140259739999006e-01,9.450891905539954285e-01
1.311033964160000176e+00,8.634364195354911065e-01
7.892500162119999718e-01,1.044866397461987617e+00
1.474902033810000068e+00,5.833481075469030275e-01
9.167850017550001063e-01,1.475905547683453944e+00
1.186140060420000086e+00,9.722276109528394938e-01
1.411391973500000008e+00,9.478148789848666045e-01
2.092472076419999993e+00,1.210859996194318944e+00
7.189220190049999681e-01,1.329111779473945765e+00
1.301861047739999888e+00,7.504703210489421794e-01
1.268974781040000055e+00,1.229308898330909727e+00
1.221997022629999874e+00,1.380458463873061259e+00
9.061110019680000960e-01,8.853058943192313457e-01
1.078873991970000112e+00,1.001119346158822365e+00
1.028025031089999874e+00,1.078100206652413018e+00
7.863690257070000689e-01,1.000237136586185516e+00
1.276852965350000035e+00,1.076347897121865183e+00
7.093420028689999546e-01,1.084197328223381440e+00
5.201929807659999572e-01,8.242697589054780449e-01
5.645610094070000473e-01,8.645784137429871619e-01
9.855200052259999177e-01,8.114871577976109362e-01
1.092841982840000004e+00,8.931816081126755513e-01
4.786899983879999709e-01,8.870152944121270089e-01
3.955059945579999514e-01,8.195081009901610258e-01
1.850703001020000071e+00,6.029136867936822908e-01
1.195796012879999815e+00,1.371656076858809303e+00
1.702510833739999896e+00,1.236112828550352427e+00
2.998351097109999586e+00,1.405272856748475130e+00
2.407080888749999925e+00,2.688929768459889846e+00
2.585943937299999718e+00,2.008558869214290166e+00
2.233839035029999920e+00,2.337768401480124325e+00
1.655773043629999997e+00,1.914152398789912946e+00
1.430611014370000156e+00,1.030308954077876260e+00
8.921740055079999676e-01,1.307057492525324882e+00
1.231696963309999893e+00,1.300179694317421308e+00
8.955079913140001624e-01,1.099425119138554008e+00
1.602033019070000064e+00,1.489493679569238838e+00
1.585399031639999956e+00,1.642356924243459915e+00
1.232059955600000034e+00,1.905898072700343615e+00
1.210371017459999976e+00,1.405802293601575048e+00
1.242141008379999967e+00,1.456113820885646559e+00
9.857040047650000858e-01,1.187896820161426392e+00
7.289689779279999726e-01,9.485645375480366015e-01
6.761519908910000876e-01,1.015945687803730957e+00
1.071573019029999907e+00,8.476318247215243185e-01
9.457439780239998983e-01,9.913265699061393210e-01
4.376370012759999706e-01,1.037026615693013687e+00
5.141820311550000522e-01,7.525896292855230874e-01
3.387190103530000052e-01,7.167125974130063026e-01
7.144280076029999593e-01,6.571149665054928368e-01
4.996199905870000180e-01,7.842074166737751373e-01
7.917379736899999854e-01,7.520212974874738165e-01
8.646243214609999894e-01,6.856062114221703752e-01
6.024960279459999901e-01,8.287838939148823858e-01
1.260069966320000123e+00,6.434040189203866777e-01
1.012339949610000067e+00,1.003164746724971579e+00
1.004528999329999950e+00,8.399948971867766678e-01
6.310235261919999727e-01,8.045685929784732737e-01
1.141221046449999887e+00,7.229525873058239016e-01
5.426099896430000014e-01,8.588708103964249885e-01
8.547459840769999762e-01,5.895564775227333243e-01
7.744219899179999311e-01,8.059151609722594589e-01
3.084340095520000102e-01,8.296508457697844285e-01
8.376209735870000506e-01,6.522915436027788560e-01
7.293469905850000767e-01,9.391680386821028570e-01
7.503905892370000830e-01,7.974417904044175387e-01
1.134822010990000019e+00,7.704631693015886462e-01
1.614240050320000064e+00,7.651859896775643488e-01
1.244793057440000128e+00,1.253018188004256350e+00
7.141630053519999466e-01,1.059646324428499042e+00
7.293040156360000026e-01,6.811432397003237549e-01
6.486989855770000091e-01,7.480704414385160872e-01
3.427990078929999962e-01,5.997726802437870486e-01
3.861860036850000011e-01,7.450578788141198894e-01
6.366299986840000535e-01,7.858975710108806467e-01
3.990480005740000280e-01,6.681656480020911060e-01
4.178859889509999870e-01,7.102553884125683004e-01
1.103790521619999909e+00,6.503689521222890679e-01
6.956189870829999622e-01,9.749879285168094878e-01
8.070139884950000564e-01,7.056890716116914763e-01
5.947690010070000310e-01,7.279659479613008743e-01
1.107607960700000005e+00,7.775048738894749789e-01
9.713580012320000012e-01,8.922549216645441206e-01
7.170349955560000321e-01,8.176458856280937049e-01
6.764810085300000386e-01,7.354274348899152436e-01
1.687772989270000190e+00,7.935773153920152589e-01
9.907569885250000485e-01,1.029043476191218609e+00
8.082039952280000161e-01,1.016454159348976871e+00
1.087718963619999979e+00,8.618529634039402421e-01
1.564818024639999861e+00,9.147633952224913934e-01
6.673809885979999912e-01,1.129934866858907094e+00
1.256489992140000123e+00,8.137985995226669766e-01
1.091886043549999963e+00,1.038927990546501645e+00
7.375509738919999725e-01,9.502918805053511830e-01
6.224380135540000802e-01,9.450574251364488587e-01
8.364729881290000613e-01,8.443317066964394213e-01
5.774260163309999916e-01,7.051331602704716817e-01
1.015761017800000054e+00,7.772275498235654556e-01
1.106158971790000001e+00,1.013300037907764795e+00
6.945540308949998964e-01,1.098526699480885771e+00
1.130903959270000092e+00,7.515320716980180560e-01
9.518219828609999489e-01,9.844770120340516906e-01
7.524570226669999862e-01,8.327915150229286967e-01
5.585229992869999993e-01,7.571808862049859146e-01
1.415836334229999771e+00,8.246703483997100959e-01
1.855298042299999839e+00,9.312274977758558947e-01
7.845479845999999702e-01,1.238920466864384062e+00
8.210539817810000862e-01,9.785760053759520183e-01
5.835890173909999978e-01,4.833280734328644357e-01
8.359720110889999889e-01,5.734535139710617013e-01
2.184663057329999880e+00,8.266456904465858679e-01
6.805480122570000123e-01,1.799150191932020748e+00
1.238904953000000031e+00,6.936531000098974387e-01
1.030328035349999949e+00,4.018647309151657243e-01
7.914109826090000022e-01,8.517079765929722601e-01
8.423720002169999832e-01,6.503154079164891188e-01
4.464710056780000769e-01,8.494255952977933788e-01
5.589337944979999584e-01,6.433762216999102668e-01
7.099329829220000221e-01,7.778920244229627912e-01
7.334340214730000751e-01,1.117230769916411015e+00
7.833399772640000647e-01,5.725059481926795257e-01
8.426809906959999985e-01,7.042332657662256912e-01
1.099761009220000085e+00,7.409304975184962672e-01
8.706315755840000614e-01,9.732690775012250439e-01
5.862460136410000411e-01,8.772545547371238817e-01
8.863990306849999223e-01,7.863377895665200068e-01
1.019399046900000050e+00,8.463071281072565011e-01
8.493610024450000129e-01,8.748793573124740153e-01
1.010666966439999870e+00,7.765782403506378273e-01
1.331516027449999973e+00,8.938160368465900563e-01
1.215008974079999859e+00,1.236964383800622125e+00
1.645591020579999952e+00,1.105102894870472419e+00
9.708780050280000351e-01,1.288422098353760425e+00
1.411272048950000135e+00,9.441149584913018922e-01
7.953929901119999313e-01,1.114625582403236947e+00
1.046331048010000098e+00,9.484630972035998919e-01
8.879339694979999642e-01,9.009233357320459712e-01
8.349300026890000836e-01,1.113519308583033940e+00
9.847199916839999290e-01,9.388237116086638467e-01
1.090394020079999970e+00,1.108278914145850003e+00
4.901649951929999416e-01,1.097862403450356572e+00
6.141669750209999279e-01,6.931295427021230138e-01
6.314740180969999894e-01,8.528520805585773079e-01
8.252440094949999860e-01,8.225215961408687271e-01
1.051450967789999913e+00,7.569894140826891604e-01
1.047114968300000060e+00,9.676974708819188198e-01
3.921430110930000379e-01,8.704864771782100386e-01
4.695149958129999912e-01,6.487901057130014415e-01
7.720900177959999500e-01,6.608938871890626121e-01
7.520099878309999264e-01,8.376572322927487990e-01
6.877393722529999698e-01,6.757196666727196543e-01
6.718119978899999012e-01,7.740879255289828675e-01
1.185933232310000029e+00,6.778288824614188135e-01
6.571980118750000432e-01,9.696474363085308967e-01
8.213180303569999063e-01,6.371445451799545578e-01
7.795739769939998842e-01,7.415531010251417143e-01
1.030122995379999962e+00,8.388129895304166084e-01
6.211889982220000217e-01,8.761611577164135634e-01
8.660820126530001106e-01,7.135206061444212544e-01
9.608931541439998947e-01,7.656417106564243902e-01
6.760399937630000577e-01,9.138020994822464438e-01
7.402380108830000083e-01,7.702512477370571098e-01
5.984709858890000511e-01,8.025699113191633316e-01
6.151059865950000427e-01,7.202367730719956285e-01
9.358735680580000382e-01,7.378817846187910590e-01
5.818247795100000008e-01,8.380552556862088665e-01
7.156659960750000327e-01,7.223512797901217031e-01
6.529520154000000298e-01,6.936379547244130306e-01
9.700022935870000751e-01,7.022521301516275738e-01
7.834500074390000623e-01,8.890141347993197884e-01
7.448130249979999506e-01,7.549239344393650075e-01
8.276180028919999376e-01,6.804405910451115647e-01
8.943400979040000420e-01,8.436723113892918846e-01
2.505017042159999985e+00,8.964470970046615195e-01
1.620712041850000062e+00,1.287887661572352016e+00
1.417585968970000110e+00,1.469807123221114065e+00
1.049872040749999957e+00,1.213414681786113558e+00
1.226507544519999993e+00,9.273349609965059193e-01
1.043179035189999881e+00,1.182859511436630928e+00
9.694439768789999690e-01,9.130277058240058308e-01
8.192250132559999454e-01,1.043972157638566545e+00
8.129550218580000598e-01,9.636852069833004020e-01
6.712080240250000163e-01,5.887277724739258256e-01
5.289899706839999993e-01,8.950771629437940247e-01
3.461930155749999849e-01,6.189187416963096711e-01
4.789490103719999947e-01,5.568695057295606210e-01
1.153810977940000093e+00,7.995771103161765092e-01
9.671270251270001062e-01,1.017568124857834322e+00
7.845839858059999727e-01,8.779469786712186252e-01
4.701859951020000428e-01,7.654533667961512799e-01
5.632782578470000301e-01,6.426767409886924298e-01
2.416239976880000528e-01,7.462523458142070742e-01
2.709859907630000064e-01,5.907571481375735178e-01
1.994680017229999991e-01,5.779188864521356273e-01
1.327169984580000017e-01,5.514508731073088921e-01
4.732620120049999546e-01,5.913786074807303450e-01
6.585559844969999244e-01,6.835061820096886009e-01
9.621880054470001165e-01,6.328977409935047094e-01
5.111979842189999790e-01,9.604808613945036155e-01
9.829789996150001263e-01,6.395578968194338687e-01
9.100099802019999684e-01,9.636277871716952825e-01
1.026576042179999870e+00,9.032343277281006388e-01
8.309389948840000262e-01,1.039233442515976824e+00
9.651920199390001676e-01,9.042377392665834623e-01
1.000543951989999902e+00,7.785478615800707214e-01
1.983185052870000131e+00,1.022772613725195123e+00
1.274855017659999978e+00,1.471274026791052680e+00
1.286525964740000028e+00,9.999175379941552810e-01
1.382244944570000245e+00,1.056677206948359204e+00
1.736924052240000016e+00,1.473049861116564552e+00
1.257668018339999971e+00,1.145959008789441791e+00
7.533379793170000838e-01,1.435038507995217927e+00
1.084908962249999886e+00,9.157434803758633945e-01
1.062494039539999990e+00,1.024761837848154666e+00
7.787629961969999570e-01,1.231221516409429784e+00
8.256469964979999965e-01,9.210596806044109019e-01
9.891830086709999525e-01,1.054991576355913896e+00
1.418092012410000047e+00,9.255239882859377376e-01
1.151677966120000063e+00,1.198767021441612179e+00
1.250364065170000094e+00,1.132143109005491866e+00
8.794019818310000458e-01,1.197493150818151220e+00
1.089423060420000144e+00,9.817147368261937013e-01
1.809062957759999701e+00,1.052021718145654150e+00
8.687390089040000207e-01,1.552045302512392810e+00
8.521729707719999380e-01,1.030395599660903105e+00
1.307837963100000112e+00,9.027014451572114018e-01
1.262575984000000151e+00,1.309486439179289974e+00
7.601559758189999627e-01,1.140834326978823476e+00
1.069887042049999959e+00,9.797020275902407205e-01
8.579840064049999437e-01,1.039259652457625194e+00
1.149323940279999956e+00,7.622344711514306148e-01
1.067142963410000034e+00,1.245040617205683153e+00
7.400619983670000401e-01,1.078854395573904723e+00
6.799880266190000411e-01,7.523476618555086093e-01
7.323921322820000634e-01,9.723296068448660234e-01
8.352749943730000126e-01,8.345117218391788771e-01
6.000829935070000065e-01,8.474176478983245220e-01
1.010563969610000168e+00,8.602749437023755608e-01
7.613970041280000434e-01,8.868983582581313474e-01
7.260069847110000030e-01,7.300478162585247732e-01
1.064324021340000037e+00,7.873139462047925585e-01
5.901079773899998715e-01,1.008047044444883023e+00
7.744659781460000447e-01,7.065243241856646872e-01
7.406870126719998781e-01,7.703304132686066286e-01
8.908360004430001533e-01,7.746276201715092125e-01
7.620100975040000613e-01,8.288833567744458009e-01
7.774500250820000069e-01,7.744822386581823315e-01
5.811070203779999943e-01,7.169099623079521200e-01
7.908779978749999051e-01,6.826109765916471561e-01
8.903719782829999652e-01,8.287627169698513763e-01
7.882059812549999656e-01,8.852939103640794505e-01
7.301949858670000459e-01,7.145872310622315426e-01
9.248933196070000529e-01,7.929047456705948793e-01
1.265586972239999941e+00,8.700080845667558238e-01
7.884140014650000694e-01,9.403756867101247252e-01
9.180610179899999501e-01,7.759622306647906420e-01
6.569269895549999516e-01,9.231045322366321360e-01
8.252680301670000107e-01,7.860734282777063209e-01
4.257229864599999525e-01,8.239095854984055389e-01
9.114630222319999309e-01,7.156125139802327340e-01
7.238519787790000937e-01,8.003389512443518372e-01
9.657319784160000031e-01,8.014333866099622172e-01
7.194200158119999911e-01,8.723325353645401403e-01
7.146480083470000411e-01,8.249985844340297358e-01
6.188799738879999790e-01,7.049162850732642038e-01
8.502969741820000094e-01,8.219595142532049037e-01
6.113014817240000065e-01,7.566467536520196102e-01
8.405809998509999881e-01,7.430974902565369300e-01
5.909900069240000553e-01,7.615456913449786258e-01
1.191807866100000002e+00,7.608596495945050275e-01
1.072478055950000009e+00,9.129100090989050731e-01
7.976800203319999172e-01,9.333141874325201481e-01
7.140370011329999489e-01,7.371411272493084699e-01
8.885610103609999921e-01,8.122849042956094001e-01
7.367290258409999737e-01,8.763098063786615155e-01
9.655410051350000744e-01,8.358467159248437195e-01
8.569459915160000385e-01,9.112581081815558370e-01
5.838339924809999859e-01,8.348080800237015486e-01
3.047562122340000457e+00,7.812855538070790917e-01
8.865389823909999301e-01,2.001625377360507052e+00
1.186460971829999878e+00,1.712277462691243590e+00
8.750730156899999557e-01,1.514643801757773023e+00
1.111973047260000014e+00,1.681200024698034312e+00
6.929270029070000447e-01,1.029729709737883914e+00
5.632749795910000357e-01,7.505986789968381867e-01
5.519689917560000048e-01,-9.046859996186415454e-02
9.211350083349998386e-01,3.642922207078075902e-01
5.465030074119999748e-01,1.729498743541226125e+00
9.997850060459999577e-01,8.135914331809577238e-01
7.512239813800000166e-01,8.723584080094375359e-01
8.402569890019999654e-01,4.619771560285901857e-01
7.843149900439999600e-01,7.801957347773936791e-01
5.915480256080000165e-01,7.904180551355972639e-01
6.109840273859999948e-01,6.014025047581026406e-01
9.328789710999999540e-01,7.719281747505953861e-01
7.992020249369999885e-01,8.480611836445151042e-01
9.833549857140000405e-01,7.777096989949127126e-01
5.405290126799999761e-01,8.339809357990750627e-01
1.093670010570000128e+00,7.481881315499551155e-01
9.266330003740002041e-01,8.503919637166262868e-01
7.972419857979999858e-01,8.549244251828329588e-01
5.896059870719999596e-01,8.077901274742456117e-01
7.799540162090000672e-01,8.237108383481468454e-01
5.182790160179999717e-01,7.674150185631349874e-01
7.263879776000000676e-01,6.899695284882616519e-01
6.216366887090000182e-01,8.166840674085679153e-01
8.810679912569999717e-01,8.198735124173661681e-01
7.315016984940000411e-01,6.866891853119097000e-01
9.703850150110000516e-01,7.565389641922706243e-01
8.715350031849999901e-01,8.556515047046737710e-01
5.505740046500000595e-01,8.937929154849946212e-01
2.576299905780000121e-01,6.951133634634052427e-01
6.952109932899999123e-01,6.228538704575460327e-01
3.547430038449999601e-01,6.939521036591335124e-01
1.308350920679999918e+00,6.896718211167351953e-01
1.424710035319999957e+00,1.051447784576074351e+00
2.422243118290000385e+00,1.188457738044616185e+00
1.588093161580000023e+00,1.843699136499123092e+00
2.882889986040000352e+00,1.486283070842733034e+00
1.510810017590000109e+00,2.193331980422112082e+00
5.103110075000000245e-01,1.456114144955073852e+00
6.637499928469999810e-01,3.699646790556518350e-01
5.865659713749999948e-01,8.256938985383239782e-01
9.182999730109998593e-01,9.439012247834415170e-01
1.126363039020000123e+00,8.725447479301902121e-01
9.455379843710000065e-01,1.353938381169012217e+00
7.979699969290000583e-01,9.331097260784804170e-01
8.895260095600000527e-01,7.719087107439662754e-01
5.017459988589999531e-01,7.881348802010043064e-01
7.889080047609999813e-01,5.078412470823446823e-01
5.571460127830000220e-01,7.450127471861086592e-01
8.079270124439998924e-01,8.185914077849846260e-01
7.382910251620000697e-01,7.350927703763419085e-01
6.742079854009999096e-01,8.106781945292275138e-01
8.787713646889999675e-01,7.080392826221227898e-01
7.401880025859999268e-01,8.734068850393137406e-01
8.886500000949999478e-01,7.067815890153845704e-01
7.983270287510000340e-01,8.347681599611758152e-01
5.137799978260000344e-01,7.711286359502534937e-01
7.760372757910000141e-01,7.262093329369320172e-01
8.528280258179999906e-01,7.738974586832773062e-01
7.851629853249999513e-01,7.931407211230333543e-01
8.431609868999999646e-01,7.668655092465217482e-01
1.024798870089999925e+00,8.389385102174073960e-01
8.044279813770001120e-01,8.903614699778729102e-01
8.841310143469999216e-01,7.735728072536444122e-01
3.615649938579999501e-01,8.254372090971792142e-01
1.171491026879999842e+00,7.628242245999969917e-01
4.477910101410000343e-01,7.936522878619940435e-01
7.665730118750000432e-01,5.918609286072840092e-01
7.735599875449999940e-01,7.639960464221371428e-01
1.054823040959999902e+00,8.787883025867092579e-01
7.843300104139999673e-01,7.653162854283628302e-01
1.034250974660000155e+00,8.174280514499275840e-01
1.096979022029999973e+00,9.538316974744588395e-01
7.633029818529999400e-01,1.031740487784596150e+00
5.883730053899999257e-01,7.493264287205141372e-01
6.365630030629999547e-01,7.263658650840261188e-01
5.750700235369999858e-01,7.770515999654747930e-01
5.399640202519999654e-01,7.587170744957694168e-01
1.324671149250000068e+00,7.212949787983554684e-01
8.178460001949999780e-01,1.068415014835963683e+00
6.359609961509999909e-01,7.340396770105408475e-01
8.135920166969999867e-01,7.212125196632377389e-01
9.872140288350000903e-01,8.140732252145687076e-01
9.839289784429998686e-01,9.476849866674369460e-01
5.904790163040000150e-01,8.866343408797304759e-01
8.986790180209999201e-01,7.320149375238035327e-01
6.268000006680000125e-01,8.585585066733421034e-01
6.926850080490000172e-01,7.707347791637171319e-01
5.757049918169999669e-01,7.957035547461454028e-01
6.764680147170000213e-01,6.981710511021509413e-01
8.279470205309999997e-01,7.270535867045927469e-01
6.547859907149999881e-01,7.805313714992491159e-01
1.085815548900000094e+00,7.237443418262464734e-01
8.509550094600001335e-01,9.896093723060007674e-01
8.879359960559999321e-01,7.706369234239671684e-01
6.557850241659999302e-01,8.463252230858964165e-01
6.597809791559999804e-01,7.470198017412366109e-01
8.856279850010000398e-01,7.478304845616838836e-01
7.502999901769999980e-01,8.569030542196151012e-01
9.303160309790000637e-01,7.699177472279576939e-01
7.259460091590000941e-01,8.890248224767620666e-01
7.123904824259998936e-01,7.457407261659519948e-01
9.326570034029998402e-01,7.958061855497031711e-01
6.544970273969999974e-01,8.638150648999252113e-01
4.987269937989999846e-01,7.423516477762159838e-01
9.782410264020000579e-01,6.566112501830692061e-01
5.593240261080000275e-01,9.099388876792449121e-01
8.733990192409999409e-01,7.089869211507845437e-01
6.232500076290000690e-01,8.001996873681748168e-01
6.319249868390000024e-01,7.223282179514822765e-01
8.335350155830000274e-01,7.524047906659953044e-01
8.613430261610000027e-01,7.486835212721931754e-01
1.036013007159999999e+00,7.661055730529400254e-01
6.160370111469999355e-01,8.878520152190162440e-01
9.874529838560001105e-01,6.981211377966701770e-01
6.686739921569999634e-01,8.904819576682463378e-01
6.455339789389999972e-01,7.655130352527628190e-01
1.007030010220000049e+00,7.085790301739434138e-01
7.763000130650000719e-01,8.954070986891919937e-01
9.358490109440000815e-01,7.475044707177235237e-01
6.626719832419999401e-01,8.622854704299399708e-01
1.113351941109999910e+00,7.847546310497494071e-01
5.495319962500000432e-01,9.576175823438867196e-01
9.273632764820001206e-01,6.778678303156623342e-01
8.215330243109999486e-01,8.253364235052591535e-01
9.193540215490000334e-01,6.810430030423316738e-01
6.899859905239998925e-01,8.403493233217592673e-01
6.497738957409999738e-01,8.968654309534590530e-01
9.705049991610000815e-01,7.768204921681090003e-01
8.034440279009998909e-01,9.376828284963473203e-01
8.920990228650002019e-01,8.373772230801551641e-01
7.462270259859999921e-01,9.207936526728277560e-01
1.495407462120000197e+00,7.639785863550284661e-01
7.597569823270000633e-01,1.011065056726588862e+00
9.677280187610000084e-01,6.708760654879040164e-01
1.126011013979999920e+00,8.456440820588044804e-01
7.641419768330000029e-01,1.110229468188360658e+00
1.423818945879999909e+00,6.499214188567170591e-01
8.309190273280000483e-01,1.380314590274621001e+00
5.316870212550000030e-01,7.943797377488948097e-01
6.942920088770000442e-01,7.339298174746535786e-01
1.097100019450000019e+00,8.193914426099602188e-01
8.623710274700000511e-01,8.627882277714049586e-01
9.711959958080000899e-01,5.902528828812217965e-01
7.501904964450000213e-01,9.853875413064457911e-01
5.659890174870000346e-01,7.744697388374113256e-01
7.235890030859999378e-01,8.037401921581078801e-01
1.088876962660000114e+00,7.747245632259330828e-01
2.614549994470000138e-01,9.750084440956622300e-01
1.923168003559999895e-01,5.744822161522049608e-01
2.048390060660000012e-01,7.671398240963197557e-01
3.752999901769999980e-01,6.130165445790888290e-01
1.878910064700000104e-01,6.395329236325391076e-01
4.178839921949999980e-01,6.632215786811208602e-01
6.128349900249999704e-01,6.070942088617370391e-01
4.822100102900000462e-01,6.220332935990705581e-01
8.136649727820000066e-01,4.943224991223315046e-01
8.997989892959999958e-01,8.748293249610812339e-01
7.667459845540000041e-01,9.729291088309013347e-01
6.762999892229999421e-01,8.738994904099408600e-01
9.804093837739999984e-01,6.816407193396855080e-01
1.075533032420000090e+00,9.640150302964480833e-01
6.459739804270000496e-01,8.370171290370239658e-01
7.601699829100000416e-01,6.474372150585501196e-01
8.707180023190000950e-01,8.358156118734755280e-01
1.045557022089999899e+00,7.941272149146737513e-01
4.832339882850000268e-01,8.905752036857331744e-01
1.085988998409999962e+00,7.463543615472189030e-01
7.320979833600000930e-01,9.068211546051659910e-01
7.128990292550000385e-01,8.251214265879981413e-01
1.045389056210000112e+00,7.925977196496152288e-01
7.359200119969999676e-01,1.053663308364282791e+00
8.956930041310000590e-01,7.229381496821503106e-01
8.745509982110000191e-01,8.682149092200472928e-01
9.237470030779999508e-01,8.545828824610047780e-01
9.997780323029999971e-01,9.019023230175619021e-01
1.739534020420000049e+00,8.856150763939524273e-01
8.107889890670000321e-01,1.308579071237228497e+00
7.049050331119999235e-01,7.650095702494870142e-01
8.328269720080000438e-01,7.062992414341836556e-01
8.276600241660000412e-01,9.468855272310364724e-01
8.953109979629999549e-01,8.229455715431676088e-01
1.459501028060000039e+00,9.340186680720464762e-01
1.179519057270000060e+00,1.120328357776697148e+00
1.443411946299999915e+00,1.030025737239317563e+00
1.306735038760000078e+00,1.201538800481453118e+00
7.634999752040000365e-01,1.141386111395090275e+00
1.145148038860000161e+00,7.006367366473238434e-01
7.253450155259999477e-01,1.177365225137236848e+00
7.633590102199999672e-01,1.001213987658945426e+00
6.174820065499999622e-01,8.118510943782383249e-01
1.029322981830000039e+00,9.155440057228085848e-01
1.302055954929999926e+00,1.005447901818579126e+00
3.164124965670000122e+00,1.225861427921286495e+00
9.734439849849999549e-01,2.279776071629032952e+00
1.229671001429999855e+00,1.285699564639560144e+00
7.441530227660000385e-01,1.211152280363182898e+00
1.063034057620000139e+00,9.696036274128763122e-01
1.123872041700000102e+00,8.891088887316933587e-01
8.984770178789999173e-01,9.180857946741252107e-01
7.175139784810000698e-01,1.144896742274746693e+00
5.367509722709999931e-01,6.848405477974840450e-01
1.175443053249999981e+00,8.925721261110087790e-01
1.101048946379999949e+00,9.673184353114394618e-01
5.734490156170000130e-01,1.141099038791711706e+00
1.431144952770000200e+00,7.391306357597245968e-01
1.037794947620000130e+00,1.137448376851110998e+00
6.568620204930000206e-01,9.443794520533511649e-01
1.074908018110000141e+00,7.965339859606783701e-01
1.385972023009999887e+00,1.109489108433658444e+00
1.004804968829999812e+00,1.063462122890174166e+00
1.609539985660000116e+00,8.832887936118540839e-01
2.817575931549999524e+00,1.427610631695787946e+00
1.962562561039999931e+00,2.137300495471266881e+00
1.279752016069999998e+00,1.691249715256362585e+00
1.995329976079999845e+00,1.237561571005033167e+00
2.033385992049999924e+00,2.088937696859054061e+00
1.307443976400000096e+00,2.188759717939291694e+00
1.611258029939999892e+00,1.307135196437620328e+00
2.040218114850000042e+00,1.710401193297885980e+00
2.183244943620000100e+00,2.154874575495433042e+00
1.351415991779999937e+00,1.925089603077628331e+00
7.242180109020001089e-01,1.766954013366146548e+00
1.363389015200000109e+00,1.245625979182825027e+00
1.526808977129999967e+00,1.598426198325240799e+00
1.784019589419999940e+00,1.550809275261657572e+00
1.103597044940000105e+00,1.643866062657548532e+00
1.763007998470000004e+00,1.283521117039310377e+00
1.157549023629999896e+00,2.004180552363273637e+00
1.153326034550000045e+00,1.028378069065509770e+00
2.362811088559999551e+00,1.345163335032573571e+00
2.580787897110000007e+00,2.524965108889528409e+00
1.242146968839999976e+00,2.593503107637084693e+00
1.712821006770000265e+00,1.544073247507747215e+00
6.676509976389999323e-01,1.438017836969151642e+00
8.271329998970000652e-01,1.036573282246057381e+00
9.642647504810000214e-01,8.178713453582961979e-01
1.394161701200000048e+00,1.216201625952424425e+00
7.584049701689999923e-01,1.027855550102635407e+00
6.900759935379999765e-01,7.510521248760446689e-01
6.740249991419999809e-01,8.083274742668388191e-01
8.615220189090000424e-01,9.464874112463114164e-01
7.907469868659999790e-01,9.160035890801502267e-01
7.285000085830000138e-01,8.127073783966833886e-01
2.411980032920000017e-01,8.327784331999208423e-01
3.354600071909999981e-01,8.471170701975839767e-01
5.912460088730000507e-01,7.731216232467678084e-01
1.058426976200000036e+00,7.469392936363450364e-01
7.669919729230000316e-01,9.206141909603300366e-01
5.881239771840000019e-01,7.747338951027097353e-01
5.922303199769999305e-01,6.396253429423029990e-01
8.753510117530000079e-01,7.016424695810926648e-01
7.038279771799998974e-01,7.371752537441118580e-01
5.677499771120000371e-01,7.869757235411798391e-01
7.133870124819999825e-01,7.090248835694223928e-01
1.077505946160000061e+00,6.391241331976953433e-01
6.909419894220000247e-01,8.396856622027613071e-01
7.724580168719999973e-01,7.922395303410777467e-01
7.237120270730000859e-01,7.278712072562508739e-01
9.752489924429997847e-01,8.422035229257449629e-01
9.151769876480000399e-01,8.487062736012247477e-01
7.574009895319999686e-01,8.338956129484048629e-01
6.912069916730000374e-01,7.928074653194200350e-01
1.183527946470000147e+00,7.644096714437446094e-01
7.705749869349999281e-01,8.778961725213970668e-01
8.947700262070000798e-01,8.126169960947489113e-01
6.143350005150000070e-01,8.584165047411865812e-01
7.692319750789999855e-01,7.411128295602080751e-01
9.070749878880000061e-01,7.654639155866961309e-01
4.068099856379999713e-01,9.622046528154404310e-01
5.138880014419999753e-01,7.056291518359321113e-01
2.481469959019999838e-01,6.546989429466529842e-01
2.568759918210000159e-01,5.888912158975837530e-01
5.980659723279999618e-01,7.966714112388796343e-01
5.981699824330000137e-01,7.053694796333229711e-01
8.801140189170000294e-01,5.779558435941823946e-01
1.085649013520000095e+00,8.687332483486744916e-01
9.920129775999999566e-01,8.202871969619297543e-01
8.743849992749999078e-01,8.551105997620410681e-01
8.770260214810000621e-01,8.040723633211886989e-01
1.008928894999999937e+00,8.802224090078629715e-01
8.088759779930000393e-01,1.033859313223866927e+00
6.714209914210000907e-01,6.116482771609906832e-01
7.449629902840000373e-01,6.077614149034510360e-01
6.942679882050000195e-01,8.466846888311581054e-01
1.001886010170000008e+00,8.053359100186054942e-01
7.935580015180000446e-01,8.838871315934154760e-01
8.450049161910000439e-01,8.042685642116607081e-01
8.031240105629999793e-01,8.931808607688940249e-01
5.744469761850000689e-01,8.057797330199168995e-01
5.679720044139999757e-01,6.274277003782090523e-01
4.538080096239999195e-01,6.117564634404467627e-01
8.494881391529999215e-01,6.878872832123160697e-01
4.064599871639999473e-01,7.682456944831539403e-01
2.453519999980000310e-01,6.225534118027175046e-01
2.323218107220000217e+00,5.988382888796778269e-01
2.027115583420000089e+00,1.584426028696676481e+00
1.581117987629999888e+00,1.049953414468748347e+00
1.727049946780000012e+00,1.752573141524333300e+00
1.150642037389999928e+00,9.787748980267698684e-01
1.607933998109999818e+00,1.131521517389099341e+00
1.331233978270000007e+00,2.274856426561029377e+00
1.221642017359999999e+00,1.230963887828311787e+00
1.583541989330000010e+00,2.537131382595158025e-01
1.608662128450000006e+00,3.727580054055837366e-01
2.185653924939999992e+00,1.470919699860996799e+00
2.989559888840000124e+00,1.535167409595876276e+00
7.574499845500000106e-01,2.423159763072642026e+00
1.811344027520000122e+00,7.640680625852986907e-01
1.527951955800000094e+00,1.197695204799301694e+00
8.892235755919999374e-01,1.886939680514592155e+00
