9.717460274700000511e-01,1.074048322904042729e+00
1.176299691200000108e+00,1.012191776627297202e+00
1.714609026910000056e+00,1.101298736784542376e+00
1.307337045669999975e+00,1.282876674546526097e+00
6.186890006069999393e-01,1.198984297724467796e+00
2.298435926440000276e+00,8.798863994569711133e-01
1.808241009709999902e+00,1.719577250878886909e+00
8.794149756429999742e-01,1.546470729003764699e+00
1.570945024490000064e+00,1.034428464728458064e+00
1.578516006470000121e+00,1.343666115249194659e+00
6.200309991839999535e-01,1.384738117604127128e+00
9.928810000419999726e-01,9.099914073584352003e-01
4.551869928839999413e-01,8.041992721602434502e-01
1.017398953439999865e+00,9.175577022027904261e-01
8.378469943999999892e-01,8.494716650824477577e-01
4.884769916529999589e-01,8.756919102232944008e-01
1.246340990070000210e+00,7.924468313102019934e-01
1.209630966189999990e+00,8.966357171968349915e-01
1.252451062200000020e+00,1.102732474453685274e+00
1.519726991650000025e+00,1.138480848990625294e+00
1.063797950739999942e+00,1.262433166994519684e+00
1.571495056150000069e+00,1.123133074018007438e+00
1.278105020519999968e+00,1.200467535543833453e+00
1.192077994349999948e+00,1.165809559113045291e+00
8.304439187050000060e-01,1.109065636409171107e+00
1.402015686039999931e+00,1.028043326834952031e+00
1.156504034999999986e+00,1.072333897800655356e+00
1.162554860120000200e+00,1.018227169024105816e+00
6.007519960399999581e-01,1.024150392005521271e+00
1.253835797310000055e+00,8.780071627399471668e-01
1.791844010350000183e+00,1.003251732057423240e+00
1.734062552449999961e+00,1.317168433032138708e+00
4.939970970150000085e+00,1.441419215416717137e+00
2.394351005549999911e+00,4.046458013801689901e+00
2.212575912479999740e+00,1.971299035891672213e+00
1.886527061460000043e+00,2.198662339767480933e+00
9.343829751010001017e-01,1.870369677228298055e+00
9.099829792980000942e-01,1.430096649345597548e+00
8.112999796870000724e-01,1.129483890060185569e+00
1.049708962440000004e+00,7.681148768375827274e-01
1.351788043980000076e+00,9.122014741022484996e-01
1.277305960659999906e+00,1.122394476623328252e+00
7.854449748989998925e-01,1.080182761129964364e+00
4.846229851250000165e-01,8.994018630906184253e-01
6.676359772680000582e-01,6.880115400424260397e-01
8.322510123249999836e-01,7.453769709960005319e-01
5.959370136259999340e-01,8.273377068605984874e-01
3.410890102390000123e-01,7.819894944998945219e-01
6.860110163689999707e-01,6.388726879463125785e-01
8.153510093690000682e-01,5.813544178879035407e-01
3.985430002210000322e-01,7.840399429288681388e-01
6.998159885410000225e-01,7.586053650883256561e-01
4.263690114019999533e-01,6.525510362774097350e-01
6.866139769550000382e-01,5.650697060196030463e-01
1.826770007609999913e-01,5.667296717016864216e-01
7.018824815749999946e-01,8.088598007572992410e-01
1.796682000159999681e+00,6.119157244932209583e-01
7.204269766809999753e-01,1.230911334321920680e+00
4.680640101429999755e-01,7.463750377560280924e-01
6.408870220180000743e-01,3.722189395001153644e-01
7.520520091060001189e-01,4.441563267532347981e-01
1.001817584040000098e+00,1.147217641838095270e+00
1.660804033279999814e+00,9.548040983585553976e-01
1.450595021250000061e+00,1.207511872359421590e+00
1.085010051729999869e+00,1.302275789130751482e+00
1.099555015560000015e+00,1.076656509859770017e+00
7.694180011750000325e-01,1.020304280101168581e+00
1.254430413249999932e+00,8.880955419602718504e-01
1.496320962910000052e+00,1.034797722230887285e+00
7.186369895940000196e-01,1.177853460740746705e+00
8.902019858359999649e-01,8.343588848463241447e-01
9.891759753229999452e-01,7.320394782844313886e-01
2.849014520649999938e+00,1.023756580712129605e+00
4.281075000759999583e+00,2.115977791928785656e+00
1.248739004139999942e+00,2.780088897279560545e+00
7.096589803699999699e-01,1.230671683943747485e+00
7.497439980509998936e-01,7.249872616977232065e-01
8.907449841499999188e-01,6.772277723189560339e-01
1.469527959819999952e+00,1.226054598894045888e+00
1.608888030049999918e+00,1.153213824301394741e+00
1.043460965159999976e+00,1.045270190510003472e+00
1.184751033780000018e+00,9.856885588544469501e-01
5.063725113870000127e-01,9.670295787180053226e-01
6.946156024930000283e-01,8.609103746127272361e-01
9.299110174179998634e-01,1.039877218608061815e+00
7.754629850390000190e-01,7.939917333861807869e-01
8.564696311949999696e-01,8.560524481008564557e-01
9.269009828569999554e-01,8.331093480482142377e-01
7.506660223010001021e-01,7.707052617033303132e-01
9.248849749570000611e-01,8.053080205475581232e-01
1.070162653919999984e+00,7.806872857485215311e-01
8.752880096439998869e-01,9.371342740481447553e-01
7.511039972310000756e-01,7.860833574427394943e-01
8.627579808239999037e-01,7.160196096093458529e-01
5.096570253369999692e-01,8.250839432916963201e-01
8.495249748229999343e-01,7.663505544041955275e-01
6.711369752879999817e-01,7.791551760606557631e-01
6.132180094720000030e-01,7.584001642345398198e-01
3.810549974440000098e-01,5.573295239949072055e-01
8.710420131680000067e-01,6.277754033869092920e-01
6.540319919589999698e-01,7.190497123558681203e-01
9.089673757550000843e-01,7.780206661059912987e-01
9.709029793739999414e-01,8.115336916268733880e-01
9.856920242310001079e-01,8.193346527044294003e-01
1.356256246570000101e+00,8.652342998130971852e-01
1.309872984889999925e+00,1.079424678599169019e+00
6.344919800760000506e-01,1.093258386729919929e+00
5.933508276940000492e-01,7.818147142362429358e-01
8.796380162239999523e-01,5.633067097158246384e-01
1.131836414339999930e+00,8.837795080968565697e-01
1.841274023059999765e+00,1.009826346642982431e+00
2.261745929719999992e+00,1.341385215816306653e+00
2.597975969309999744e+00,1.694448056621975285e+00
2.399192094800000064e+00,1.900153719922050177e+00
1.982298016549999931e+00,1.799488435356977334e+00
2.269547939300000206e+00,1.638713779766090450e+00
2.017889976500000238e+00,1.799118343733904890e+00
1.452262043950000026e+00,1.632365140392063152e+00
1.342797994609999934e+00,1.297469445851356484e+00
1.311915040020000145e+00,1.198530802375200155e+00
1.276762008670000226e+00,1.212555861848187089e+00
1.275267004970000118e+00,1.267720957851356633e+00
1.210446000100000141e+00,1.158155652374132316e+00
8.153480291369999966e-01,1.146430626460061220e+00
7.271119952200000291e-01,8.802082036115557173e-01
6.043019890790000126e-01,7.545252839138225642e-01
9.830358624459999417e-01,7.929544027725706767e-01
1.101529002189999940e+00,7.934040274875819865e-01
1.183724999429999869e+00,8.427643503587136653e-01
4.356400072569999726e-01,1.057723315208721759e+00
3.270040154459999959e-01,8.499817490468328796e-01
8.039849996569999879e-01,7.509144252277591969e-01
4.216859936710000145e-01,6.124954970526228504e-01
5.734559893609999515e-01,7.443424050770875988e-01
3.959457874300000291e-01,6.634169091872216262e-01
4.163750112060000119e-01,6.643787156955929252e-01
5.603970289230000290e-01,5.163896732204381612e-01
7.749050259590000156e-01,6.146711265628674870e-01
6.370840072629999629e-01,7.058057397444598147e-01
3.839260041709999793e-01,7.568710103997708938e-01
5.648739933969999516e-01,6.683504431855554762e-01
1.054715037350000051e+00,5.505944601369909819e-01
6.537709832190000681e-01,8.698953625747538609e-01
5.931029915809999942e-01,8.064890983185374340e-01
1.022608995439999946e+00,7.115278497221851906e-01
8.359869718549999273e-01,8.207214501690239805e-01
6.375340223309999832e-01,9.215164317111483872e-01
9.755985140799999789e-01,8.174304614191957308e-01
4.898079931740000337e-01,8.459505978186619979e-01
1.098647952079999879e+00,7.211216550290160399e-01
1.151165962220000116e+00,8.596532679862335380e-01
8.061249852179999120e-01,1.039065109461675629e+00
4.744769930839999872e-01,9.261720105652526680e-01
7.896029949189999897e-01,7.883873419282844131e-01
4.762530028819999539e-01,7.355470505538046488e-01
5.455229878430000179e-01,6.752681718786378573e-01
6.212809681889999158e-01,6.273842150595095868e-01
7.707700133319999036e-01,7.049724834290527209e-01
9.337069988249999675e-01,7.264334960487310866e-01
8.110550045970000843e-01,7.935436099578624392e-01
6.005529761310000048e-01,7.491412187009272028e-01
1.002521038060000036e+00,7.671255150499169950e-01
8.921650052069998171e-01,8.792411884715425341e-01
9.160850048070000584e-01,8.682958166699797919e-01
7.413420081139999729e-01,9.081448923692629904e-01
9.283249974250000758e-01,8.983029752322200245e-01
6.429409980770000033e-01,8.692748463840090922e-01
9.950090050700001187e-01,6.916497918180624094e-01
6.271365880970000140e-01,8.600757446885304303e-01
1.038689017300000073e+00,8.078007865979781599e-01
6.888009905820000611e-01,8.363523716648334494e-01
5.214130282399999095e-01,8.601172541547814632e-01
6.510270237919999481e-01,7.708489345312790064e-01
1.159701943399999990e+00,5.662208411134012076e-01
6.456400156020000169e-01,9.114888097247356713e-01
1.195862650870000099e+00,8.321452368676269806e-01
1.304703950880000018e+00,8.992892450135167026e-01
8.844429850579998975e-01,1.076552684528139237e+00
7.697709798810000725e-01,8.786616011188905784e-01
7.702100276950000213e-01,7.562864801245060553e-01
6.418280005459999771e-01,7.691068372437290801e-01
8.937159776689999058e-01,9.464910149379356374e-01
5.247250199319999364e-01,7.109000004240316750e-01
5.142210125920000374e-01,7.323594686422717492e-01
7.172748446459999982e-01,6.384474393107818502e-01
6.410769820210000525e-01,7.290073990638151757e-01
4.689820110800000941e-01,4.980566902807760932e-01
1.203750014310000171e+00,5.652462384208428725e-01
7.911959886550000709e-01,8.338117107497461378e-01
1.136301159859999910e+00,8.792096739791658289e-01
8.642929792399999256e-01,9.336392285531206481e-01
8.814030289650001126e-01,8.026526627600477637e-01
5.817409753800000249e-01,8.119163312538909549e-01
8.651199936869999885e-01,7.674236101457510006e-01
9.078124761579999813e-01,9.500842025058360285e-01
7.377740144730000615e-01,8.618646985345994604e-01
1.120375037189999867e+00,7.783504790287791852e-01
9.422479867940000142e-01,9.736093722544615359e-01
1.060060024260000011e+00,1.009171377298086592e+00
7.158420085910000008e-01,9.717484284544491979e-01
4.040209949019999969e-01,8.733843637092880696e-01
2.920779883859999648e-01,7.577649088203516348e-01
6.317924261089999938e-01,6.317349623931288738e-01
1.124665260310000026e+00,5.917084322422311304e-01
1.115690946580000009e+00,8.796781133638711392e-01
1.247418999670000028e+00,9.768906967344953562e-01
6.976169943809999996e-01,1.063536434178046219e+00
3.693974971769999893e+00,9.373448256078157348e-01
8.204839825630000361e-01,3.292382373078861058e+00
8.573070168499999921e-01,1.028833796331869666e+00
6.902359724040000311e-01,5.628785156030249315e-01
8.385969996449998964e-01,5.224557918890201380e-01
1.287726998329999928e+00,9.774943547497936258e-01
9.632229804989999034e-01,1.291943542735128903e+00
1.343299984930000024e+00,8.096679638630280840e-01
7.316169738770000874e-01,1.106482849145634439e+00
6.809219717980000697e-01,8.749258824403147727e-01
7.014784216880000089e-01,8.924664668138716506e-01
6.698030233380000142e-01,8.357018034276738616e-01
1.365643024439999964e+00,6.994254179869574539e-01
9.781420230869999344e-01,1.020425006479177110e+00
6.786789894100000442e-01,9.632835372048980105e-01
5.976330041890000055e-01,7.526414882250245242e-01
8.193774819369999962e-01,6.660180967525821671e-01
7.911109924320000042e-01,7.577781506274505752e-01
1.044147372249999872e+00,7.573204732043975485e-01
1.400015950200000026e+00,8.716059798155439964e-01
8.748620152470000244e-01,1.081503371143885950e+00
6.228179931639999944e-01,9.851537268809122949e-01
7.164059877399998610e-01,7.419394788936947149e-01
6.523500084880000660e-01,8.437639592095959040e-01
9.379299879070001067e-01,7.661904300182856842e-01
5.936999917030000296e-01,8.205997568642976470e-01
5.393440127369999448e-01,7.731278315424303660e-01
9.370089769359999377e-01,6.841074523364606419e-01
8.087720274930000341e-01,7.539639256473038564e-01
5.654280185700000239e-01,8.323134247313842549e-01
6.020820140839999723e-01,7.619308402818227854e-01
1.146679997439999932e+00,7.448344314132293587e-01
9.824249744419999431e-01,8.552844907723635703e-01
5.671510100359999917e-01,9.213941125386212461e-01
7.866399884220000027e-01,7.902634486604388497e-01
7.388439774510000557e-01,8.074336634982672845e-01
6.810299754140000106e-01,8.092666081399099154e-01
7.086979746820000203e-01,7.452285636258398904e-01
6.642330288889999323e-01,7.764902163180601447e-01
5.124790072439999733e-01,7.762397346365097484e-01
6.040380001070000393e-01,6.406669797504982444e-01
6.728799939159999521e-01,6.074059705471198667e-01
8.265414834020000656e-01,7.353623218557253649e-01
4.546860158440000355e-01,7.626233303137834874e-01
5.594509840010000179e-01,7.106706484004763347e-01
1.332218050960000122e-01,5.468501922058180975e-01
1.633069962260000063e-01,7.331431721387466904e-01
1.797860413789999778e-01,5.096623559561948014e-01
5.747918486599999932e-01,5.071922977827209023e-01
8.508148789409999413e-01,4.682812604557493597e-01
8.527640104289999634e-01,7.642521178588923547e-01
1.687628030779999788e+00,8.795290492519284298e-01
2.149522066120000297e+00,1.305878146766767722e+00
8.122850060459999577e-01,1.517799358428178813e+00
1.239639997479999867e+00,1.020519482282529644e+00
2.128437280650000041e+00,9.769300915372896021e-01
2.139239072800000141e+00,1.691213529481061295e+00
9.779880046840000452e-01,1.615236165954571090e+00
6.937779784199998856e-01,1.099596714811030385e+00
7.218790054320000094e-01,7.285509903480921201e-01
7.631160020829999002e-01,8.813356258295387269e-01
8.565329909319999713e-01,8.923411380909975765e-01
1.109338045120000116e+00,8.454117567486303386e-01
6.476340293879999654e-01,9.341112201426743367e-01
9.241870045659998922e-01,8.588271069043905692e-01
7.877320051189998784e-01,7.891699677175919581e-01
1.305567026139999864e+00,8.240068376430232933e-01
9.107710123059999940e-01,1.032888063494751707e+00
8.699640035629999657e-01,9.503422294050687391e-01
5.743020176890000217e-01,8.414316840333384562e-01
8.599532246590000373e-01,8.413529901450035320e-01
4.775849878790000003e-01,8.196604223046974891e-01
1.108017444610000179e+00,6.899486076385531463e-01
1.290724992749999966e+00,8.735128286124956842e-01
8.591579794879999898e-01,9.228085326204377159e-01
3.058980107309999807e-01,9.465238872606099862e-01
9.039019942279999942e-01,7.244146287283070862e-01
6.352750062940000220e-01,7.532876003412470878e-01
1.023422956470000145e+00,8.461205821877317845e-01
6.730669736859999919e-01,8.708368601650564589e-01
8.504790067669999454e-01,7.798384961181511477e-01
5.141969919200000128e-01,8.012357114025221438e-01
1.527956604959999964e+00,7.603893642215089343e-01
4.094385623930000051e+00,1.158056352655327137e+00
9.952359795569999390e-01,3.459299968178227935e+00
8.670449852940000923e-01,1.187051911705835572e+00
1.141056060789999993e+00,6.417722810168809966e-01
1.622257947919999888e+00,9.355826122576081927e-01
1.980204939840000566e+00,1.602502427106341498e+00
1.375547051430000112e+00,1.644993091362655369e+00
1.851865053180000054e+00,1.286633425057092994e+00
1.420923948290000016e+00,1.429981310852716403e+00
1.589177966120000285e+00,1.307684479110373665e+00
1.673199415210000041e+00,1.372796303584569610e+00
2.123934030530000072e+00,1.437318101557680583e+00
1.648401975629999905e+00,1.580154776153562590e+00
1.204741954800000014e+00,1.471876887997352279e+00
7.920839786529999538e-01,1.176737120688338800e+00
1.227027416229999890e+00,9.583720495849296084e-01
1.226951003070000157e+00,1.202947097323237458e+00
1.131343960759999989e+00,1.080810965626643361e+00
1.252465009690000075e+00,1.089787738212966373e+00
1.116891980170000132e+00,1.148481089680967404e+00
1.122387051579999850e+00,1.062207528274839108e+00
1.040153026579999862e+00,1.058153585765892579e+00
8.091310262680000420e-01,1.017743500577099169e+00
7.681059837340000751e-01,8.726479680294200181e-01
7.982919812199998910e-01,8.216532253745627568e-01
7.666722536090000428e-01,8.720217868030131214e-01
1.057360053060000027e+00,7.979480386274251380e-01
8.607699871060000563e-01,9.007537327287385986e-01
1.070777058600000053e+00,9.270591115656531267e-01
5.301510095600000527e-01,9.883240436168382326e-01
6.604189872739999467e-01,8.365687942524799858e-01
9.909179806709998983e-01,6.541616495929637454e-01
3.561530113220000016e-01,8.172252459510903622e-01
9.618239998820000691e-01,7.492105758652656267e-01
1.244829058649999931e+00,7.447719460114090584e-01
8.381230235100001202e-01,1.077908900086411048e+00
9.245989918709998090e-01,8.841516499276326213e-01
8.131660223010001021e-01,8.914830420228743169e-01
1.003061056139999963e+00,9.176152764698787268e-01
8.752340078350000496e-01,8.909158571736082166e-01
7.991399765009998823e-01,9.222679679988207146e-01
8.812961578369999938e-01,8.801622048866282189e-01
1.063080191609999892e+00,9.051185913496164748e-01
9.057049751279999672e-01,9.715071471369463030e-01
6.909559965129999926e-01,8.876649742727197312e-01
1.355970025060000195e+00,8.265959742124024956e-01
7.572399973869999856e-01,1.048901440319884415e+00
2.043754577640000125e+00,9.160972757877520189e-01
8.576130270960000690e-01,1.503930846887236550e+00
2.364957094190000220e+00,9.356563701130996558e-01
4.179231166840000178e+00,1.776692127264999588e+00
2.233561992649999883e+00,2.587830458003282708e+00
8.013390302660000630e-01,1.393193460544174034e+00
8.372840285299999463e-01,1.026419601553851368e+00
8.851529955859999133e-01,8.071910448017948214e-01
9.040349721909999303e-01,1.213923516238288647e+00
1.302939534190000082e+00,8.766882524855438286e-01
7.228699922560000157e-01,1.049410356312567405e+00
8.009120225910000279e-01,8.737676025040304051e-01
1.032919287679999965e+00,7.418178360407448046e-01
1.321628212929999879e+00,9.735561669326268097e-01
9.367759823799999275e-01,1.088718089501862218e+00
7.007700204850000336e-01,9.791052061135758766e-01
7.624319791789999634e-01,7.384222067415082691e-01
1.144938945770000105e+00,7.736864450456584219e-01
7.721610069269999599e-01,1.047836570534863121e+00
8.772150278090000697e-01,8.603809778533371144e-01
1.243505001070000171e+00,8.494033925860910994e-01
6.381840109830000385e-01,1.060358837699340917e+00
7.468199729919999807e-01,6.693275130823598262e-01
6.839929819109999976e-01,6.234836650926222079e-01
1.419505119320000119e+00,7.656817625449240383e-01
6.141470074649999500e-01,1.145841066950345155e+00
7.347676754000000976e-01,8.000095164483114196e-01
6.770560145379999062e-01,6.093472871254593803e-01
1.074026942249999950e+00,7.619268108728585176e-01
6.156389713290000287e-01,9.379458875154350617e-01
9.692379832269999440e-01,8.444698567163622105e-01
9.916120171550001361e-01,8.536005654825762345e-01
8.089560270310000023e-01,9.617549692265678907e-01
2.435143947599999859e+00,9.067413085688313945e-01
8.223479986189999869e-01,1.846111747944550796e+00
5.938220024110000272e-01,1.014220861990590361e+00
5.762249827380000466e-01,6.063407633022666055e-01
4.224239885809999429e-01,5.294491575458629695e-01
6.765879988670000511e-01,1.031124016342119143e+00
5.520349740979999531e-01,6.196737978697253180e-01
9.015229940410001142e-01,6.672884373469833985e-01
7.489960193629999763e-01,7.789316541850249687e-01
8.627583980560000754e-01,7.791696958836198394e-01
9.480749964710000199e-01,8.041568386624257103e-01
1.055613875389999956e+00,8.011696351844045383e-01
1.970020055770000278e+00,9.865456034892076120e-01
9.391199946399999554e-01,1.402302016361000714e+00
1.009042978289999892e+00,1.037020111305198666e+00
7.824029922490001177e-01,8.707325892880175555e-01
1.016265034679999957e+00,1.020397519902200845e+00
8.782749772069999850e-01,9.822457351606427300e-01
7.353619933130000064e-01,9.023896716428037035e-01
1.109990954399999952e+00,8.301718048546706807e-01
7.727199792860000027e-01,9.333170740601478554e-01
1.164981961250000086e+00,9.313342979361093343e-01
7.157210111620000426e-01,1.002119745020969566e+00
1.475479006770000101e+00,8.148725442769666483e-01
8.354520201680000202e-01,1.089194224636100605e+00
7.344660162930000125e-01,9.512639555035239392e-01
7.861927747729999805e-01,7.864069007820815305e-01
1.143465042110000107e+00,9.049277596335509877e-01
9.246990084650000830e-01,8.758640690306644938e-01
2.958764553069999970e+00,9.664480672515680659e-01
2.138324022289999959e+00,2.231560550419613875e+00
2.038712024690000124e+00,1.636157900382509300e+00
1.480209946629999829e+00,1.723638899167656335e+00
9.367650747299998137e-01,1.387400709098745244e+00
1.715939760209999942e+00,1.166882641015379196e+00
1.001402020450000041e+00,1.345858261223644714e+00
8.896229863169999863e-01,1.036229292824595305e+00
7.492939829829999843e-01,9.068654860624492109e-01
1.115183949470000213e+00,9.214647136122873228e-01
9.457820057870001129e-01,9.773492752883423673e-01
6.452180147170000213e-01,8.500840005901494356e-01
1.164842009540000056e+00,7.384940231804801858e-01
1.244351029399999975e+00,1.000438059860453199e+00
9.045109748840000075e-01,1.118574696281924297e+00
5.575259923929999362e-01,9.712769989082765676e-01
5.778343677520000332e-01,7.278045289430234988e-01
7.199835777280000348e-01,5.915067453257683017e-01
7.607790231700000128e-01,5.982225362062819629e-01
5.404400229450000426e-01,7.016954668196246914e-01
8.009672760959999360e-01,6.823858867308026932e-01
7.710149884220000027e-01,7.035950282929517297e-01
6.709719896319999988e-01,6.862577737931280231e-01
2.768970489500000021e+00,7.002837403259533078e-01
3.086133003230000060e+00,2.190716446900755621e+00
1.116358041760000086e+00,2.251842254971825774e+00
1.018260955809999979e+00,1.239992887142193245e+00
7.442610263819999794e-01,8.319722675298477643e-01
1.114386796949999869e+00,7.493455459878400893e-01
1.380516409870000238e+00,1.048754433604127456e+00
1.229098439219999950e+00,1.127212232405849557e+00
1.573238968849999919e+00,1.071956502684717760e+00
1.245597958560000107e+00,1.262735017892969491e+00
8.298619985580000247e-01,1.144090093687878396e+00
5.376980304720000436e-01,8.342847772321086985e-01
8.593800067899999284e-01,7.535656704091527880e-01
7.949647903440000274e-01,8.228692796315163482e-01
8.122889995569999577e-01,8.380045029785204713e-01
1.209460973739999945e+00,6.930139748834259761e-01
1.043611049649999956e+00,1.020536654884633077e+00
9.914460182190000248e-01,1.030544834559035783e+00
1.377645969390000058e+00,9.630299335746582701e-01
7.495359778399999229e-01,1.146554250388896135e+00
7.549669742579999676e-01,9.089821695649816791e-01
8.522210121150000095e-01,7.645709322540608088e-01
1.312628030780000010e+00,8.594037881049035876e-01
9.499999880790001017e-01,1.034517830711117581e+00
8.433979749680000637e-01,9.511484963242325952e-01
6.329939961430000039e-01,8.789789471051446812e-01
6.848490238189999246e-01,8.023323567806994738e-01
8.296039700509999504e-01,6.663206851469807290e-01
1.117776036259999994e+00,8.000008045296671533e-01
1.060515046120000138e+00,8.193669391335277608e-01
9.966710209849999336e-01,9.200022567950080221e-01
6.726049780850000825e-01,9.659458697962938212e-01
8.499810099600000335e-01,9.723500760699583800e-01
7.929700016980000266e-01,7.395624618918053006e-01
7.509549856190000927e-01,8.234942481406655190e-01
9.556260704989999466e-01,8.093072859834021804e-01
6.085839867589999397e-01,9.120853590918452936e-01
7.782499790189999489e-01,7.981092142432498759e-01
5.098140239720000411e-01,7.110679375466907315e-01
6.364319920540000286e-01,6.972458588087436793e-01
6.015599966049999248e-01,6.211417283236823073e-01
6.556333899499999784e-01,7.214838460421210131e-01
6.385549902920000243e-01,6.636679859481688926e-01
8.762890100480000832e-01,6.298345465609660465e-01
7.967479825020000739e-01,7.416517772626187721e-01
6.824830174449999509e-01,8.114281103583510513e-01
8.025500178340000401e-01,7.470087172101794737e-01
7.950311899190000142e-01,7.976275317145042898e-01
1.584897041320000088e+00,7.943338297890477628e-01
1.017485976220000143e+00,1.119666456944494293e+00
9.177780151369999695e-01,1.055517243370127867e+00
1.230221033100000083e+00,9.219671344901676502e-01
1.027899026870000121e+00,9.861681226895356867e-01
9.125559926030000213e-01,1.005258107011977708e+00
7.935979962350000472e-01,9.175753743575673083e-01
1.030437946320000187e+00,8.086619878610420420e-01
5.325379967690000438e-01,9.122625963308494956e-01
6.127780079839999505e-01,7.551200010301986065e-01
8.741289973260000234e-01,6.221686100508236894e-01
3.667230010029999820e-01,8.163152808728092458e-01
7.391750216480000857e-01,6.994158389342596260e-01
5.604230165479999748e-01,5.942938003419592219e-01
7.758178114889999755e-01,6.985441768895008785e-01
8.102909922600001202e-01,7.123249737738548415e-01
6.437510252000000488e-01,7.216160375709746999e-01
7.236457467079999706e-01,7.115369758036373948e-01
9.113870263100001257e-01,6.693116178373389458e-01
6.627830266949999993e-01,7.166944366222959273e-01
1.002035975460000117e+00,6.788152049421035672e-01
8.224419951440000709e-01,7.575751628702390716e-01
1.030576944350000135e+00,6.914338703670743769e-01
6.781139969830000114e-01,8.901491929887629384e-01
5.333459973340000104e-01,7.792693222246355189e-01
3.209959864620000047e-01,8.249964068455208910e-01
7.608630061149999069e-01,5.460973064356585693e-01
7.439860105509998878e-01,5.942874668501312296e-01
5.468400120740000148e-01,7.792210263372920664e-01
7.004669904709999173e-01,7.205299484011064015e-01
8.356525897980000561e-01,6.915733732037645520e-01
1.274258971210000091e+00,7.819528146972982707e-01
8.934450149539999719e-01,8.627146842818719241e-01
6.211659908290000365e-01,8.723462515242590420e-01
7.900159955019999680e-01,7.137942256539057118e-01
1.067494988440000014e+00,7.664053925658189659e-01
6.698009967800000464e-01,8.170035201867941188e-01
1.265694975850000015e+00,7.664278512452852299e-01
6.380620002750000408e-01,9.806770773766694260e-01
9.348030090330000652e-01,8.671166140061331573e-01
8.006410002709999363e-01,7.654535197887493148e-01
1.085708975790000030e+00,9.080009733083566070e-01
3.527039885520000251e-01,8.607911067635068969e-01
5.883709788319999578e-01,7.652914345586884215e-01
4.875420033929999120e-01,4.715125664365886204e-01
4.636880159380000199e-01,7.542649193903206983e-01
3.637039959430000136e-01,5.681321569076633882e-01
8.750243186949999696e-01,5.873378153695514303e-01
6.435279846190000708e-01,7.170080375757398317e-01
4.834130108360000233e-01,6.176096900784368016e-01
2.120890021319999930e-01,6.382495097453972921e-01
4.560469985010000560e-01,5.728748716260702034e-01
4.367910027499999903e-01,4.555907124503448258e-01
7.238804101939999569e-01,5.778105160316077127e-01
5.560690164570000205e-01,6.192455742473351732e-01
4.748429954049999679e-01,6.087675672024736029e-01
2.674640119080000100e-01,5.985869223899669134e-01
9.588437080380001198e-01,6.737581683568983903e-01
7.868980169300000549e-01,6.766269564456908192e-01
1.794360995290000149e+00,7.842432376513763792e-01
1.337677955630000026e+00,1.317266553734943280e+00
1.210453987120000185e+00,1.225300880102828893e+00
5.654799938200000264e-01,1.130854081935992239e+00
4.008429944520000565e-01,8.408768515376239261e-01
2.727654874320000200e-01,7.476580957648710779e-01
5.836449861529999783e-01,6.572566668507957566e-01
8.533802628519999711e-01,4.723646667552819922e-01
8.660610318179999823e-01,7.786974786884348632e-01
1.158349990839999899e+00,8.668537073789884806e-01
7.764859795569999390e-01,9.675639577461289109e-01
1.068807005880000105e+00,8.866929626484755245e-01
5.888479948040000744e-01,9.571991704052265071e-01
1.588868498799999918e+00,7.897416209818431954e-01
4.327859878540000205e-01,1.094110388370066911e+00
3.996030092239999942e-01,6.793248710525598977e-01
5.545349717140000134e-01,2.653184625369381933e-01
6.221979856490000849e-01,4.578605362602743978e-01
1.149551987649999996e+00,8.958147225716227569e-01
1.121260046960000034e+00,8.589291920275672343e-01
9.776459932329999436e-01,1.066207551607905479e+00
1.732741951940000025e+00,1.022144020516034590e+00
2.302707910540000125e+00,1.282388746507353128e+00
1.053477048870000043e+00,1.695724122432162861e+00
7.962800264360000435e-01,1.145213573546636887e+00
5.203329920770000117e-01,8.290278543563746050e-01
6.104800105090000262e-01,7.178214692736403224e-01
4.453057944770000276e-01,8.329938453618142002e-01
6.522138714790000069e-01,6.972161259199498584e-01
1.175541162490000069e+00,5.942359276495295939e-01
1.032202124599999937e+00,8.349979250963930344e-01
7.193930149079998948e-01,9.328253265441028841e-01
8.200139999390000378e-01,7.540304887898114927e-01
9.497330188750000568e-01,7.395768098725895578e-01
1.039114952089999822e+00,7.963034936956522314e-01
5.883830189700000046e-01,9.408343907862992683e-01
9.508559703829998488e-01,8.251001080676548805e-01
5.277600288389999728e-01,8.307108778840345265e-01
7.736063003540000205e-01,7.513078590095902953e-01
9.703559875489998765e-01,7.160869842462168622e-01
1.383889913560000018e+00,7.979627882622188917e-01
7.795230150220000542e-01,1.146377836741314216e+00
6.069999933240000090e-01,7.662396692501861617e-01
4.660570025440000097e-01,5.519533984862123877e-01
9.455270171170000459e-01,5.487406952407919425e-01
6.238729953770000280e-01,8.523297698743799167e-01
3.923240005969999555e-01,8.844060768618845492e-01
5.156549811360000568e-01,5.820471812178118487e-01
9.679385423660000765e-01,5.781786072109061925e-01
1.356565952299999989e+00,8.566073549679728005e-01
9.072690010070000310e-01,1.005368441966162818e+00
8.162760138510000152e-01,9.983245322193881055e-01
2.479866981509999846e+00,8.633669202710747559e-01
1.133080005649999888e+00,1.843685050355404753e+00
1.045583963389999926e+00,1.129580348852799343e+00
8.474370241169999485e-01,9.342477223629509497e-01
1.536522984499999911e+00,8.656339118320147685e-01
9.008989930149998715e-01,1.244794708102676006e+00
4.812009930610000596e-01,9.723820836030706571e-01
8.572540283199999722e-01,6.420564005169346888e-01
8.617479801180000232e-01,7.702810914014563970e-01
1.008694052699999899e+00,8.458115864532543826e-01
1.127727031710000105e+00,9.145365314325597517e-01
7.795569896699999779e-01,1.055803341360990188e+00
9.895502924920001053e-01,8.940772586256339194e-01
8.363329768179998958e-01,9.139152486916108931e-01
9.099559783939998869e-01,8.280137178417221744e-01
5.511059761050000061e-01,8.780113988597501029e-01
1.239764332770000088e+00,8.180854123682299583e-01
1.211838960649999963e+00,9.613701459754292467e-01
1.379981994630000042e+00,1.039259624727393971e+00
1.148460984229999982e+00,1.185930905162824622e+00
7.663900256160000035e-01,1.036446103935807717e+00
9.660840034479999394e-01,8.375503178191621156e-01
8.156750202179999798e-01,9.249370883918461850e-01
1.142272949220000111e+00,9.483377612147400049e-01
1.299479961400000105e+00,9.549275259362327573e-01
8.583310246469999516e-01,1.103667216923147842e+00
7.149469852449999996e-01,9.670857766620546414e-01
8.764400482179999230e-01,7.928592485425048908e-01
8.305460214609999836e-01,9.266898989508698392e-01
8.535240292550000385e-01,8.095372362494800411e-01
9.092410206789999227e-01,8.521857886989826492e-01
5.202720165249999917e-01,9.137124626882210388e-01
7.411040067669999454e-01,7.945206892972189738e-01
5.853319764140000325e-01,6.488058315878922899e-01
5.047770142559999673e-01,7.206471944962236087e-01
5.519493222240000607e-01,6.644696777279328614e-01
9.697520136830000137e-01,6.673848141033877912e-01
1.116515994070000017e+00,7.622227812491113585e-01
1.049844980239999837e+00,9.787740125775880040e-01
6.342629790310000404e-01,1.012205617484250642e+00
5.644329786300000817e-01,8.253951578192809668e-01
9.184709787370000100e-01,6.806840472707819112e-01
9.593539834020000656e-01,8.468831400039054103e-01
5.984159708020000412e-01,8.627690009427004814e-01
9.383450150489999197e-01,7.948233186410991191e-01
4.542250037189999867e-01,8.133031916483816071e-01
7.079470157619999204e-01,7.529637129687778430e-01
3.876500129699999575e-01,6.379953386884882338e-01
4.484339952470000057e-01,7.748065234187201389e-01
8.405709862710000202e-01,5.581959680720396388e-01
5.337110161779999862e-01,7.043682144654445088e-01
7.211350202559999589e-01,7.390750773742081892e-01
5.215386152269999576e-01,7.063345643542897623e-01
7.050759792330000275e-01,7.716065511040898217e-01
6.405649781229999506e-01,5.931092194599757450e-01
5.168589949609999623e-01,7.719842781044261582e-01
1.660409450529999997e+00,6.493222613978959501e-01
2.465307950970000217e+00,1.233463729980148083e+00
1.622156023979999917e+00,1.732484923806973720e+00
1.866270065310000170e+00,1.412360406816803415e+00
3.623536109919999415e+00,1.531494791315392012e+00
7.948709726329999947e-01,2.471848418838638040e+00
9.065989851950000400e-01,1.035261223031580524e+00
8.571879863740000660e-01,6.293228339436147678e-01
7.756379842759999477e-01,6.970950305558041293e-01
7.006700038909999817e-01,9.937329150652642884e-01
6.443409919740000769e-01,8.885812521638331019e-01
7.579550147059999077e-01,7.382830527286518008e-01
5.499600172040000068e-01,7.984707764272612751e-01
4.964669942859999408e-01,7.400501184834351598e-01
1.367677569390000070e+00,5.975221642879920969e-01
1.397894024850000250e+00,1.026754684205534174e+00
8.148130178450000427e-01,9.518990221587024791e-01
1.278898954390000009e+00,7.863098261777912157e-01
8.623980283740000363e-01,9.359050560805226571e-01
1.093865990639999897e+00,1.024882609057295779e+00
8.134710192680000285e-01,1.140223724303792929e+00
1.466687083240000078e+00,8.823360343279978979e-01
9.060310125349999577e-01,1.114406009004790699e+00
7.652140259739999006e-01,8.312359298373906968e-01
1.311033964160000176e+00,7.098582060246767522e-01
7.892500162119999718e-01,1.063287688061177683e+00
1.474902033810000068e+00,9.621432466563325514e-01
9.167850017550001063e-01,1.132828670519511638e+00
1.186140060420000086e+00,9.307202630887019268e-01
1.411391973500000008e+00,1.008900559689990928e+00
2.092472076419999993e+00,1.269947559112928115e+00
7.189220190049999681e-01,1.558525675598422922e+00
1.301861047739999888e+00,1.031141663941093078e+00
1.268974781040000055e+00,9.824296974134709703e-01
1.221997022629999874e+00,1.224851842280870517e+00
9.061110019680000960e-01,1.032280205826826336e+00
1.078873991970000112e+00,9.163065302058683859e-01
1.028025031089999874e+00,9.631088657776410988e-01
7.863690257070000689e-01,1.075134915272494718e+00
1.276852965350000035e+00,8.595641138894091204e-01
7.093420028689999546e-01,1.050979319229194298e+00
5.201929807659999572e-01,9.080138887790406566e-01
5.645610094070000473e-01,7.277456040534955317e-01
9.855200052259999177e-01,6.693538590109698871e-01
1.092841982840000004e+00,8.556503220669827714e-01
4.786899983879999709e-01,8.925912789412986381e-01
3.955059945579999514e-01,7.337565199258351267e-01
1.850703001020000071e+00,4.925754668224053834e-01
1.195796012879999815e+00,1.342443174326378719e+00
1.702510833739999896e+00,1.122527083516299484e+00
2.998351097109999586e+00,1.383460001426384478e+00
2.407080888749999925e+00,2.133527627670380955e+00
2.585943937299999718e+00,1.742064815219161344e+00
2.233839035029999920e+00,1.934054994914798042e+00
1.655773043629999997e+00,1.755440902690355243e+00
1.430611014370000156e+00,1.478797173211408023e+00
8.921740055079999676e-01,1.324929930714379367e+00
1.231696963309999893e+00,1.171832531900722563e+00
8.955079913140001624e-01,1.070391807113871829e+00
1.602033019070000064e+00,9.608357747412865635e-01
1.585399031639999956e+00,1.177985170907726031e+00
1.232059955600000034e+00,1.337759416939319435e+00
1.210371017459999976e+00,1.175059500428705661e+00
1.242141008379999967e+00,1.154127786582561654e+00
9.857040047650000858e-01,1.119332056560809141e+00
7.289689779279999726e-01,9.965272298831401310e-01
6.761519908910000876e-01,8.651415241309475812e-01
1.071573019029999907e+00,7.109923492198249040e-01
9.457439780239998983e-01,8.457862517383532008e-01
4.376370012759999706e-01,9.018411795835848954e-01
5.141820311550000522e-01,6.807823102819559047e-01
3.387190103530000052e-01,4.614955943073545397e-01
7.144280076029999593e-01,6.487012834343747203e-01
4.996199905870000180e-01,5.325025143002035666e-01
7.917379736899999854e-01,5.836639821807112494e-01
8.646243214609999894e-01,6.660185520715485863e-01
6.024960279459999901e-01,9.080206171319887831e-01
1.260069966320000123e+00,7.016225269316825885e-01
1.012339949610000067e+00,9.331170474295241712e-01
1.004528999329999950e+00,9.770422224235816300e-01
6.310235261919999727e-01,9.779882500121361844e-01
1.141221046449999887e+00,8.437387778812706074e-01
5.426099896430000014e-01,7.778266168192481400e-01
8.547459840769999762e-01,7.585152768957368341e-01
7.744219899179999311e-01,6.899204832533393228e-01
3.084340095520000102e-01,8.618225289825982571e-01
8.376209735870000506e-01,5.975955936046675188e-01
7.293469905850000767e-01,5.898751717885504231e-01
7.503905892370000830e-01,8.329625076718637500e-01
1.134822010990000019e+00,7.511885208433882744e-01
1.614240050320000064e+00,8.358214013593285863e-01
1.244793057440000128e+00,1.253148405330847703e+00
7.141630053519999466e-01,1.138866752445200969e+00
7.293040156360000026e-01,8.266302770849756065e-01
6.486989855770000091e-01,8.476936428701030701e-01
3.427990078929999962e-01,6.385353820515099477e-01
3.861860036850000011e-01,5.994695205329947374e-01
6.366299986840000535e-01,4.601690128463036267e-01
3.990480005740000280e-01,6.097394754010606599e-01
4.178859889509999870e-01,5.800350910341649513e-01
1.103790521619999909e+00,5.347543192644929055e-01
6.956189870829999622e-01,8.485695670856460149e-01
8.070139884950000564e-01,7.553647519350615847e-01
5.947690010070000310e-01,7.668114537429857602e-01
1.107607960700000005e+00,7.831983767444188338e-01
9.713580012320000012e-01,8.098640185650941570e-01
7.170349955560000321e-01,9.412887998042229754e-01
6.764810085300000386e-01,8.164567045697377345e-01
1.687772989270000190e+00,8.358453271963449671e-01
9.907569885250000485e-01,1.212300127138206562e+00
8.082039952280000161e-01,1.044827698666362936e+00
1.087718963619999979e+00,8.554392562999522109e-01
1.564818024639999861e+00,9.608903198640861287e-01
6.673809885979999912e-01,1.221166051756221282e+00
1.256489992140000123e+00,9.034011339404293128e-01
1.091886043549999963e+00,9.416611055088144333e-01
7.375509738919999725e-01,1.012158692036112306e+00
6.224380135540000802e-01,8.870680225960472232e-01
8.364729881290000613e-01,8.477217123696745293e-01
5.774260163309999916e-01,7.021354710900388207e-01
1.015761017800000054e+00,7.457894233649963178e-01
1.106158971790000001e+00,7.550109793141486225e-01
6.945540308949998964e-01,1.001594304196894880e+00
1.130903959270000092e+00,8.869945806672350219e-01
9.518219828609999489e-01,8.516906671594380862e-01
7.524570226669999862e-01,9.152811539167198251e-01
5.585229992869999993e-01,8.151306906031720034e-01
1.415836334229999771e+00,8.144936617878917318e-01
1.855298042299999839e+00,1.055728663630076003e+00
7.845479845999999702e-01,1.282683232957775088e+00
8.210539817810000862e-01,8.723831381474911328e-01
5.835890173909999978e-01,6.393764385964826324e-01
8.359720110889999889e-01,7.283243581025241609e-01
2.184663057329999880e+00,8.991598653178470846e-01
6.805480122570000123e-01,1.587767790524788003e+00
1.238904953000000031e+00,9.221076854227109321e-01
1.030328035349999949e+00,9.213977472576196925e-01
7.914109826090000022e-01,9.110388182550521741e-01
8.423720002169999832e-01,7.483109431609482609e-01
4.464710056780000769e-01,7.488360741456252523e-01
5.589337944979999584e-01,9.454983025377767802e-01
7.099329829220000221e-01,6.958757073318182496e-01
7.334340214730000751e-01,6.366554031527836832e-01
7.833399772640000647e-01,7.885763096089650759e-01
8.426809906959999985e-01,7.293258613331629059e-01
1.099761009220000085e+00,7.967193995166754750e-01
8.706315755840000614e-01,1.022452079295178562e+00
5.862460136410000411e-01,9.597440902214043890e-01
8.863990306849999223e-01,7.510011582997142554e-01
1.019399046900000050e+00,7.732422200900099796e-01
8.493610024450000129e-01,8.612553504062999687e-01
1.010666966439999870e+00,8.102114094593356741e-01
1.331516027449999973e+00,9.115394600159315575e-01
1.215008974079999859e+00,1.165941827251224305e+00
1.645591020579999952e+00,1.136575604783309323e+00
9.708780050280000351e-01,1.277589577484769867e+00
1.411272048950000135e+00,1.031073630988143197e+00
7.953929901119999313e-01,1.192326175541409183e+00
1.046331048010000098e+00,8.979547452554742515e-01
8.879339694979999642e-01,8.572866159325297497e-01
8.349300026890000836e-01,9.139759299233110035e-01
9.847199916839999290e-01,9.067610314270135863e-01
1.090394020079999970e+00,8.906996667132188739e-01
4.901649951929999416e-01,1.011430878799864708e+00
6.141669750209999279e-01,7.183139030055352148e-01
6.314740180969999894e-01,5.545218078444058563e-01
8.252440094949999860e-01,7.016509592590645106e-01
1.051450967789999913e+00,7.520926781804305739e-01
1.047114968300000060e+00,8.716419778054776968e-01
3.921430110930000379e-01,9.430802162123803623e-01
4.695149958129999912e-01,7.400023118181481285e-01
7.720900177959999500e-01,4.934448392258509175e-01
7.520099878309999264e-01,6.874415528622707106e-01
6.877393722529999698e-01,7.163564305916290120e-01
6.718119978899999012e-01,8.171978213465147522e-01
1.185933232310000029e+00,6.523862589285476243e-01
6.571980118750000432e-01,9.603108531930003577e-01
8.213180303569999063e-01,8.310981921379447801e-01
7.795739769939998842e-01,7.495256137659052076e-01
1.030122995379999962e+00,8.355045499412816490e-01
6.211889982220000217e-01,8.902681465695634344e-01
8.660820126530001106e-01,7.965233877194485279e-01
9.608931541439998947e-01,7.790545911552646530e-01
6.760399937630000577e-01,9.205084496786527515e-01
7.402380108830000083e-01,7.732333697075101098e-01
5.984709858890000511e-01,7.408846463221454570e-01
6.151059865950000427e-01,7.473444625762845073e-01
9.358735680580000382e-01,6.736686093686641286e-01
5.818247795100000008e-01,7.866805107569778688e-01
7.156659960750000327e-01,7.982759894814882573e-01
6.529520154000000298e-01,6.364627517286908231e-01
9.700022935870000751e-01,6.869928927214125070e-01
7.834500074390000623e-01,8.569946098765399700e-01
7.448130249979999506e-01,8.008426195466823438e-01
8.276180028919999376e-01,7.142160279677629564e-01
8.943400979040000420e-01,8.265088374277418382e-01
2.505017042159999985e+00,9.551397990646822711e-01
1.620712041850000062e+00,1.932131045621771737e+00
1.417585968970000110e+00,1.453285153252040107e+00
1.049872040749999957e+00,1.279479896601495081e+00
1.226507544519999993e+00,1.168561354121264939e+00
1.043179035189999881e+00,1.297057001202067017e+00
9.694439768789999690e-01,9.879741342866917853e-01
8.192250132559999454e-01,9.595972846442821780e-01
8.129550218580000598e-01,8.603949025533085271e-01
6.712080240250000163e-01,8.344328468873205562e-01
5.289899706839999993e-01,7.613258475549791182e-01
3.461930155749999849e-01,7.397968946285142788e-01
4.789490103719999947e-01,6.092452033812053580e-01
1.153810977940000093e+00,5.449938573094346150e-01
9.671270251270001062e-01,8.921602700969939459e-01
7.845839858059999727e-01,9.417368598456954398e-01
4.701859951020000428e-01,8.468464514821261169e-01
5.632782578470000301e-01,7.450458346174866353e-01
2.416239976880000528e-01,6.910732530211839419e-01
2.709859907630000064e-01,5.847005923023942398e-01
1.994680017229999991e-01,4.188368597428610007e-01
1.327169984580000017e-01,4.992997139331359913e-01
4.732620120049999546e-01,5.368931939225807248e-01
6.585559844969999244e-01,5.020434383186220817e-01
9.621880054470001165e-01,5.319143325005224465e-01
5.111979842189999790e-01,8.615121589417966685e-01
9.829789996150001263e-01,7.778808712832379069e-01
9.100099802019999684e-01,8.103335637052867524e-01
1.026576042179999870e+00,8.329216800667151865e-01
8.309389948840000262e-01,9.446580114983209597e-01
9.651920199390001676e-01,8.972382621115415624e-01
1.000543951989999902e+00,9.262771708021886319e-01
1.983185052870000131e+00,1.031064723390041404e+00
1.274855017659999978e+00,1.462074942254603105e+00
1.286525964740000028e+00,1.131237633342509596e+00
1.382244944570000245e+00,1.126401867050855987e+00
1.736924052240000016e+00,1.240760053769959903e+00
1.257668018339999971e+00,1.344074934178005609e+00
7.533379793170000838e-01,1.206955640429989041e+00
1.084908962249999886e+00,8.798178622446034547e-01
1.062494039539999990e+00,1.007024367479164351e+00
7.787629961969999570e-01,1.009241341966657712e+00
8.256469964979999965e-01,8.875295699913444691e-01
9.891830086709999525e-01,8.695609065045531993e-01
1.418092012410000047e+00,9.220899956002858167e-01
1.151677966120000063e+00,1.123496702611256115e+00
1.250364065170000094e+00,1.094817398283119525e+00
8.794019818310000458e-01,1.137224970549865821e+00
1.089423060420000144e+00,9.796530809757368896e-01
1.809062957759999701e+00,9.784734463425730500e-01
8.687390089040000207e-01,1.324766132865619950e+00
8.521729707719999380e-01,1.049993929812503834e+00
1.307837963100000112e+00,8.297959870663899062e-01
1.262575984000000151e+00,1.139582741300263269e+00
7.601559758189999627e-01,1.111836496540772767e+00
1.069887042049999959e+00,9.237952857593328959e-01
8.579840064049999437e-01,9.718310207524822886e-01
1.149323940279999956e+00,7.955502633401505541e-01
1.067142963410000034e+00,9.796711803349589243e-01
7.400619983670000401e-01,1.067143424343447888e+00
6.799880266190000411e-01,9.039111594168577346e-01
7.323921322820000634e-01,7.693162092319550949e-01
8.352749943730000126e-01,8.288339833979146976e-01
6.000829935070000065e-01,7.736273454850600695e-01
1.010563969610000168e+00,7.865074182139133452e-01
7.613970041280000434e-01,8.359355587726691184e-01
7.260069847110000030e-01,8.134916851217618428e-01
1.064324021340000037e+00,7.556924141954695084e-01
5.901079773899998715e-01,9.176336633619219807e-01
7.744659781460000447e-01,8.081869023226790905e-01
7.406870126719998781e-01,6.650350773180179198e-01
8.908360004430001533e-01,8.049207432080852653e-01
7.620100975040000613e-01,8.484453153933952940e-01
7.774500250820000069e-01,8.646212253820843019e-01
5.811070203779999943e-01,6.908725606760930393e-01
7.908779978749999051e-01,7.039974066276886155e-01
8.903719782829999652e-01,8.066122042600853970e-01
7.882059812549999656e-01,8.498478859294954502e-01
7.301949858670000459e-01,8.636734654420283874e-01
9.248933196070000529e-01,7.944391556242597074e-01
1.265586972239999941e+00,8.802774347643236297e-01
7.884140014650000694e-01,9.813630553915299037e-01
9.180610179899999501e-01,9.276191707255717622e-01
6.569269895549999516e-01,8.901446913068653544e-01
8.252680301670000107e-01,7.985327322840329867e-01
4.257229864599999525e-01,7.643522828774933497e-01
9.114630222319999309e-01,6.690855299917238819e-01
7.238519787790000937e-01,7.216237604323229027e-01
9.657319784160000031e-01,8.178930495846175042e-01
7.194200158119999911e-01,8.107811866605734163e-01
7.146480083470000411e-01,7.799862334255557306e-01
6.188799738879999790e-01,7.251795890733793160e-01
8.502969741820000094e-01,8.174869535242599294e-01
6.113014817240000065e-01,7.736783635675420490e-01
8.405809998509999881e-01,8.228451515643525616e-01
5.909900069240000553e-01,7.108777025602081023e-01
1.191807866100000002e+00,7.408180188385257159e-01
1.072478055950000009e+00,9.348169161006812944e-01
7.976800203319999172e-01,8.856592262451853381e-01
7.140370011329999489e-01,8.543223129010703021e-01
8.885610103609999921e-01,7.635020203155361562e-01
7.367290258409999737e-01,9.397161057085988700e-01
9.655410051350000744e-01,8.273115292574311219e-01
8.569459915160000385e-01,8.710124935830049209e-01
5.838339924809999859e-01,8.595937364563178695e-01
3.047562122340000457e+00,7.719706388898827099e-01
8.865389823909999301e-01,2.825170046397734058e+00
1.186460971829999878e+00,1.006039329783014136e+00
8.750730156899999557e-01,8.707737144643504790e-01
1.111973047260000014e+00,7.930133174541958985e-01
6.929270029070000447e-01,1.463746485445507561e+00
5.632749795910000357e-01,8.257443990904688169e-01
5.519689917560000048e-01,5.613546144430747731e-01
9.211350083349998386e-01,6.303744810456118897e-01
5.465030074119999748e-01,8.413409395123214729e-01
9.997850060459999577e-01,7.549586389320397384e-01
7.512239813800000166e-01,8.044599736769395548e-01
8.402569890019999654e-01,7.590768361103601425e-01
7.843149900439999600e-01,8.085323799714355664e-01
5.915480256080000165e-01,8.098375086189635308e-01
6.109840273859999948e-01,7.287354853769104635e-01
9.328789710999999540e-01,7.242146596975752582e-01
7.992020249369999885e-01,8.099097444070425533e-01
9.833549857140000405e-01,7.882913292381376058e-01
5.405290126799999761e-01,8.845361395795996451e-01
1.093670010570000128e+00,8.430617809962887010e-01
9.266330003740002041e-01,8.415455422737484481e-01
7.972419857979999858e-01,9.089817215959635766e-01
5.896059870719999596e-01,8.781375102471702387e-01
7.799540162090000672e-01,8.107632904324810763e-01
5.182790160179999717e-01,7.591883841289556178e-01
7.263879776000000676e-01,6.984236631497608982e-01
6.216366887090000182e-01,6.904543386525415771e-01
8.810679912569999717e-01,7.639513900800214419e-01
7.315016984940000411e-01,7.481091047696711849e-01
9.703850150110000516e-01,7.722566939759060167e-01
8.715350031849999901e-01,8.598161881668746620e-01
5.505740046500000595e-01,9.039148404621671906e-01
2.576299905780000121e-01,7.462855243239102654e-01
6.952109932899999123e-01,6.214350762893874336e-01
3.547430038449999601e-01,5.322050116050396351e-01
1.308350920679999918e+00,5.290598468315537151e-01
1.424710035319999957e+00,9.349788282049047439e-01
2.422243118290000385e+00,1.194292998597711319e+00
1.588093161580000023e+00,1.758985897494627526e+00
2.882889986040000352e+00,1.367657614616343276e+00
1.510810017590000109e+00,2.112373006751117721e+00
5.103110075000000245e-01,1.401328951441686899e+00
6.637499928469999810e-01,7.942823115548519608e-01
5.865659713749999948e-01,6.472665603699927495e-01
9.182999730109998593e-01,8.962675531800651241e-01
1.126363039020000123e+00,7.756549997914501393e-01
9.455379843710000065e-01,9.807208638349597107e-01
7.979699969290000583e-01,9.472548074550107833e-01
8.895260095600000527e-01,8.058878798450697101e-01
5.017459988589999531e-01,8.299594983866488418e-01
7.889080047609999813e-01,6.668772640676040586e-01
5.571460127830000220e-01,6.697308388289910930e-01
8.079270124439998924e-01,8.197346661965142500e-01
7.382910251620000697e-01,7.187772873615394520e-01
6.742079854009999096e-01,7.810428329508456446e-01
8.787713646889999675e-01,7.493839123177871153e-01
7.401880025859999268e-01,8.310903616899514290e-01
8.886500000949999478e-01,7.778694329309632227e-01
7.983270287510000340e-01,8.368367211284734042e-01
5.137799978260000344e-01,8.288474250696790113e-01
7.760372757910000141e-01,6.861939384082748061e-01
8.528280258179999906e-01,7.165590177427476615e-01
7.851629853249999513e-01,7.063234459201426230e-01
8.431609868999999646e-01,8.019318536854977975e-01
1.024798870089999925e+00,8.383718213685550369e-01
8.044279813770001120e-01,9.368404277181584527e-01
8.841310143469999216e-01,8.398730162097093332e-01
3.615649938579999501e-01,8.249420359174660655e-01
1.171491026879999842e+00,8.039151375324071758e-01
4.477910101410000343e-01,8.506848641977123870e-01
7.665730118750000432e-01,7.396014126685899193e-01
7.735599875449999940e-01,6.604561772085779658e-01
1.054823040959999902e+00,8.275270970050720987e-01
7.843300104139999673e-01,8.813306559711090449e-01
1.034250974660000155e+00,8.711424921695142265e-01
1.096979022029999973e+00,9.551178578816451603e-01
7.633029818529999400e-01,1.013744016880728349e+00
5.883730053899999257e-01,8.727878945748088757e-01
6.365630030629999547e-01,7.421591434189059866e-01
5.750700235369999858e-01,7.444568870878505162e-01
5.399640202519999654e-01,7.029213616934639752e-01
1.324671149250000068e+00,6.750657440770475581e-01
8.178460001949999780e-01,9.932712360296794829e-01
6.359609961509999909e-01,8.635483132373998894e-01
8.135920166969999867e-01,6.620665227224989957e-01
9.872140288350000903e-01,7.909710472152248206e-01
9.839289784429998686e-01,9.474729343958931960e-01
5.904790163040000150e-01,9.508261553247057130e-01
8.986790180209999201e-01,7.902413499750485792e-01
6.268000006680000125e-01,8.195463169271183235e-01
6.926850080490000172e-01,8.176580341513662864e-01
5.757049918169999669e-01,7.184286537915731685e-01
6.764680147170000213e-01,7.043751195836817081e-01
8.279470205309999997e-01,7.379931779477771903e-01
6.547859907149999881e-01,7.529527462145071404e-01
1.085815548900000094e+00,7.856159434371861039e-01
8.509550094600001335e-01,9.065535698569967549e-01
8.879359960559999321e-01,8.913503842776901998e-01
6.557850241659999302e-01,8.898016552941580004e-01
6.597809791559999804e-01,7.807632082170856691e-01
8.856279850010000398e-01,7.271419737991071663e-01
7.502999901769999980e-01,8.043757566205087528e-01
9.303160309790000637e-01,8.175910891538530345e-01
7.259460091590000941e-01,8.922118243155808814e-01
7.123904824259998936e-01,7.766978143158418391e-01
9.326570034029998402e-01,7.559171809960513189e-01
6.544970273969999974e-01,8.158216120298883434e-01
4.987269937989999846e-01,7.128966202322993828e-01
9.782410264020000579e-01,6.256837904015741803e-01
5.593240261080000275e-01,8.346438844203448726e-01
8.733990192409999409e-01,7.682450921942844957e-01
6.232500076290000690e-01,7.537800657835187490e-01
6.319249868390000024e-01,7.765651718712092144e-01
8.335350155830000274e-01,7.449524351020121449e-01
8.613430261610000027e-01,7.361547773871597311e-01
1.036013007159999999e+00,8.416974234746049666e-01
6.160370111469999355e-01,8.695387514657914041e-01
9.874529838560001105e-01,7.858241712134836909e-01
6.686739921569999634e-01,8.242636550333347634e-01
6.455339789389999972e-01,8.854792433193029444e-01
1.007030010220000049e+00,6.719749195707708234e-01
7.763000130650000719e-01,8.559834683689601098e-01
9.358490109440000815e-01,8.191867314803911171e-01
6.626719832419999401e-01,8.876068864990358520e-01
1.113351941109999910e+00,8.610953223641329979e-01
5.495319962500000432e-01,9.262757038965260259e-01
9.273632764820001206e-01,8.354322250544548023e-01
8.215330243109999486e-01,8.458992443269707229e-01
9.193540215490000334e-01,6.818429512389947433e-01
6.899859905239998925e-01,8.144656477875349410e-01
6.497738957409999738e-01,8.373165012235208593e-01
9.705049991610000815e-01,8.818888538551026279e-01
8.034440279009998909e-01,7.632157469883620315e-01
8.920990228650002019e-01,8.609842592838916620e-01
7.462270259859999921e-01,9.055353309764235803e-01
1.495407462120000197e+00,8.431621517746914485e-01
7.597569823270000633e-01,1.097912981596771642e+00
9.677280187610000084e-01,6.707297145144521799e-01
1.126011013979999920e+00,7.260695409446837889e-01
7.641419768330000029e-01,9.991431467030114089e-01
1.423818945879999909e+00,8.413707304401956133e-01
8.309190273280000483e-01,1.096976243530755069e+00
5.316870212550000030e-01,8.913342350703173933e-01
6.942920088770000442e-01,6.308727942824656765e-01
1.097100019450000019e+00,6.689479047245282528e-01
8.623710274700000511e-01,1.004329424909164548e+00
9.711959958080000899e-01,8.977139482320746211e-01
7.501904964450000213e-01,8.951810146525681633e-01
5.659890174870000346e-01,8.687070510514561805e-01
7.235890030859999378e-01,8.152957910930300756e-01
1.088876962660000114e+00,7.230310533602920531e-01
2.614549994470000138e-01,9.485500733050201694e-01
1.923168003559999895e-01,7.709313493890936897e-01
2.048390060660000012e-01,4.216913775920737018e-01
3.752999901769999980e-01,4.270286551941969155e-01
1.878910064700000104e-01,5.002801384742483481e-01
4.178839921949999980e-01,4.879772468780275152e-01
6.128349900249999704e-01,4.329911461982562937e-01
4.822100102900000462e-01,6.570942624841045188e-01
8.136649727820000066e-01,6.080688766058592876e-01
8.997989892959999958e-01,7.233206571150506692e-01
7.667459845540000041e-01,8.901605473139480029e-01
6.762999892229999421e-01,8.180986664015611476e-01
9.804093837739999984e-01,7.152969177741580475e-01
1.075533032420000090e+00,8.913628858681323930e-01
6.459739804270000496e-01,8.661962915911902705e-01
7.601699829100000416e-01,8.371777886742032271e-01
8.707180023190000950e-01,7.440539703015811579e-01
1.045557022089999899e+00,8.555567325056118166e-01
4.832339882850000268e-01,9.152154983991827031e-01
1.085988998409999962e+00,7.722929179444582015e-01
7.320979833600000930e-01,8.514054757262538020e-01
7.128990292550000385e-01,8.738691773725437706e-01
1.045389056210000112e+00,7.543351888185581000e-01
7.359200119969999676e-01,9.613383775061686842e-01
8.956930041310000590e-01,8.461189915003490825e-01
8.745509982110000191e-01,8.604742992094092102e-01
9.237470030779999508e-01,8.882462565102209329e-01
9.997780323029999971e-01,9.186570350269327445e-01
1.739534020420000049e+00,9.270268629584331732e-01
8.107889890670000321e-01,1.250094890182859464e+00
7.049050331119999235e-01,9.218660204450087603e-01
8.328269720080000438e-01,6.321424143429585918e-01
8.276600241660000412e-01,8.230493820408846251e-01
8.953109979629999549e-01,9.512273903436523348e-01
1.459501028060000039e+00,8.852097720644765966e-01
1.179519057270000060e+00,1.130167925799525408e+00
1.443411946299999915e+00,1.078808390387093752e+00
1.306735038760000078e+00,1.241592708689406521e+00
7.634999752040000365e-01,1.223335832714606441e+00
1.145148038860000161e+00,9.070227232120032790e-01
7.253450155259999477e-01,9.582934003275089818e-01
7.633590102199999672e-01,9.680281292925810854e-01
6.174820065499999622e-01,8.336309411501080513e-01
1.029322981830000039e+00,6.960569947023783621e-01
1.302055954929999926e+00,8.464600069602630228e-01
3.164124965670000122e+00,1.082772229719374035e+00
9.734439849849999549e-01,2.321413226246351158e+00
1.229671001429999855e+00,1.146025686490711681e+00
7.441530227660000385e-01,1.006388477289076766e+00
1.063034057620000139e+00,9.592993521741287610e-01
1.123872041700000102e+00,1.082595676994364542e+00
8.984770178789999173e-01,1.010097875395718159e+00
7.175139784810000698e-01,9.459222750740479135e-01
5.367509722709999931e-01,7.855503962345073976e-01
1.175443053249999981e+00,7.196861161348993008e-01
1.101048946379999949e+00,8.927509347163320452e-01
5.734490156170000130e-01,1.056098945696252178e+00
1.431144952770000200e+00,8.306386749737341146e-01
1.037794947620000130e+00,1.077764590478765383e+00
6.568620204930000206e-01,1.015690905945446421e+00
1.074908018110000141e+00,7.694425498741459535e-01
1.385972023009999887e+00,9.661673136774764359e-01
1.004804968829999812e+00,1.174313713444369967e+00
1.609539985660000116e+00,1.021027696469786417e+00
2.817575931549999524e+00,1.269449257167416301e+00
1.962562561039999931e+00,1.975571346853182808e+00
1.279752016069999998e+00,1.568844921159330497e+00
1.995329976079999845e+00,1.223375860352474698e+00
2.033385992049999924e+00,1.619675827425024695e+00
1.307443976400000096e+00,1.671280249152846231e+00
1.611258029939999892e+00,1.316897935027311117e+00
2.040218114850000042e+00,1.325286085320827034e+00
2.183244943620000100e+00,1.564478332587955878e+00
1.351415991779999937e+00,1.686580415958837120e+00
7.242180109020001089e-01,1.308092055566907552e+00
1.363389015200000109e+00,9.737634363625284895e-01
1.526808977129999967e+00,1.088050369470768164e+00
1.784019589419999940e+00,1.288220509479666598e+00
1.103597044940000105e+00,1.457848353652211770e+00
1.763007998470000004e+00,1.057291093632627410e+00
1.157549023629999896e+00,1.406663638098210489e+00
1.153326034550000045e+00,1.145873557369574192e+00
2.362811088559999551e+00,1.045128847053778509e+00
2.580787897110000007e+00,1.748102976337637893e+00
1.242146968839999976e+00,1.842578922894761995e+00
1.712821006770000265e+00,1.247147430998322370e+00
6.676509976389999323e-01,1.387410450576905374e+00
8.271329998970000652e-01,1.008219973141581516e+00
9.642647504810000214e-01,9.899718389534715168e-01
1.394161701200000048e+00,9.529397528500228587e-01
7.584049701689999923e-01,1.075804029888472346e+00
6.900759935379999765e-01,8.732280107704689653e-01
6.740249991419999809e-01,7.123409533220728118e-01
8.615220189090000424e-01,7.441687237033740576e-01
7.907469868659999790e-01,8.169947375781808629e-01
7.285000085830000138e-01,7.640406006448584586e-01
2.411980032920000017e-01,8.050447900059938267e-01
3.354600071909999981e-01,8.027657587468731704e-01
5.912460088730000507e-01,5.167522435664443359e-01
1.058426976200000036e+00,5.899641744283218303e-01
7.669919729230000316e-01,7.915165558122152500e-01
5.881239771840000019e-01,8.749299776532761808e-01
5.922303199769999305e-01,7.347380741469041743e-01
8.753510117530000079e-01,7.716571576266015864e-01
7.038279771799998974e-01,7.248757725981996858e-01
5.677499771120000371e-01,8.370537253050029936e-01
7.133870124819999825e-01,6.748749432349632205e-01
1.077505946160000061e+00,6.994770905878299194e-01
6.909419894220000247e-01,8.758172408078754856e-01
7.724580168719999973e-01,7.380661477279850669e-01
7.237120270730000859e-01,7.169716897996327720e-01
9.752489924429997847e-01,8.596396104775523295e-01
9.151769876480000399e-01,8.635946972081262052e-01
7.574009895319999686e-01,9.323188865830315253e-01
6.912069916730000374e-01,8.567344353456507466e-01
1.183527946470000147e+00,7.790871826540447520e-01
7.705749869349999281e-01,9.386478533988746875e-01
8.947700262070000798e-01,8.418185386425987016e-01
6.143350005150000070e-01,8.291952537121185518e-01
7.692319750789999855e-01,6.908849502637853801e-01
9.070749878880000061e-01,7.039908801319005871e-01
4.068099856379999713e-01,8.710826862420651961e-01
5.138880014419999753e-01,5.973470064772572474e-01
2.481469959019999838e-01,4.360062073271508409e-01
2.568759918210000159e-01,6.286773096730965404e-01
5.980659723279999618e-01,5.816787747189475777e-01
5.981699824330000137e-01,5.243250049282964786e-01
8.801140189170000294e-01,6.643236291793439552e-01
1.085649013520000095e+00,7.798162469816433129e-01
9.920129775999999566e-01,9.686823467371148411e-01
8.743849992749999078e-01,9.843206410239184745e-01
8.770260214810000621e-01,8.455507630100865812e-01
1.008928894999999937e+00,8.709965404522967969e-01
8.088759779930000393e-01,1.000062515147296605e+00
6.714209914210000907e-01,6.563833914100265510e-01
7.449629902840000373e-01,6.766016665360875537e-01
6.942679882050000195e-01,7.150027113968117076e-01
1.001886010170000008e+00,8.320123995944646023e-01
7.935580015180000446e-01,8.530175757723090779e-01
8.450049161910000439e-01,8.152414352055659119e-01
8.031240105629999793e-01,8.537352594121112581e-01
5.744469761850000689e-01,7.685634396998077822e-01
5.679720044139999757e-01,6.735534397986512323e-01
4.538080096239999195e-01,5.766802205570257245e-01
8.494881391529999215e-01,7.150576179168299795e-01
4.064599871639999473e-01,7.051258824249219126e-01
2.453519999980000310e-01,7.044350715816662944e-01
2.323218107220000217e+00,4.968924268438992264e-01
2.027115583420000089e+00,2.167403859948823008e+00
1.581117987629999888e+00,1.764132655504831781e+00
1.727049946780000012e+00,1.429801718497793139e+00
1.150642037389999928e+00,1.553655564564356384e+00
1.607933998109999818e+00,1.096061329534615547e+00
1.331233978270000007e+00,1.347384523841912207e+00
1.221642017359999999e+00,1.280737626764215431e+00
1.583541989330000010e+00,1.077920000618783680e+00
1.608662128450000006e+00,1.309358502871708740e+00
2.185653924939999992e+00,1.397146605627331617e+00
2.989559888840000124e+00,1.811620549485626563e+00
7.574499845500000106e-01,2.501820136854149279e+00
1.811344027520000122e+00,1.053787491977475455e+00
1.527951955800000094e+00,1.418427173372352579e+00
8.892235755919999374e-01,1.472528400420308747e+00
