1.176299691200000108e+00,9.309566154165236362e-01
1.714609026910000056e+00,1.063421435642881496e+00
1.307337045669999975e+00,1.305459975748822110e+00
6.186890006069999393e-01,1.254842817926407506e+00
2.298435926440000276e+00,1.019130218861824089e+00
1.808241009709999902e+00,1.142849238564150438e+00
8.794149756429999742e-01,1.804759007012521455e+00
1.570945024490000064e+00,1.107391916282082001e+00
1.578516006470000121e+00,1.623161240486575174e+00
6.200309991839999535e-01,1.430644953267452113e+00
9.928810000419999726e-01,3.573854745022772561e-01
4.551869928839999413e-01,1.020267715779307416e+00
1.017398953439999865e+00,1.022787468009560996e+00
8.378469943999999892e-01,6.687072010835786173e-01
4.884769916529999589e-01,9.887044646461228270e-01
1.246340990070000210e+00,5.235935146042796084e-01
1.209630966189999990e+00,8.878106732192070361e-01
1.252451062200000020e+00,1.009456442225613371e+00
1.519726991650000025e+00,1.186039677477946919e+00
1.063797950739999942e+00,1.454030438059874086e+00
1.571495056150000069e+00,1.173198009756690530e+00
1.278105020519999968e+00,1.228671288425677410e+00
1.192077994349999948e+00,1.186004810253023845e+00
8.304439187050000060e-01,1.183643838814870675e+00
1.402015686039999931e+00,1.158891283677133233e+00
1.156504034999999986e+00,1.012913905878191745e+00
1.162554860120000200e+00,1.045478888679765905e+00
6.007519960399999581e-01,1.056837508882670029e+00
1.253835797310000055e+00,8.703182256224355484e-01
1.791844010350000183e+00,9.368168488497274904e-01
1.734062552449999961e+00,1.412597116808741671e+00
4.939970970150000085e+00,1.873951612776094233e+00
2.394351005549999911e+00,2.561564557652328489e+00
2.212575912479999740e+00,2.147013517576501496e+00
1.886527061460000043e+00,1.451770946648128113e+00
9.343829751010001017e-01,2.496417449437836833e+00
9.099829792980000942e-01,1.340187890500101897e+00
8.112999796870000724e-01,1.412531191828082955e+00
1.049708962440000004e+00,1.309345475592034624e+00
1.351788043980000076e+00,4.250230231979978401e-01
1.277305960659999906e+00,3.673712572467906501e-01
7.854449748989998925e-01,1.567447171619371415e+00
4.846229851250000165e-01,1.588647661286377799e+00
6.676359772680000582e-01,9.226529778646958002e-01
8.322510123249999836e-01,2.060548401278145814e-01
5.959370136259999340e-01,9.097457026185461482e-01
3.410890102390000123e-01,8.822019705709566173e-01
6.860110163689999707e-01,6.461847197899738271e-01
8.153510093690000682e-01,5.683804914726350299e-01
3.985430002210000322e-01,8.045554119505385904e-01
6.998159885410000225e-01,6.584038567548643472e-01
4.263690114019999533e-01,7.055599001833960937e-01
6.866139769550000382e-01,4.820706708272446406e-01
1.826770007609999913e-01,6.485373315596326682e-01
7.018824815749999946e-01,5.494360012039526397e-01
1.796682000159999681e+00,6.844571868921982549e-01
7.204269766809999753e-01,1.193987711662994666e+00
4.680640101429999755e-01,4.939537279549402471e-01
6.408870220180000743e-01,3.975956915977994499e-01
7.520520091060001189e-01,5.041915705773498679e-01
1.001817584040000098e+00,3.052219896455648507e-01
1.660804033279999814e+00,6.053598025136375238e-01
1.450595021250000061e+00,1.082670471809374702e+00
1.085010051729999869e+00,7.610072532981911886e-01
1.099555015560000015e+00,6.140878255147949050e-01
7.694180011750000325e-01,5.927841627239643918e-01
1.254430413249999932e+00,5.438523775611856514e-01
1.496320962910000052e+00,1.598707993226516022e+00
7.186369895940000196e-01,1.421600321049390603e+00
8.902019858359999649e-01,8.464604724693708393e-01
9.891759753229999452e-01,6.949125925326408160e-01
2.849014520649999938e+00,8.567786843097746630e-01
4.281075000759999583e+00,1.997108259589638335e+00
1.248739004139999942e+00,2.741420232755182873e+00
7.096589803699999699e-01,2.669024657044464455e+00
7.497439980509998936e-01,3.303859076719550814e-02
8.907449841499999188e-01,3.081259691707980419e-01
1.469527959819999952e+00,1.169518221249595147e+00
1.608888030049999918e+00,1.092983392720351610e+00
1.043460965159999976e+00,1.138297293250329245e+00
1.184751033780000018e+00,-9.032363442180100233e-01
5.063725113870000127e-01,-2.627410835319624050e-01
6.946156024930000283e-01,1.719049548129198302e+00
9.299110174179998634e-01,4.061280560287510166e-01
7.754629850390000190e-01,3.585614893859881969e-01
8.564696311949999696e-01,6.319664051411395533e-01
9.269009828569999554e-01,1.009958022335280869e+00
7.506660223010001021e-01,6.595393960284596790e-01
9.248849749570000611e-01,6.484742636808642491e-01
1.070162653919999984e+00,8.218331007218733220e-01
8.752880096439998869e-01,1.012131589053134384e+00
7.511039972310000756e-01,8.000585452120512198e-01
8.627579808239999037e-01,6.895679072627913797e-01
5.096570253369999692e-01,7.226475387697175456e-01
8.495249748229999343e-01,6.915793599030054528e-01
6.711369752879999817e-01,8.111414550825208902e-01
6.132180094720000030e-01,7.356822725057605705e-01
3.810549974440000098e-01,6.581624316451161194e-01
8.710420131680000067e-01,5.306115092146718171e-01
6.540319919589999698e-01,6.026034399194141189e-01
9.089673757550000843e-01,7.007391227453955151e-01
9.709029793739999414e-01,8.167977231863188248e-01
9.856920242310001079e-01,8.683278837906346359e-01
1.356256246570000101e+00,7.695126868983599433e-01
1.309872984889999925e+00,9.788347119839406751e-01
6.344919800760000506e-01,9.836903566468643278e-01
5.933508276940000492e-01,6.554819938881683017e-01
8.796380162239999523e-01,5.748360073756563215e-01
1.131836414339999930e+00,9.154408061443374267e-01
1.841274023059999765e+00,1.082234605043188802e+00
2.261745929719999992e+00,1.327253472785992594e+00
2.597975969309999744e+00,1.796989912060690697e+00
2.399192094800000064e+00,1.993689684268347362e+00
1.982298016549999931e+00,1.716615826411425516e+00
2.269547939300000206e+00,1.574853890814755797e+00
2.017889976500000238e+00,2.047194049369712054e+00
1.452262043950000026e+00,1.278653799263338664e+00
1.342797994609999934e+00,1.327008555662822609e+00
1.311915040020000145e+00,1.274372484989702015e+00
1.276762008670000226e+00,1.293164120307241927e+00
1.275267004970000118e+00,1.643784013569461466e+00
1.210446000100000141e+00,1.542997310554145463e+00
8.153480291369999966e-01,1.844162198642562922e+00
7.271119952200000291e-01,1.101658665155123007e+00
6.043019890790000126e-01,9.714161411066400964e-01
9.830358624459999417e-01,6.323081991821154491e-01
1.101529002189999940e+00,7.594038900446716811e-01
1.183724999429999869e+00,8.618751191709153048e-01
4.356400072569999726e-01,1.082884966088339951e+00
3.270040154459999959e-01,5.845948621570512538e-01
8.039849996569999879e-01,6.900164193503073307e-01
4.216859936710000145e-01,5.113117330349749023e-01
5.734559893609999515e-01,7.562211843572308467e-01
3.959457874300000291e-01,8.773130459619379318e-01
4.163750112060000119e-01,7.054186852769929184e-01
5.603970289230000290e-01,4.185785124281843905e-01
7.749050259590000156e-01,6.929913502391549240e-01
6.370840072629999629e-01,8.379131347081412162e-01
3.839260041709999793e-01,6.855723031782058330e-01
5.648739933969999516e-01,5.015972162421772351e-01
1.054715037350000051e+00,6.985223820434188768e-01
6.537709832190000681e-01,8.942094703587722959e-01
5.931029915809999942e-01,7.189656868001456091e-01
1.022608995439999946e+00,6.822379594533908298e-01
8.359869718549999273e-01,8.029242713175280821e-01
6.375340223309999832e-01,7.769022634824013229e-01
9.755985140799999789e-01,7.790238732732829297e-01
4.898079931740000337e-01,8.539907348668728249e-01
1.098647952079999879e+00,6.867475773317970322e-01
1.151165962220000116e+00,9.972649768216252930e-01
8.061249852179999120e-01,1.036962767402154872e+00
4.744769930839999872e-01,8.866983082165013075e-01
7.896029949189999897e-01,7.243964554917702303e-01
4.762530028819999539e-01,7.576850258017636675e-01
5.455229878430000179e-01,7.247243343883535971e-01
6.212809681889999158e-01,7.337731993499564398e-01
7.707700133319999036e-01,8.278811092404370076e-01
9.337069988249999675e-01,7.027896753540742170e-01
8.110550045970000843e-01,8.683639679293259084e-01
6.005529761310000048e-01,8.263330361994283280e-01
1.002521038060000036e+00,6.696327962775157072e-01
8.921650052069998171e-01,7.911264510628994717e-01
9.160850048070000584e-01,7.558515600274695601e-01
7.413420081139999729e-01,8.356760239278711033e-01
9.283249974250000758e-01,8.625417233694069319e-01
6.429409980770000033e-01,8.912305183635602646e-01
9.950090050700001187e-01,7.245664530542557102e-01
6.271365880970000140e-01,9.704901755476430525e-01
1.038689017300000073e+00,8.182801887024342413e-01
6.888009905820000611e-01,8.763235892498185686e-01
5.214130282399999095e-01,7.606582635931946612e-01
6.510270237919999481e-01,7.306544609992864370e-01
1.159701943399999990e+00,7.060664008574306649e-01
6.456400156020000169e-01,8.788658279301364562e-01
1.195862650870000099e+00,8.837811542769952178e-01
1.304703950880000018e+00,9.291194989009249339e-01
8.844429850579998975e-01,1.020548029220343045e+00
7.697709798810000725e-01,6.744754252540492434e-01
7.702100276950000213e-01,8.163937078152828652e-01
6.418280005459999771e-01,6.799520663038048918e-01
8.937159776689999058e-01,9.728983949855783964e-01
5.247250199319999364e-01,8.281297829234999242e-01
5.142210125920000374e-01,8.273064084860900502e-01
7.172748446459999982e-01,6.545198383718915380e-01
6.410769820210000525e-01,7.872661889530533363e-01
4.689820110800000941e-01,4.724863108983480275e-01
1.203750014310000171e+00,4.640675427221914173e-01
7.911959886550000709e-01,8.325104608517732707e-01
1.136301159859999910e+00,7.821218182713052247e-01
8.642929792399999256e-01,8.274368298964625001e-01
8.814030289650001126e-01,7.103281916014820840e-01
5.817409753800000249e-01,7.056155078516725965e-01
8.651199936869999885e-01,7.552020984403209347e-01
9.078124761579999813e-01,8.554584915991814142e-01
7.377740144730000615e-01,9.478026172559198548e-01
1.120375037189999867e+00,9.024392994450952665e-01
9.422479867940000142e-01,1.022598370191844630e+00
1.060060024260000011e+00,8.749118105508461030e-01
7.158420085910000008e-01,9.910386110720817987e-01
4.040209949019999969e-01,8.637258862844352514e-01
2.920779883859999648e-01,7.222341584535960646e-01
6.317924261089999938e-01,6.627564927571751863e-01
1.124665260310000026e+00,7.622630553976593726e-01
1.115690946580000009e+00,1.044801279348066325e+00
1.247418999670000028e+00,9.859050338863646346e-01
6.976169943809999996e-01,1.093608833487902166e+00
3.693974971769999893e+00,8.037002390272732777e-01
8.204839825630000361e-01,3.581433743754582455e+00
8.573070168499999921e-01,4.442694138997774767e-01
6.902359724040000311e-01,1.141435872586349820e+00
8.385969996449998964e-01,8.604770439791584735e-01
1.287726998329999928e+00,7.142674472876714420e-01
9.632229804989999034e-01,1.288440061059164643e+00
1.343299984930000024e+00,1.651283376939110425e+00
7.316169738770000874e-01,7.098872984523407759e-01
6.809219717980000697e-01,9.723705718659535480e-01
7.014784216880000089e-01,1.347457257167564926e+00
6.698030233380000142e-01,8.209497271447627753e-01
1.365643024439999964e+00,3.624389470164716687e-01
9.781420230869999344e-01,1.355600949922818321e+00
6.786789894100000442e-01,9.819210698465181686e-01
5.976330041890000055e-01,7.680811730326253528e-01
8.193774819369999962e-01,6.219375013217970372e-01
7.911109924320000042e-01,6.359269303636249093e-01
1.044147372249999872e+00,7.878754923858519721e-01
1.400015950200000026e+00,9.061475531525072791e-01
8.748620152470000244e-01,1.096306202219015979e+00
6.228179931639999944e-01,7.873006858129165675e-01
7.164059877399998610e-01,6.778861170904939559e-01
6.523500084880000660e-01,7.253457011402454357e-01
9.379299879070001067e-01,7.634537790651769740e-01
5.936999917030000296e-01,1.011423927242290022e+00
5.393440127369999448e-01,8.199961958434517362e-01
9.370089769359999377e-01,7.159435608208103430e-01
8.087720274930000341e-01,7.436148042675875258e-01
5.654280185700000239e-01,7.934420263265701267e-01
6.020820140839999723e-01,7.262774867216119645e-01
1.146679997439999932e+00,7.091443461422193284e-01
9.824249744419999431e-01,8.642491062954587022e-01
5.671510100359999917e-01,8.595399674683651403e-01
7.866399884220000027e-01,8.197640298602005826e-01
7.388439774510000557e-01,7.720480473704229851e-01
6.810299754140000106e-01,7.488070578606488281e-01
7.086979746820000203e-01,7.706505541809031135e-01
6.642330288889999323e-01,8.634220811167442333e-01
5.124790072439999733e-01,8.357175048145777385e-01
6.040380001070000393e-01,6.947606370395010833e-01
6.728799939159999521e-01,6.984669331030252115e-01
8.265414834020000656e-01,7.419248284993502640e-01
4.546860158440000355e-01,7.607341884304702484e-01
5.594509840010000179e-01,6.438040660943525895e-01
1.332218050960000122e-01,6.010904457405056300e-01
1.633069962260000063e-01,5.063212225809603506e-01
1.797860413789999778e-01,6.224446369073628471e-01
5.747918486599999932e-01,6.082298142719502199e-01
8.508148789409999413e-01,4.970271759497161823e-01
8.527640104289999634e-01,8.795385166974689639e-01
1.687628030779999788e+00,7.362308360687386255e-01
2.149522066120000297e+00,1.083311520818734497e+00
8.122850060459999577e-01,1.855276377905945351e+00
1.239639997479999867e+00,7.216885578110969757e-01
2.128437280650000041e+00,1.559776223408408935e+00
2.139239072800000141e+00,1.842298468751947027e+00
9.779880046840000452e-01,1.075849617229427846e+00
6.937779784199998856e-01,1.053476022689895153e+00
7.218790054320000094e-01,8.942203167640973005e-01
7.631160020829999002e-01,5.077097740997487119e-01
8.565329909319999713e-01,6.899764728331344577e-01
1.109338045120000116e+00,1.129743024371550275e+00
6.476340293879999654e-01,1.099729327739613849e+00
9.241870045659998922e-01,7.971173175436527814e-01
7.877320051189998784e-01,7.720396347926341551e-01
1.305567026139999864e+00,7.340946233126388609e-01
9.107710123059999940e-01,1.103907521798720870e+00
8.699640035629999657e-01,1.044537791062608134e+00
5.743020176890000217e-01,8.495407457631074521e-01
8.599532246590000373e-01,7.834987826546487844e-01
4.775849878790000003e-01,8.429538560824169080e-01
1.108017444610000179e+00,7.775526774368467509e-01
1.290724992749999966e+00,9.116778971359457140e-01
8.591579794879999898e-01,9.630122404421729287e-01
3.058980107309999807e-01,7.716990047561321786e-01
9.039019942279999942e-01,6.271318183773347821e-01
6.352750062940000220e-01,7.611574627846200425e-01
1.023422956470000145e+00,6.873882559760969846e-01
6.730669736859999919e-01,1.051392666318769820e+00
8.504790067669999454e-01,9.973926469486957824e-01
5.141969919200000128e-01,7.831657715565214506e-01
1.527956604959999964e+00,6.614188928887675401e-01
4.094385623930000051e+00,1.129124091447194944e+00
9.952359795569999390e-01,2.719218275966257981e+00
8.670449852940000923e-01,1.243441499923028770e+00
1.141056060789999993e+00,5.786585451586888640e-01
1.622257947919999888e+00,9.403243117853897770e-01
1.980204939840000566e+00,2.036931815562644577e+00
1.375547051430000112e+00,1.208018939047294849e+00
1.851865053180000054e+00,1.894480630589536307e+00
1.420923948290000016e+00,-2.090224357888094131e-01
1.589177966120000285e+00,1.389164331107243466e+00
1.673199415210000041e+00,1.405063521125700987e+00
2.123934030530000072e+00,1.409933715844548408e+00
1.648401975629999905e+00,1.132830017145659118e+00
1.204741954800000014e+00,2.347878785612640851e+00
7.920839786529999538e-01,1.335412932510938067e+00
1.227027416229999890e+00,1.279857697345129219e+00
1.226951003070000157e+00,1.409137960058746808e+00
1.131343960759999989e+00,1.356113323528516768e+00
1.252465009690000075e+00,1.411937496637093670e+00
1.116891980170000132e+00,1.348214442077844577e+00
1.122387051579999850e+00,1.005476763838602627e+00
1.040153026579999862e+00,1.234094543997515947e+00
8.091310262680000420e-01,1.209305534356027501e+00
7.681059837340000751e-01,9.027429458849034472e-01
7.982919812199998910e-01,8.893435612927604872e-01
7.666722536090000428e-01,9.169706783881175216e-01
1.057360053060000027e+00,8.762162362917472747e-01
8.607699871060000563e-01,9.879839458767712967e-01
1.070777058600000053e+00,9.259929828839975618e-01
5.301510095600000527e-01,1.018610861229282349e+00
6.604189872739999467e-01,7.783852580914594199e-01
9.909179806709998983e-01,7.596988593602198581e-01
3.561530113220000016e-01,9.370959982862893112e-01
9.618239998820000691e-01,6.723035516336123285e-01
1.244829058649999931e+00,9.076111300505688151e-01
8.381230235100001202e-01,9.962037751064775071e-01
9.245989918709998090e-01,7.900956721919561998e-01
8.131660223010001021e-01,9.421483067960098046e-01
1.003061056139999963e+00,7.950125329083487236e-01
8.752340078350000496e-01,9.258504452452375189e-01
7.991399765009998823e-01,9.281374494900032079e-01
8.812961578369999938e-01,9.445954674745268287e-01
1.063080191609999892e+00,9.870341182260591317e-01
9.057049751279999672e-01,9.598670474443685707e-01
6.909559965129999926e-01,9.442458957672933417e-01
1.355970025060000195e+00,8.598799625933359891e-01
7.572399973869999856e-01,1.040554991027235587e+00
2.043754577640000125e+00,8.110732020929142250e-01
8.576130270960000690e-01,1.455955278185370183e+00
2.364957094190000220e+00,8.363694531385569286e-01
4.179231166840000178e+00,1.827314292068572987e+00
2.233561992649999883e+00,3.116254381995249734e+00
8.013390302660000630e-01,1.621274071778598280e+00
8.372840285299999463e-01,1.024255542197635371e+00
8.851529955859999133e-01,1.332932174430560446e+00
9.040349721909999303e-01,1.774564572231362991e+00
1.302939534190000082e+00,-3.190566321306993053e-02
7.228699922560000157e-01,4.951356157703150074e-01
8.009120225910000279e-01,6.250784615760598406e-01
1.032919287679999965e+00,2.968179302532149566e-01
1.321628212929999879e+00,1.152060958333512408e+00
9.367759823799999275e-01,1.072188029519560715e+00
7.007700204850000336e-01,1.248808724552236571e+00
7.624319791789999634e-01,8.429733796120020273e-01
1.144938945770000105e+00,8.023272428409998769e-01
7.721610069269999599e-01,1.075437559645662899e+00
8.772150278090000697e-01,9.471740019307131053e-01
1.243505001070000171e+00,9.019707347350514048e-01
6.381840109830000385e-01,1.056409313964153274e+00
7.468199729919999807e-01,4.960772424804155145e-01
6.839929819109999976e-01,7.825342462201299032e-01
1.419505119320000119e+00,5.011288631693104900e-01
6.141470074649999500e-01,1.305924730989678650e+00
7.347676754000000976e-01,8.086559880749533136e-01
6.770560145379999062e-01,7.174895174900481898e-01
1.074026942249999950e+00,6.201241939886193988e-01
6.156389713290000287e-01,7.549758582980279353e-01
9.692379832269999440e-01,8.457725987345832142e-01
9.916120171550001361e-01,8.393953356777853481e-01
8.089560270310000023e-01,9.962216584479403059e-01
2.435143947599999859e+00,9.313533822142447960e-01
8.223479986189999869e-01,1.491289956723323762e+00
5.938220024110000272e-01,8.253152730148751726e-01
5.762249827380000466e-01,4.786586562584431714e-01
4.224239885809999429e-01,5.702114705100984615e-01
6.765879988670000511e-01,7.270812318108481609e-01
5.520349740979999531e-01,8.117667371221887196e-01
9.015229940410001142e-01,9.521729778718107662e-01
7.489960193629999763e-01,8.133397833500921603e-01
8.627583980560000754e-01,6.518949553739258329e-01
9.480749964710000199e-01,6.636244697296536099e-01
1.055613875389999956e+00,7.158424511594627671e-01
1.970020055770000278e+00,1.180897476077263919e+00
9.391199946399999554e-01,1.308112265761219195e+00
1.009042978289999892e+00,9.985243238438095137e-01
7.824029922490001177e-01,9.324162241175149024e-01
1.016265034679999957e+00,9.228396418548757696e-01
8.782749772069999850e-01,8.706676915110804771e-01
7.353619933130000064e-01,9.587169052055550811e-01
1.109990954399999952e+00,8.484204972755557961e-01
7.727199792860000027e-01,9.701702330452001144e-01
1.164981961250000086e+00,9.061736903438760704e-01
7.157210111620000426e-01,1.090329991612775107e+00
1.475479006770000101e+00,7.413301809410640653e-01
8.354520201680000202e-01,1.160660041384536711e+00
7.344660162930000125e-01,9.205687749448621116e-01
7.861927747729999805e-01,7.967380108130402983e-01
1.143465042110000107e+00,1.002109933807106668e+00
9.246990084650000830e-01,7.567711764711543276e-01
2.958764553069999970e+00,1.105587550619635540e+00
2.138324022289999959e+00,1.587488471558244463e+00
2.038712024690000124e+00,1.381710945914313982e+00
1.480209946629999829e+00,2.428768419425260117e+00
9.367650747299998137e-01,1.847304481629182371e+00
1.715939760209999942e+00,9.981761277782270625e-01
1.001402020450000041e+00,1.592360041918742919e+00
8.896229863169999863e-01,1.177989792901432020e+00
7.492939829829999843e-01,1.035794318547524462e+00
1.115183949470000213e+00,1.016836548045980670e+00
9.457820057870001129e-01,1.060794330454556622e+00
6.452180147170000213e-01,9.674834461729400203e-01
1.164842009540000056e+00,8.493838167963063679e-01
1.244351029399999975e+00,8.248588245332189040e-01
9.045109748840000075e-01,1.086370577485469280e+00
5.575259923929999362e-01,9.859158273823953600e-01
5.778343677520000332e-01,7.748354148110878636e-01
7.199835777280000348e-01,4.711263303984647433e-01
7.607790231700000128e-01,6.950495217862082686e-01
5.404400229450000426e-01,7.837227476972883355e-01
8.009672760959999360e-01,6.585545424249416024e-01
7.710149884220000027e-01,6.082941519737810054e-01
6.709719896319999988e-01,5.601303452173128639e-01
2.768970489500000021e+00,6.590050121563455487e-01
3.086133003230000060e+00,1.750060690776688688e+00
1.116358041760000086e+00,1.924060100643409266e+00
1.018260955809999979e+00,1.583623447611914203e+00
7.442610263819999794e-01,1.214125465245319724e+00
1.114386796949999869e+00,8.458954472415887438e-02
1.380516409870000238e+00,1.175394750745433869e+00
1.229098439219999950e+00,1.547761792503044020e+00
1.573238968849999919e+00,1.169432190737114130e+00
1.245597958560000107e+00,8.346911174150587476e-01
8.298619985580000247e-01,1.583897147391166271e+00
5.376980304720000436e-01,1.287956893383902734e+00
8.593800067899999284e-01,7.257526265224661932e-01
7.949647903440000274e-01,7.519830440677175432e-01
8.122889995569999577e-01,9.064113588937311450e-01
1.209460973739999945e+00,7.409928841901008978e-01
1.043611049649999956e+00,1.063336463316285840e+00
9.914460182190000248e-01,8.630587529930009438e-01
1.377645969390000058e+00,1.074683708020922168e+00
7.495359778399999229e-01,1.154021512232639823e+00
7.549669742579999676e-01,7.467212676619872092e-01
8.522210121150000095e-01,8.245257076165030119e-01
1.312628030780000010e+00,8.281184603345265183e-01
9.499999880790001017e-01,1.153649030800988129e+00
8.433979749680000637e-01,1.018808477443375882e+00
6.329939961430000039e-01,8.766851713668509793e-01
6.848490238189999246e-01,6.642720265822085191e-01
8.296039700509999504e-01,6.711583299591658003e-01
1.117776036259999994e+00,9.424283556905741488e-01
1.060515046120000138e+00,8.993249525658495447e-01
9.966710209849999336e-01,9.566914845116540889e-01
6.726049780850000825e-01,7.833873027716246051e-01
8.499810099600000335e-01,7.748876362845310561e-01
7.929700016980000266e-01,6.611760392280741083e-01
7.509549856190000927e-01,7.695981354086038895e-01
9.556260704989999466e-01,9.588873260423946832e-01
6.085839867589999397e-01,9.592063161775408187e-01
7.782499790189999489e-01,7.542343874481459709e-01
5.098140239720000411e-01,8.016669348485261359e-01
6.364319920540000286e-01,6.154572767783522691e-01
6.015599966049999248e-01,6.805243332306154525e-01
6.556333899499999784e-01,7.090776275221465363e-01
6.385549902920000243e-01,6.543337034746541381e-01
8.762890100480000832e-01,6.788189079484515664e-01
7.967479825020000739e-01,7.042281732466523225e-01
6.824830174449999509e-01,8.098944359259013792e-01
8.025500178340000401e-01,6.623558106716781468e-01
7.950311899190000142e-01,7.460519650894877897e-01
1.584897041320000088e+00,7.057282046484649740e-01
1.017485976220000143e+00,1.060055822525153735e+00
9.177780151369999695e-01,9.785499012528920959e-01
1.230221033100000083e+00,8.485032474117920609e-01
1.027899026870000121e+00,8.830811114045257204e-01
9.125559926030000213e-01,7.944623291572482371e-01
7.935979962350000472e-01,1.059606463888929317e+00
1.030437946320000187e+00,8.421205346976844419e-01
5.325379967690000438e-01,9.781754621773524061e-01
6.127780079839999505e-01,6.971933005713885079e-01
8.741289973260000234e-01,7.206654507878226257e-01
3.667230010029999820e-01,7.834057152060300844e-01
7.391750216480000857e-01,5.755010772046141865e-01
5.604230165479999748e-01,7.582368168316921953e-01
7.758178114889999755e-01,5.557038478402027692e-01
8.102909922600001202e-01,7.206732284540801059e-01
6.437510252000000488e-01,7.810664894878213138e-01
7.236457467079999706e-01,6.537892139273346892e-01
9.113870263100001257e-01,6.260158555426188487e-01
6.627830266949999993e-01,6.870402186383973708e-01
1.002035975460000117e+00,6.572005406753107515e-01
8.224419951440000709e-01,7.923120954381672743e-01
1.030576944350000135e+00,6.607532410575727155e-01
6.781139969830000114e-01,7.201208025126203394e-01
5.333459973340000104e-01,5.996570800494716025e-01
3.209959864620000047e-01,6.123990666603257305e-01
7.608630061149999069e-01,6.025170390418732591e-01
7.439860105509998878e-01,8.131352360184492811e-01
5.468400120740000148e-01,8.881578110989041264e-01
7.004669904709999173e-01,8.193905960612519745e-01
8.356525897980000561e-01,6.293210462462918153e-01
1.274258971210000091e+00,6.398744928090144279e-01
8.934450149539999719e-01,9.096837458349574801e-01
6.211659908290000365e-01,7.999752659828722745e-01
7.900159955019999680e-01,6.064145492948845861e-01
1.067494988440000014e+00,6.320886785201945690e-01
6.698009967800000464e-01,6.238525532278536012e-01
1.265694975850000015e+00,6.593049020362606871e-01
6.380620002750000408e-01,9.892022352866030044e-01
9.348030090330000652e-01,7.984934882875823758e-01
8.006410002709999363e-01,7.389978863404044196e-01
1.085708975790000030e+00,7.914356000693115734e-01
3.527039885520000251e-01,7.521914537778420229e-01
5.883709788319999578e-01,6.281595285092105296e-01
4.875420033929999120e-01,5.166663123428526516e-01
4.636880159380000199e-01,7.008283807248268937e-01
3.637039959430000136e-01,5.536951993925849358e-01
8.750243186949999696e-01,8.355017936218441799e-01
6.435279846190000708e-01,6.305451556784930078e-01
4.834130108360000233e-01,6.836622247458106205e-01
2.120890021319999930e-01,5.814959118824377660e-01
4.560469985010000560e-01,4.973949484541780874e-01
4.367910027499999903e-01,4.738840157250449603e-01
7.238804101939999569e-01,4.751006120374600128e-01
5.560690164570000205e-01,7.333993422766535986e-01
4.748429954049999679e-01,7.649398953225968745e-01
2.674640119080000100e-01,5.146324261618685503e-01
9.588437080380001198e-01,5.041425765708570372e-01
7.868980169300000549e-01,6.885999317241450202e-01
1.794360995290000149e+00,6.851755363804846732e-01
1.337677955630000026e+00,1.279920659405308969e+00
1.210453987120000185e+00,1.124336593955289398e+00
5.654799938200000264e-01,1.046813313990517358e+00
4.008429944520000565e-01,6.391375192491453028e-01
2.727654874320000200e-01,7.787665753752540665e-01
5.836449861529999783e-01,8.751157758802521336e-01
8.533802628519999711e-01,6.359233854409088726e-01
8.660610318179999823e-01,1.032495265321986544e+00
1.158349990839999899e+00,7.047116054683856268e-01
7.764859795569999390e-01,1.095564890097016963e+00
1.068807005880000105e+00,8.494619638239413462e-01
5.888479948040000744e-01,9.471442669073341092e-01
1.588868498799999918e+00,6.847514683869209140e-01
4.327859878540000205e-01,1.020919664103286495e+00
3.996030092239999942e-01,5.597135787063580725e-01
5.545349717140000134e-01,3.857270787074392193e-01
6.221979856490000849e-01,6.288899942258845410e-01
1.149551987649999996e+00,4.989946609663929999e-01
1.121260046960000034e+00,1.117899225940202079e+00
9.776459932329999436e-01,1.055644774661970153e+00
1.732741951940000025e+00,8.754029675295427193e-01
2.302707910540000125e+00,9.183801290781421489e-01
1.053477048870000043e+00,7.896703872846241312e-01
7.962800264360000435e-01,8.917976530888267472e-01
5.203329920770000117e-01,1.012745760141005702e+00
6.104800105090000262e-01,6.620042284112624964e-01
4.453057944770000276e-01,9.977718478607197072e-01
6.522138714790000069e-01,6.882037998379550992e-01
1.175541162490000069e+00,6.595195021338146057e-01
1.032202124599999937e+00,8.426298395643152528e-01
7.193930149079998948e-01,8.690262335656875337e-01
8.200139999390000378e-01,9.348189409888462142e-01
9.497330188750000568e-01,6.533809658127572861e-01
1.039114952089999822e+00,5.779006195182894157e-01
5.883830189700000046e-01,8.664801854161822137e-01
9.508559703829998488e-01,8.521561050881047983e-01
5.277600288389999728e-01,8.093099998614089463e-01
7.736063003540000205e-01,6.434486214554552275e-01
9.703559875489998765e-01,8.369169056063554546e-01
1.383889913560000018e+00,8.370526708554489881e-01
7.795230150220000542e-01,1.096795454463118880e+00
6.069999933240000090e-01,7.265558954280539883e-01
4.660570025440000097e-01,5.717927176786136156e-01
9.455270171170000459e-01,2.493869701316628607e-01
6.238729953770000280e-01,7.803896208862414197e-01
3.923240005969999555e-01,8.689130076759524757e-01
5.156549811360000568e-01,6.579029644660223664e-01
9.679385423660000765e-01,5.397632298443330034e-01
1.356565952299999989e+00,7.716030802056229598e-01
9.072690010070000310e-01,1.082960732197732812e+00
8.162760138510000152e-01,9.793296784318246129e-01
2.479866981509999846e+00,7.474322627583702694e-01
1.133080005649999888e+00,1.911257479981323337e+00
1.045583963389999926e+00,7.171965058183880082e-01
8.474370241169999485e-01,1.220282731456548087e+00
1.536522984499999911e+00,1.045608251904253105e+00
9.008989930149998715e-01,1.161189081417929758e+00
4.812009930610000596e-01,9.559441407301083604e-01
8.572540283199999722e-01,8.152749407879706922e-01
8.617479801180000232e-01,9.291615088805743605e-01
1.008694052699999899e+00,8.376397523846547122e-01
1.127727031710000105e+00,1.013442152272170604e+00
7.795569896699999779e-01,1.171277719830501551e+00
9.895502924920001053e-01,7.831993689583820473e-01
8.363329768179998958e-01,1.019063976425399698e+00
9.099559783939998869e-01,6.754834002191626441e-01
5.511059761050000061e-01,9.693669641396123193e-01
1.239764332770000088e+00,8.173942754791987397e-01
1.211838960649999963e+00,1.012324390521449624e+00
1.379981994630000042e+00,1.065267388010622929e+00
1.148460984229999982e+00,1.213471823823923712e+00
7.663900256160000035e-01,1.061246969467025458e+00
9.660840034479999394e-01,7.647996856927847809e-01
8.156750202179999798e-01,1.052290007949567396e+00
1.142272949220000111e+00,9.527160917774791793e-01
1.299479961400000105e+00,1.117626584346835372e+00
8.583310246469999516e-01,1.123217721109388556e+00
7.149469852449999996e-01,9.670280029678748335e-01
8.764400482179999230e-01,7.483173294328975267e-01
8.305460214609999836e-01,8.550072282283635028e-01
8.535240292550000385e-01,7.740188127633443882e-01
9.092410206789999227e-01,9.710335539997828613e-01
5.202720165249999917e-01,9.296897552745533311e-01
7.411040067669999454e-01,7.471832716195416779e-01
5.853319764140000325e-01,7.536236025551078521e-01
5.047770142559999673e-01,7.102533778593861369e-01
5.519493222240000607e-01,7.055529690658468578e-01
9.697520136830000137e-01,7.074099794760906335e-01
1.116515994070000017e+00,7.494258849664158229e-01
1.049844980239999837e+00,1.004503761917000748e+00
6.342629790310000404e-01,9.497847581471090539e-01
5.644329786300000817e-01,8.296454754764160944e-01
9.184709787370000100e-01,6.766494152462568801e-01
9.593539834020000656e-01,9.050728595673209753e-01
5.984159708020000412e-01,9.110303931926850840e-01
9.383450150489999197e-01,7.789636624964050293e-01
4.542250037189999867e-01,7.646548729543712897e-01
7.079470157619999204e-01,6.008175925099618064e-01
3.876500129699999575e-01,7.613504229808181201e-01
4.484339952470000057e-01,6.876880929467178438e-01
8.405709862710000202e-01,6.621223219560702367e-01
5.337110161779999862e-01,8.263383271288552434e-01
7.211350202559999589e-01,6.129078953433080290e-01
5.215386152269999576e-01,8.122536084480495022e-01
7.050759792330000275e-01,6.739428402979402710e-01
6.405649781229999506e-01,6.743112477139333594e-01
5.168589949609999623e-01,7.196795919077134673e-01
1.660409450529999997e+00,6.860546772140537763e-01
2.465307950970000217e+00,1.182520997771899784e+00
1.622156023979999917e+00,1.677271999009553705e+00
1.866270065310000170e+00,1.348060105666462727e+00
3.623536109919999415e+00,1.860786880904033103e+00
7.948709726329999947e-01,2.478382258300456886e+00
9.065989851950000400e-01,-3.211069133186202906e-01
8.571879863740000660e-01,1.147235366149733427e+00
7.756379842759999477e-01,7.590621489129900645e-01
7.006700038909999817e-01,8.511406699124993702e-01
6.443409919740000769e-01,-8.188674549978598727e-02
7.579550147059999077e-01,1.175713423424814330e+00
5.499600172040000068e-01,5.921960230088731958e-01
4.964669942859999408e-01,9.923420844456861678e-01
1.367677569390000070e+00,8.033628893670158311e-01
1.397894024850000250e+00,9.702943053402602880e-01
8.148130178450000427e-01,5.590843813789144745e-01
1.278898954390000009e+00,4.240209740738424826e-01
8.623980283740000363e-01,8.819416568431545089e-01
1.093865990639999897e+00,7.416181133204744480e-01
8.134710192680000285e-01,1.116611889901349741e+00
1.466687083240000078e+00,7.128077327680916175e-01
9.060310125349999577e-01,9.977103143514851613e-01
7.652140259739999006e-01,7.611627537140469579e-01
1.311033964160000176e+00,8.223819288313228837e-01
7.892500162119999718e-01,9.264645634238146688e-01
1.474902033810000068e+00,6.643817075492276514e-01
9.167850017550001063e-01,1.428222924503712576e+00
1.186140060420000086e+00,9.917580716555479681e-01
1.411391973500000008e+00,9.313160282524910460e-01
2.092472076419999993e+00,1.202495579090699929e+00
7.189220190049999681e-01,1.108367299121925775e+00
1.301861047739999888e+00,9.740118181741693748e-01
1.268974781040000055e+00,1.230449516896754858e+00
1.221997022629999874e+00,1.218465138470534725e+00
9.061110019680000960e-01,8.101717335371637629e-01
1.078873991970000112e+00,1.146614581400078325e+00
1.028025031089999874e+00,8.463852883622150491e-01
7.863690257070000689e-01,1.117539389829880658e+00
1.276852965350000035e+00,8.447235132478229103e-01
7.093420028689999546e-01,1.306945615822593831e+00
5.201929807659999572e-01,9.018580379382590273e-01
5.645610094070000473e-01,7.550143762642556045e-01
9.855200052259999177e-01,6.623183508913359496e-01
1.092841982840000004e+00,9.287225733753210477e-01
4.786899983879999709e-01,1.080645421480533441e+00
3.955059945579999514e-01,7.864594280340437837e-01
1.850703001020000071e+00,4.032966151459602133e-01
1.195796012879999815e+00,1.248588780615961458e+00
1.702510833739999896e+00,9.885027215070761875e-01
2.998351097109999586e+00,1.454496198577321708e+00
2.407080888749999925e+00,2.420178595500732666e+00
2.585943937299999718e+00,1.788241889346299685e+00
2.233839035029999920e+00,1.796522458445826365e+00
1.655773043629999997e+00,1.316588652158834361e+00
1.430611014370000156e+00,1.143294734821892922e+00
8.921740055079999676e-01,1.626711030857652229e+00
1.231696963309999893e+00,1.345043852618791336e+00
8.955079913140001624e-01,1.127222637229765345e+00
1.602033019070000064e+00,9.675883123941806385e-01
1.585399031639999956e+00,1.528067842081045180e+00
1.232059955600000034e+00,1.863974771702312294e+00
1.210371017459999976e+00,1.561257789466521828e+00
1.242141008379999967e+00,1.746999782284654357e+00
9.857040047650000858e-01,1.186546548517041444e+00
7.289689779279999726e-01,9.425665018579097998e-01
6.761519908910000876e-01,1.007536575573778403e+00
1.071573019029999907e+00,8.327530499659954177e-01
9.457439780239998983e-01,9.207539574748027089e-01
4.376370012759999706e-01,9.121942389387142081e-01
5.141820311550000522e-01,6.363352842967908707e-01
3.387190103530000052e-01,3.923628036667398122e-01
7.144280076029999593e-01,3.808885237465643447e-01
4.996199905870000180e-01,6.597698160049999538e-01
7.917379736899999854e-01,7.239373086361062803e-01
8.646243214609999894e-01,5.669656969438893190e-01
6.024960279459999901e-01,7.255369682390269137e-01
1.260069966320000123e+00,6.445333148972584025e-01
1.012339949610000067e+00,9.351370845752841054e-01
1.004528999329999950e+00,8.526686903309801391e-01
6.310235261919999727e-01,7.926956349123213119e-01
1.141221046449999887e+00,7.989742750446022779e-01
5.426099896430000014e-01,7.165904298525397342e-01
8.547459840769999762e-01,6.408016223724852800e-01
7.744219899179999311e-01,7.318598934506107545e-01
3.084340095520000102e-01,9.949142697865601681e-01
8.376209735870000506e-01,4.441310031859704854e-01
7.293469905850000767e-01,8.589293942125040271e-01
7.503905892370000830e-01,6.905772578695558161e-01
1.134822010990000019e+00,8.917966478122355545e-01
1.614240050320000064e+00,8.595245708637329063e-01
1.244793057440000128e+00,9.796632186228946271e-01
7.141630053519999466e-01,1.037182552610547148e+00
7.293040156360000026e-01,7.536820673252747627e-01
6.486989855770000091e-01,7.439912009870152110e-01
3.427990078929999962e-01,4.864673273623871252e-01
3.861860036850000011e-01,6.041404549179205663e-01
6.366299986840000535e-01,6.324501548186384214e-01
3.990480005740000280e-01,7.315870402200670419e-01
4.178859889509999870e-01,3.771081546710640109e-01
1.103790521619999909e+00,6.029659214944491641e-01
6.956189870829999622e-01,7.487044667390617692e-01
8.070139884950000564e-01,6.319750293561052779e-01
5.947690010070000310e-01,7.695180307370810269e-01
1.107607960700000005e+00,6.076775999676675699e-01
9.713580012320000012e-01,7.519751076735772255e-01
7.170349955560000321e-01,8.360866529606906239e-01
6.764810085300000386e-01,7.853074868792251362e-01
1.687772989270000190e+00,8.169451284801515500e-01
9.907569885250000485e-01,9.697964817904858315e-01
8.082039952280000161e-01,9.565988403373895110e-01
1.087718963619999979e+00,9.748915410099754375e-01
1.564818024639999861e+00,8.756146576159118400e-01
6.673809885979999912e-01,1.109419135891988040e+00
1.256489992140000123e+00,8.847766426486612934e-01
1.091886043549999963e+00,1.001830784370544958e+00
7.375509738919999725e-01,1.031389196525299035e+00
6.224380135540000802e-01,8.174471318641731710e-01
8.364729881290000613e-01,9.760191967987248418e-01
5.774260163309999916e-01,6.810893515841111023e-01
1.015761017800000054e+00,7.371464843153532343e-01
1.106158971790000001e+00,8.835216870979013537e-01
6.945540308949998964e-01,1.183447756970310794e+00
1.130903959270000092e+00,7.950154429195335215e-01
9.518219828609999489e-01,9.922503397294241134e-01
7.524570226669999862e-01,7.830568842289163944e-01
5.585229992869999993e-01,7.263979082753675431e-01
1.415836334229999771e+00,7.852103454149477191e-01
1.855298042299999839e+00,9.452543469160552547e-01
7.845479845999999702e-01,1.026904128559433360e+00
8.210539817810000862e-01,7.694853327932229536e-01
5.835890173909999978e-01,6.222036879812630206e-01
8.359720110889999889e-01,4.067747663325976260e-01
2.184663057329999880e+00,5.833328167608593517e-01
6.805480122570000123e-01,1.812193080313043048e+00
1.238904953000000031e+00,1.232380864865446179e+00
1.030328035349999949e+00,5.179809495775475892e-01
7.914109826090000022e-01,3.078025346549333463e-01
8.423720002169999832e-01,3.518859237281032337e-01
4.464710056780000769e-01,6.997509887656329086e-01
5.589337944979999584e-01,8.308010673725393369e-01
7.099329829220000221e-01,9.525345599888431769e-01
7.334340214730000751e-01,8.982093071868992862e-01
7.833399772640000647e-01,5.551952837036918664e-01
8.426809906959999985e-01,7.255245345548737568e-01
1.099761009220000085e+00,7.206309539279593945e-01
8.706315755840000614e-01,8.873137491274351030e-01
5.862460136410000411e-01,9.486614409204897624e-01
8.863990306849999223e-01,7.527281127496097124e-01
1.019399046900000050e+00,8.121073671586906961e-01
8.493610024450000129e-01,9.325227305268778411e-01
1.010666966439999870e+00,8.655950658323607882e-01
1.331516027449999973e+00,8.693579219314581108e-01
1.215008974079999859e+00,1.183127020828453668e+00
1.645591020579999952e+00,1.059421969179814349e+00
9.708780050280000351e-01,1.153992835395146299e+00
1.411272048950000135e+00,9.800247478306328697e-01
7.953929901119999313e-01,1.128540766477882151e+00
1.046331048010000098e+00,8.274288935023221825e-01
8.879339694979999642e-01,9.655123633242529424e-01
8.349300026890000836e-01,1.109407866212308802e+00
9.847199916839999290e-01,9.119897445163656080e-01
1.090394020079999970e+00,1.061509717022363963e+00
4.901649951929999416e-01,9.923227725532780541e-01
6.141669750209999279e-01,6.258025781774216867e-01
6.314740180969999894e-01,6.364342246770733347e-01
8.252440094949999860e-01,5.748817210059045113e-01
1.051450967789999913e+00,7.726187799276996726e-01
1.047114968300000060e+00,1.009102531956249882e+00
3.921430110930000379e-01,8.854091203523496434e-01
4.695149958129999912e-01,4.942263695483070096e-01
7.720900177959999500e-01,5.514529035014764657e-01
7.520099878309999264e-01,7.286135907914589316e-01
6.877393722529999698e-01,7.263569035723093092e-01
6.718119978899999012e-01,8.114240965325044685e-01
1.185933232310000029e+00,6.474847011501563276e-01
6.571980118750000432e-01,9.708988998458689679e-01
8.213180303569999063e-01,7.130755067063856423e-01
7.795739769939998842e-01,8.830871430640723219e-01
1.030122995379999962e+00,7.910194155605938526e-01
6.211889982220000217e-01,8.338502829105401970e-01
8.660820126530001106e-01,7.910140188125783789e-01
9.608931541439998947e-01,7.843921031790819232e-01
6.760399937630000577e-01,9.888028759334626105e-01
7.402380108830000083e-01,7.576602113427516327e-01
5.984709858890000511e-01,8.780103904603997478e-01
6.151059865950000427e-01,6.604576368304934109e-01
9.358735680580000382e-01,7.457485302868566146e-01
5.818247795100000008e-01,8.491916502395223665e-01
7.156659960750000327e-01,7.720257725575357943e-01
6.529520154000000298e-01,7.127618604099605903e-01
9.700022935870000751e-01,6.558340523322323534e-01
7.834500074390000623e-01,8.050467276571180442e-01
7.448130249979999506e-01,7.766077703505015473e-01
8.276180028919999376e-01,7.342720810856162572e-01
8.943400979040000420e-01,7.626164365740801809e-01
2.505017042159999985e+00,8.682167742726702997e-01
1.620712041850000062e+00,1.413777840619642623e+00
1.417585968970000110e+00,1.699550991730933713e+00
1.049872040749999957e+00,1.352601892395784322e+00
1.226507544519999993e+00,9.868959191494292016e-01
1.043179035189999881e+00,1.073042197166234946e+00
9.694439768789999690e-01,6.426997962136700160e-01
8.192250132559999454e-01,1.100078264535316208e+00
8.129550218580000598e-01,9.721369773317571905e-01
6.712080240250000163e-01,7.547477663304354989e-01
5.289899706839999993e-01,6.070200961677901796e-01
3.461930155749999849e-01,6.280685245230682723e-01
4.789490103719999947e-01,3.716739468753118558e-01
1.153810977940000093e+00,6.231519283531471443e-01
9.671270251270001062e-01,1.009220255135997668e+00
7.845839858059999727e-01,9.684105228271165933e-01
4.701859951020000428e-01,8.666682250480133298e-01
5.632782578470000301e-01,6.408320981259840732e-01
2.416239976880000528e-01,6.638972700509031544e-01
2.709859907630000064e-01,5.487826243290281347e-01
1.994680017229999991e-01,5.828089089290103830e-01
1.327169984580000017e-01,4.595333749312445759e-01
4.732620120049999546e-01,3.694521268810853076e-01
6.585559844969999244e-01,6.450910317681449735e-01
9.621880054470001165e-01,6.543110053874129362e-01
5.111979842189999790e-01,8.357650173608310862e-01
9.829789996150001263e-01,6.607158341865247975e-01
9.100099802019999684e-01,8.718795788963055182e-01
1.026576042179999870e+00,6.833700067135645151e-01
8.309389948840000262e-01,9.558039840095904349e-01
9.651920199390001676e-01,9.598240321881281734e-01
1.000543951989999902e+00,8.762891982085438958e-01
1.983185052870000131e+00,1.055552659580648367e+00
1.274855017659999978e+00,1.326113542040972870e+00
1.286525964740000028e+00,1.046248560183493215e+00
1.382244944570000245e+00,1.206084786886007398e+00
1.736924052240000016e+00,1.242183475633201306e+00
1.257668018339999971e+00,1.075016401663283938e+00
7.533379793170000838e-01,1.373506830745005569e+00
1.084908962249999886e+00,9.908606771154561121e-01
1.062494039539999990e+00,1.198769230404648001e+00
7.787629961969999570e-01,1.066392609971835936e+00
8.256469964979999965e-01,9.973732821469933896e-01
9.891830086709999525e-01,9.643004230297336221e-01
1.418092012410000047e+00,9.124278863822048447e-01
1.151677966120000063e+00,1.275039300825370647e+00
1.250364065170000094e+00,1.272809808983475177e+00
8.794019818310000458e-01,1.289428512494692924e+00
1.089423060420000144e+00,9.540186656930809139e-01
1.809062957759999701e+00,1.024343371626121435e+00
8.687390089040000207e-01,1.456529185300303064e+00
8.521729707719999380e-01,1.136852869516792985e+00
1.307837963100000112e+00,9.408085905558314366e-01
1.262575984000000151e+00,1.189090057020421698e+00
7.601559758189999627e-01,9.946158084575902336e-01
1.069887042049999959e+00,1.027572954948284378e+00
8.579840064049999437e-01,9.291373822423878437e-01
1.149323940279999956e+00,6.257815202783026942e-01
1.067142963410000034e+00,1.150719019902974649e+00
7.400619983670000401e-01,1.165037809301625371e+00
6.799880266190000411e-01,9.657657988438002050e-01
7.323921322820000634e-01,8.565950361493679388e-01
8.352749943730000126e-01,8.526171037690681853e-01
6.000829935070000065e-01,9.547690782136942778e-01
1.010563969610000168e+00,8.378590085001043075e-01
7.613970041280000434e-01,8.320669222379185603e-01
7.260069847110000030e-01,7.346693240669858183e-01
1.064324021340000037e+00,7.443962216346423633e-01
5.901079773899998715e-01,9.682319539589596680e-01
7.744659781460000447e-01,7.414647292763894004e-01
7.406870126719998781e-01,7.835912151917362456e-01
8.908360004430001533e-01,7.471767108670523960e-01
7.620100975040000613e-01,9.061910975016904679e-01
7.774500250820000069e-01,8.425269309869625189e-01
5.811070203779999943e-01,7.175083002895136230e-01
7.908779978749999051e-01,6.669953208675140077e-01
8.903719782829999652e-01,7.712073186844928818e-01
7.882059812549999656e-01,9.380921215694866255e-01
7.301949858670000459e-01,7.799884097078016998e-01
9.248933196070000529e-01,7.998709288545743368e-01
1.265586972239999941e+00,8.949690361872940647e-01
7.884140014650000694e-01,9.090237552982494140e-01
9.180610179899999501e-01,8.593420867078001013e-01
6.569269895549999516e-01,9.013523309036385323e-01
8.252680301670000107e-01,7.368018331724867087e-01
4.257229864599999525e-01,8.163952421848166274e-01
9.114630222319999309e-01,6.870049281391200635e-01
7.238519787790000937e-01,8.559955209360090578e-01
9.657319784160000031e-01,8.358706243121913904e-01
7.194200158119999911e-01,8.023946492818981868e-01
7.146480083470000411e-01,8.250017325370386789e-01
6.188799738879999790e-01,6.326198878346525056e-01
8.502969741820000094e-01,7.657584021049340661e-01
6.113014817240000065e-01,7.656544882509902505e-01
8.405809998509999881e-01,8.257647903789823163e-01
5.909900069240000553e-01,7.919053287838293542e-01
1.191807866100000002e+00,7.831168304593228990e-01
1.072478055950000009e+00,8.842081851910380541e-01
7.976800203319999172e-01,8.895623941338559604e-01
7.140370011329999489e-01,7.913044379288194374e-01
8.885610103609999921e-01,7.375712401297425114e-01
7.367290258409999737e-01,8.990709879533597126e-01
9.655410051350000744e-01,8.391634871502997584e-01
8.569459915160000385e-01,9.389953890412422455e-01
5.838339924809999859e-01,9.638557733206991607e-01
3.047562122340000457e+00,8.031502998226440759e-01
8.865389823909999301e-01,2.336517996128671726e+00
1.186460971829999878e+00,5.854254322584816483e-01
8.750730156899999557e-01,8.966355202288760484e-01
1.111973047260000014e+00,8.403817765601313550e-01
6.929270029070000447e-01,1.069505105025782221e+00
5.632749795910000357e-01,3.532285499794663997e-01
5.519689917560000048e-01,1.434969011376571457e-01
9.211350083349998386e-01,5.072899388497263962e-01
5.465030074119999748e-01,6.909204275521827476e-01
9.997850060459999577e-01,1.272436957186763529e+00
7.512239813800000166e-01,9.499010527759117473e-01
8.402569890019999654e-01,4.231959065390159536e-01
7.843149900439999600e-01,5.095033991754585045e-01
5.915480256080000165e-01,7.349067809796637762e-01
6.109840273859999948e-01,6.508339123866608844e-01
9.328789710999999540e-01,6.878178265362647759e-01
7.992020249369999885e-01,8.322934269266829554e-01
9.833549857140000405e-01,9.113713935942470146e-01
5.405290126799999761e-01,8.782749369317432997e-01
1.093670010570000128e+00,7.325132703255352595e-01
9.266330003740002041e-01,8.379542981390822876e-01
7.972419857979999858e-01,8.324933182404301579e-01
5.896059870719999596e-01,8.575866621425524139e-01
7.799540162090000672e-01,7.968500197890072689e-01
5.182790160179999717e-01,8.037274344045273189e-01
7.263879776000000676e-01,7.031968652827663702e-01
6.216366887090000182e-01,8.291500857541780345e-01
8.810679912569999717e-01,8.605822276561647666e-01
7.315016984940000411e-01,7.579037528242705823e-01
9.703850150110000516e-01,7.790501691925344474e-01
8.715350031849999901e-01,8.308170459794085305e-01
5.505740046500000595e-01,8.663727795488167516e-01
2.576299905780000121e-01,6.811158591405397367e-01
6.952109932899999123e-01,6.038835802942458253e-01
3.547430038449999601e-01,6.764781478607090337e-01
1.308350920679999918e+00,6.304115068011701961e-01
1.424710035319999957e+00,9.565146087409137632e-01
2.422243118290000385e+00,1.220765370038867426e+00
1.588093161580000023e+00,1.764199271119059942e+00
2.882889986040000352e+00,1.312752728324351859e+00
1.510810017590000109e+00,2.649842709863104329e+00
5.103110075000000245e-01,1.060002807412296466e+00
6.637499928469999810e-01,9.481754161433372241e-01
5.865659713749999948e-01,1.212050468542688719e+00
9.182999730109998593e-01,7.244538091667576118e-01
1.126363039020000123e+00,8.064190360225659271e-01
9.455379843710000065e-01,1.075269096452711404e+00
7.979699969290000583e-01,1.037606144420462506e+00
8.895260095600000527e-01,8.087402725807233406e-01
5.017459988589999531e-01,7.942215918683255271e-01
7.889080047609999813e-01,3.278897598612315889e-01
5.571460127830000220e-01,7.142026334021922551e-01
8.079270124439998924e-01,7.227617699360437964e-01
7.382910251620000697e-01,7.773470719193185108e-01
6.742079854009999096e-01,7.818046799614585263e-01
8.787713646889999675e-01,7.061534366465026524e-01
7.401880025859999268e-01,8.828131787383488582e-01
8.886500000949999478e-01,7.410627244585356044e-01
7.983270287510000340e-01,8.554693909138008090e-01
5.137799978260000344e-01,7.920025231574009394e-01
7.760372757910000141e-01,7.111497142135925209e-01
8.528280258179999906e-01,7.767723182556772743e-01
7.851629853249999513e-01,7.235122353659513283e-01
8.431609868999999646e-01,8.182500304047011230e-01
1.024798870089999925e+00,7.865926536370124733e-01
8.044279813770001120e-01,8.995387061146952190e-01
8.841310143469999216e-01,7.441480770445220161e-01
3.615649938579999501e-01,8.535799471061703558e-01
1.171491026879999842e+00,7.376275885281387001e-01
4.477910101410000343e-01,8.750029203555769186e-01
7.665730118750000432e-01,5.797692699732721611e-01
7.735599875449999940e-01,7.238206965515380231e-01
1.054823040959999902e+00,8.031893997911087046e-01
7.843300104139999673e-01,7.956292965516391646e-01
1.034250974660000155e+00,8.880661192919363511e-01
1.096979022029999973e+00,9.341107500850593937e-01
7.633029818529999400e-01,1.028284161681844555e+00
5.883730053899999257e-01,9.006046696663272400e-01
6.365630030629999547e-01,8.252845856241993738e-01
5.750700235369999858e-01,7.746875862429010162e-01
5.399640202519999654e-01,8.126732849701889805e-01
1.324671149250000068e+00,7.079466384478583230e-01
8.178460001949999780e-01,1.050747913658811150e+00
6.359609961509999909e-01,7.957592417783632133e-01
8.135920166969999867e-01,7.087460449749644065e-01
9.872140288350000903e-01,7.412829858505762815e-01
9.839289784429998686e-01,8.410785390563562114e-01
5.904790163040000150e-01,8.548433152347190145e-01
8.986790180209999201e-01,7.498378896408863792e-01
6.268000006680000125e-01,9.076040931144310209e-01
6.926850080490000172e-01,8.397961235818708348e-01
5.757049918169999669e-01,8.843759605631642540e-01
6.764680147170000213e-01,6.922544295885800780e-01
8.279470205309999997e-01,7.346578956594237431e-01
6.547859907149999881e-01,8.181488149247649888e-01
1.085815548900000094e+00,7.562315545789075610e-01
8.509550094600001335e-01,9.476190749141015779e-01
8.879359960559999321e-01,8.010028173868650736e-01
6.557850241659999302e-01,8.511341091600100883e-01
6.597809791559999804e-01,7.305855730981485330e-01
8.856279850010000398e-01,7.924803999032360435e-01
7.502999901769999980e-01,8.891824524917122385e-01
9.303160309790000637e-01,7.950163423775360449e-01
7.259460091590000941e-01,9.588535699126512490e-01
7.123904824259998936e-01,7.240413283086385432e-01
9.326570034029998402e-01,8.009128186773140090e-01
6.544970273969999974e-01,8.394194623159718649e-01
4.987269937989999846e-01,7.575321708506213003e-01
9.782410264020000579e-01,6.272773718458680703e-01
5.593240261080000275e-01,8.005292262938658032e-01
8.733990192409999409e-01,7.260299770430228561e-01
6.232500076290000690e-01,8.287267584907339613e-01
6.319249868390000024e-01,7.108287135252642219e-01
8.335350155830000274e-01,7.710708127052795513e-01
8.613430261610000027e-01,8.265331391503526470e-01
1.036013007159999999e+00,8.077718208584286907e-01
6.160370111469999355e-01,9.580039524652840255e-01
9.874529838560001105e-01,6.965911398933161136e-01
6.686739921569999634e-01,8.337195969536964624e-01
6.455339789389999972e-01,7.362606240014119008e-01
1.007030010220000049e+00,7.319829075597855672e-01
7.763000130650000719e-01,9.259332482907681738e-01
9.358490109440000815e-01,7.744312936214633458e-01
6.626719832419999401e-01,9.632117613908602882e-01
1.113351941109999910e+00,7.606179996202561133e-01
5.495319962500000432e-01,9.711492666263485951e-01
9.273632764820001206e-01,7.545598325171929410e-01
8.215330243109999486e-01,9.038999663319718936e-01
9.193540215490000334e-01,7.039684944303814529e-01
6.899859905239998925e-01,8.147378585418488806e-01
6.497738957409999738e-01,8.887563210356719257e-01
9.705049991610000815e-01,7.830105885964312451e-01
8.034440279009998909e-01,8.238373047887725953e-01
8.920990228650002019e-01,8.006401770839473020e-01
7.462270259859999921e-01,1.092512129636300067e+00
1.495407462120000197e+00,8.392032220302955148e-01
7.597569823270000633e-01,9.942501523248991058e-01
9.677280187610000084e-01,4.649352022389042771e-01
1.126011013979999920e+00,8.221869580819426426e-01
7.641419768330000029e-01,9.748556155991670025e-01
1.423818945879999909e+00,6.553867571584846008e-01
8.309190273280000483e-01,1.141213336094655695e+00
5.316870212550000030e-01,6.904172601636872075e-01
6.942920088770000442e-01,4.723707569996651312e-01
1.097100019450000019e+00,8.657594550096536778e-01
8.623710274700000511e-01,8.723660269478121787e-01
9.711959958080000899e-01,8.691059678721504422e-01
7.501904964450000213e-01,1.123601842585779442e+00
5.659890174870000346e-01,6.494676885900538821e-01
7.235890030859999378e-01,7.804251759319900117e-01
1.088876962660000114e+00,7.581783520615252847e-01
2.614549994470000138e-01,9.793633816522737678e-01
1.923168003559999895e-01,6.625601463661440205e-01
2.048390060660000012e-01,5.650649834565796281e-01
3.752999901769999980e-01,4.157619919663774199e-01
1.878910064700000104e-01,5.189282375821349103e-01
4.178839921949999980e-01,4.651197498573135802e-01
6.128349900249999704e-01,4.350374298707106457e-01
4.822100102900000462e-01,5.950974099786872085e-01
8.136649727820000066e-01,6.005214062806455422e-01
8.997989892959999958e-01,8.852147845145005300e-01
7.667459845540000041e-01,7.529239829569924769e-01
6.762999892229999421e-01,6.703431564623676397e-01
9.804093837739999984e-01,7.499991571698174653e-01
1.075533032420000090e+00,8.302081658209640169e-01
6.459739804270000496e-01,8.585252201135852301e-01
7.601699829100000416e-01,7.031658075270306174e-01
8.707180023190000950e-01,7.570376805863858749e-01
1.045557022089999899e+00,8.530457219619390630e-01
4.832339882850000268e-01,8.841863336525050965e-01
1.085988998409999962e+00,7.832986797037244653e-01
7.320979833600000930e-01,8.884427805578354320e-01
7.128990292550000385e-01,7.890690731552600923e-01
1.045389056210000112e+00,8.117347799084503324e-01
7.359200119969999676e-01,1.037596356201022862e+00
8.956930041310000590e-01,8.183846316493207373e-01
8.745509982110000191e-01,9.647988285817449272e-01
9.237470030779999508e-01,8.333782790963688569e-01
9.997780323029999971e-01,1.033104462936196732e+00
1.739534020420000049e+00,9.892888478013208697e-01
8.107889890670000321e-01,1.150748172924116686e+00
7.049050331119999235e-01,8.948878204205915621e-01
8.328269720080000438e-01,6.723370432168844779e-01
8.276600241660000412e-01,8.831313752340810286e-01
8.953109979629999549e-01,8.788763568796958969e-01
1.459501028060000039e+00,9.625445222808374224e-01
1.179519057270000060e+00,1.033326205788476893e+00
1.443411946299999915e+00,9.922102344843685140e-01
1.306735038760000078e+00,1.214808630052917504e+00
7.634999752040000365e-01,9.496365063045680843e-01
1.145148038860000161e+00,8.575349168527575117e-01
7.253450155259999477e-01,1.251242128814243681e+00
7.633590102199999672e-01,9.953795541203592778e-01
6.174820065499999622e-01,1.010627271998485899e+00
1.029322981830000039e+00,7.550725764879511193e-01
1.302055954929999926e+00,8.896463082745661444e-01
3.164124965670000122e+00,1.284131022315331272e+00
9.734439849849999549e-01,1.983361366752738331e+00
1.229671001429999855e+00,1.430754634234471023e+00
7.441530227660000385e-01,1.276401820971378998e+00
1.063034057620000139e+00,7.210196785129517894e-01
1.123872041700000102e+00,8.937945027638226625e-01
8.984770178789999173e-01,1.123078146391107701e+00
7.175139784810000698e-01,9.272446580585127496e-01
5.367509722709999931e-01,8.180863290482336403e-01
1.175443053249999981e+00,8.462953954712524318e-01
1.101048946379999949e+00,1.039484900550650792e+00
5.734490156170000130e-01,1.215685178331067373e+00
1.431144952770000200e+00,8.927385390688074018e-01
1.037794947620000130e+00,1.093708038414656025e+00
6.568620204930000206e-01,7.725007922014803796e-01
1.074908018110000141e+00,8.235876787384127651e-01
1.385972023009999887e+00,9.874518371043107257e-01
1.004804968829999812e+00,1.182997763422555249e+00
1.609539985660000116e+00,1.012357405921073150e+00
2.817575931549999524e+00,1.253271888070274898e+00
1.962562561039999931e+00,1.756970062605947014e+00
1.279752016069999998e+00,1.803079613103137913e+00
1.995329976079999845e+00,1.469477729795982235e+00
2.033385992049999924e+00,1.891147609597078061e+00
1.307443976400000096e+00,2.381870837899231041e+00
1.611258029939999892e+00,1.140197160188930470e+00
2.040218114850000042e+00,1.413885458124185091e+00
2.183244943620000100e+00,1.753877884721000147e+00
1.351415991779999937e+00,2.224612193285606221e+00
7.242180109020001089e-01,1.870143519230397011e+00
1.363389015200000109e+00,1.296246298335572256e+00
1.526808977129999967e+00,1.384259851165709820e+00
1.784019589419999940e+00,1.695955963913256870e+00
1.103597044940000105e+00,2.010707800041999782e+00
1.763007998470000004e+00,1.206956361690496138e+00
1.157549023629999896e+00,1.786436888772322096e+00
1.153326034550000045e+00,1.093098576253974663e+00
2.362811088559999551e+00,1.244360798910947752e+00
2.580787897110000007e+00,2.283667589904468276e+00
1.242146968839999976e+00,2.629026235853900051e+00
1.712821006770000265e+00,1.364928541046628752e+00
6.676509976389999323e-01,1.518406128763927887e+00
8.271329998970000652e-01,7.363229511500605229e-01
9.642647504810000214e-01,8.396039041157925542e-01
1.394161701200000048e+00,1.062430497470522539e+00
7.584049701689999923e-01,1.315355971420961501e+00
6.900759935379999765e-01,6.363735906258414232e-01
6.740249991419999809e-01,8.084289013839519589e-01
8.615220189090000424e-01,5.484191903866962869e-01
7.907469868659999790e-01,8.181120429652481985e-01
7.285000085830000138e-01,9.671823922885509628e-01
2.411980032920000017e-01,7.932882719174252362e-01
3.354600071909999981e-01,6.752604933624085648e-01
5.912460088730000507e-01,7.330667544528803869e-01
1.058426976200000036e+00,7.538620118350827237e-01
7.669919729230000316e-01,8.917471776220943225e-01
5.881239771840000019e-01,9.221242023777741492e-01
5.922303199769999305e-01,6.684192687041682346e-01
8.753510117530000079e-01,7.058402136244318337e-01
7.038279771799998974e-01,6.716998565860061721e-01
5.677499771120000371e-01,7.586608848252560655e-01
7.133870124819999825e-01,7.612557682533713788e-01
1.077505946160000061e+00,7.754279459976033406e-01
6.909419894220000247e-01,8.285589831186078724e-01
7.724580168719999973e-01,7.785218169799669186e-01
7.237120270730000859e-01,7.660741647731298398e-01
9.752489924429997847e-01,7.289015760801635935e-01
9.151769876480000399e-01,7.898116021910274176e-01
7.574009895319999686e-01,8.582381342828832027e-01
6.912069916730000374e-01,8.244056564278072763e-01
1.183527946470000147e+00,8.163289468390979575e-01
7.705749869349999281e-01,9.090813206104138011e-01
8.947700262070000798e-01,8.069588166426954201e-01
6.143350005150000070e-01,9.126786764370387051e-01
7.692319750789999855e-01,6.622165534091628558e-01
9.070749878880000061e-01,7.027936435511443758e-01
4.068099856379999713e-01,9.438806629089563360e-01
5.138880014419999753e-01,6.757560947218237413e-01
2.481469959019999838e-01,5.824491786372772983e-01
2.568759918210000159e-01,3.404860342756696467e-01
5.980659723279999618e-01,6.885440595093973437e-01
5.981699824330000137e-01,7.226900249330153736e-01
8.801140189170000294e-01,5.576623382768539638e-01
1.085649013520000095e+00,8.375101246136963384e-01
9.920129775999999566e-01,8.370453164635456300e-01
8.743849992749999078e-01,8.022235406242331779e-01
8.770260214810000621e-01,7.154167958870709665e-01
1.008928894999999937e+00,8.438736841632786811e-01
8.088759779930000393e-01,9.342775201805944008e-01
6.714209914210000907e-01,6.981279432546454444e-01
7.449629902840000373e-01,6.962515151334052188e-01
6.942679882050000195e-01,6.875790468912300613e-01
1.001886010170000008e+00,7.928370614559016039e-01
7.935580015180000446e-01,8.555300778743269996e-01
8.450049161910000439e-01,7.514551151295042475e-01
8.031240105629999793e-01,8.761201530133552184e-01
5.744469761850000689e-01,7.327046432429052958e-01
5.679720044139999757e-01,6.839996802246565144e-01
4.538080096239999195e-01,5.489332041805169426e-01
8.494881391529999215e-01,5.840714834181449655e-01
4.064599871639999473e-01,8.112388081839753129e-01
2.453519999980000310e-01,6.055984763400837911e-01
2.323218107220000217e+00,4.990951886255035608e-01
2.027115583420000089e+00,1.845260066498638940e+00
1.581117987629999888e+00,1.911868846876598527e+00
1.727049946780000012e+00,2.275981774181816242e+00
1.150642037389999928e+00,2.227291414128786062e+00
1.607933998109999818e+00,7.141973953820596188e-01
1.331233978270000007e+00,4.812848090794712985e-01
1.221642017359999999e+00,1.726201826528444450e+00
1.583541989330000010e+00,1.985856621979745551e+00
1.608662128450000006e+00,1.566018673583410070e+00
2.185653924939999992e+00,1.776251003076884549e+00
2.989559888840000124e+00,2.283636955423086867e+00
7.574499845500000106e-01,2.537377602870324100e+00
1.811344027520000122e+00,2.142055070154813556e+00
1.527951955800000094e+00,1.855921024747315462e+00
8.892235755919999374e-01,1.552641881259919865e+00
