1.176299691200000108e+00,9.907346207218609146e-01
1.714609026910000056e+00,1.055315143145014289e+00
1.307337045669999975e+00,1.316146694210145851e+00
6.186890006069999393e-01,1.212756582756675749e+00
2.298435926440000276e+00,9.068454267439117755e-01
1.808241009709999902e+00,1.151787053530744842e+00
8.794149756429999742e-01,1.845182646973800189e+00
1.570945024490000064e+00,1.083820528070585043e+00
1.578516006470000121e+00,1.694266490783314927e+00
6.200309991839999535e-01,1.690186483147047225e+00
9.928810000419999726e-01,5.822847034823812606e-01
4.551869928839999413e-01,8.554163559599582412e-01
1.017398953439999865e+00,8.047483126237806594e-01
8.378469943999999892e-01,5.704991052747285796e-01
4.884769916529999589e-01,1.003104125901063126e+00
1.246340990070000210e+00,5.374474297161616620e-01
1.209630966189999990e+00,8.072771983209574564e-01
1.252451062200000020e+00,1.164451283320009356e+00
1.519726991650000025e+00,1.134422037969219588e+00
1.063797950739999942e+00,1.384266855033538635e+00
1.571495056150000069e+00,1.135385754309677253e+00
1.278105020519999968e+00,1.198535569733833572e+00
1.192077994349999948e+00,1.199740036590537517e+00
8.304439187050000060e-01,1.025496556149355420e+00
1.402015686039999931e+00,1.066314105806464685e+00
1.156504034999999986e+00,1.073630059107531176e+00
1.162554860120000200e+00,1.147840251656460531e+00
6.007519960399999581e-01,1.140747820282694169e+00
1.253835797310000055e+00,9.791468635928025632e-01
1.791844010350000183e+00,9.352548408233408717e-01
1.734062552449999961e+00,1.354898737769283823e+00
4.939970970150000085e+00,1.825098120141509739e+00
2.394351005549999911e+00,2.983400632160384092e+00
2.212575912479999740e+00,1.833493118817216105e+00
1.886527061460000043e+00,2.952029461606380245e+00
9.343829751010001017e-01,2.407894770309936927e+00
9.099829792980000942e-01,1.924220005758012997e+00
8.112999796870000724e-01,9.277798223427172752e-01
1.049708962440000004e+00,1.260401772610721727e+00
1.351788043980000076e+00,1.237392459673226863e+00
1.277305960659999906e+00,8.285503126080095981e-01
7.854449748989998925e-01,1.219967921155649337e+00
4.846229851250000165e-01,1.216891761559542040e+00
6.676359772680000582e-01,3.605538285436477031e-01
8.322510123249999836e-01,5.626054155485565866e-01
5.959370136259999340e-01,9.296872354694137863e-01
3.410890102390000123e-01,8.938289467143916145e-01
6.860110163689999707e-01,6.946215848005010685e-01
8.153510093690000682e-01,6.515567194829894326e-01
3.985430002210000322e-01,8.522292521874312854e-01
6.998159885410000225e-01,6.559478668378662114e-01
4.263690114019999533e-01,7.417359092505019236e-01
6.866139769550000382e-01,4.853119801717499238e-01
1.826770007609999913e-01,7.272036506904624442e-01
7.018824815749999946e-01,5.754208667145027656e-01
1.796682000159999681e+00,7.615381451568835613e-01
7.204269766809999753e-01,1.168564663493637079e+00
4.680640101429999755e-01,8.306549120607837899e-01
6.408870220180000743e-01,5.760599514663129472e-01
7.520520091060001189e-01,1.173689801646918385e+00
1.001817584040000098e+00,3.101782016495697736e-01
1.660804033279999814e+00,1.068387052273942706e+00
1.450595021250000061e+00,8.111979159131673667e-01
1.085010051729999869e+00,8.023728308116740982e-01
1.099555015560000015e+00,3.143015023158728383e-01
7.694180011750000325e-01,6.588405502287730808e-01
1.254430413249999932e+00,6.587651743254254733e-01
1.496320962910000052e+00,1.575660651733765460e+00
7.186369895940000196e-01,1.136112853672503586e+00
8.902019858359999649e-01,9.367763600122883672e-01
9.891759753229999452e-01,7.445229129397687995e-01
2.849014520649999938e+00,1.064141815525335488e+00
4.281075000759999583e+00,2.034379431525150661e+00
1.248739004139999942e+00,2.905629789607728775e+00
7.096589803699999699e-01,2.077233268122471443e+00
7.497439980509998936e-01,2.325990957656826341e-01
8.907449841499999188e-01,2.150890227602578475e-01
1.469527959819999952e+00,1.238652137378500218e+00
1.608888030049999918e+00,5.788535357490545152e-01
1.043460965159999976e+00,1.256222077250390035e+00
1.184751033780000018e+00,1.571696303814769102e+00
5.063725113870000127e-01,5.664484689104418713e-01
6.946156024930000283e-01,8.849790339265627415e-01
9.299110174179998634e-01,2.357872048148006716e-01
7.754629850390000190e-01,6.603455021949525827e-01
8.564696311949999696e-01,1.074663490056849691e+00
9.269009828569999554e-01,1.076704717402413580e+00
7.506660223010001021e-01,8.070791323778625515e-01
9.248849749570000611e-01,8.211667147742205408e-01
1.070162653919999984e+00,9.547623918016310274e-01
8.752880096439998869e-01,1.082970031006200484e+00
7.511039972310000756e-01,8.005656014336755000e-01
8.627579808239999037e-01,7.494900771676873408e-01
5.096570253369999692e-01,8.617639633573184188e-01
8.495249748229999343e-01,8.480354763411622754e-01
6.711369752879999817e-01,7.971094472861303126e-01
6.132180094720000030e-01,7.797593190772799110e-01
3.810549974440000098e-01,6.699986111380896725e-01
8.710420131680000067e-01,6.825047611834026418e-01
6.540319919589999698e-01,7.735689250341774015e-01
9.089673757550000843e-01,7.431076686820218269e-01
9.709029793739999414e-01,7.696642455717926934e-01
9.856920242310001079e-01,8.259870953925141368e-01
1.356256246570000101e+00,8.922276138550396807e-01
1.309872984889999925e+00,1.024770805973533205e+00
6.344919800760000506e-01,1.012423688039468361e+00
5.933508276940000492e-01,7.498858386888174188e-01
8.796380162239999523e-01,5.887277592466022558e-01
1.131836414339999930e+00,1.015516097402577866e+00
1.841274023059999765e+00,1.033939391440742650e+00
2.261745929719999992e+00,1.046419516726937227e+00
2.597975969309999744e+00,1.516511863596857079e+00
2.399192094800000064e+00,1.853930715983823641e+00
1.982298016549999931e+00,1.648163514265937213e+00
2.269547939300000206e+00,1.585532090879702372e+00
2.017889976500000238e+00,2.297406645552154902e+00
1.452262043950000026e+00,1.547383934164362262e+00
1.342797994609999934e+00,1.397548542900580948e+00
1.311915040020000145e+00,1.730055276566653477e+00
1.276762008670000226e+00,1.304599194440364318e+00
1.275267004970000118e+00,1.593152001462680767e+00
1.210446000100000141e+00,1.261810317229081990e+00
8.153480291369999966e-01,1.491794936255147919e+00
7.271119952200000291e-01,8.723316028382286369e-01
6.043019890790000126e-01,8.582050659739651755e-01
9.830358624459999417e-01,9.692918064871036687e-01
1.101529002189999940e+00,9.732137806750524867e-01
1.183724999429999869e+00,9.129819525117869317e-01
4.356400072569999726e-01,1.242145850511314320e+00
3.270040154459999959e-01,7.409674745015283337e-01
8.039849996569999879e-01,8.010191332904852413e-01
4.216859936710000145e-01,4.631883622066516049e-01
5.734559893609999515e-01,8.736175235534592298e-01
3.959457874300000291e-01,7.442600860204888757e-01
4.163750112060000119e-01,7.684435686300571389e-01
5.603970289230000290e-01,4.399205476846833052e-01
7.749050259590000156e-01,6.137415870931003381e-01
6.370840072629999629e-01,7.569571460268470497e-01
3.839260041709999793e-01,7.305848389816905764e-01
5.648739933969999516e-01,5.507432972740679000e-01
1.054715037350000051e+00,6.723141864017603275e-01
6.537709832190000681e-01,9.981107980271286539e-01
5.931029915809999942e-01,8.016446203536683468e-01
1.022608995439999946e+00,7.601068297010024066e-01
8.359869718549999273e-01,8.491676228062626786e-01
6.375340223309999832e-01,9.082500428471725895e-01
9.755985140799999789e-01,8.179152865271864803e-01
4.898079931740000337e-01,8.249649275092130196e-01
1.098647952079999879e+00,6.874064633869871876e-01
1.151165962220000116e+00,9.269234589603309038e-01
8.061249852179999120e-01,9.677307243733667130e-01
4.744769930839999872e-01,8.527724785253500972e-01
7.896029949189999897e-01,7.736704711972026693e-01
4.762530028819999539e-01,7.682136777464595445e-01
5.455229878430000179e-01,7.587822322916613071e-01
6.212809681889999158e-01,6.892680504511852213e-01
7.707700133319999036e-01,8.015821212498134285e-01
9.337069988249999675e-01,6.915874021157343288e-01
8.110550045970000843e-01,8.306086825649164895e-01
6.005529761310000048e-01,7.729837283985799834e-01
1.002521038060000036e+00,7.419133207278467701e-01
8.921650052069998171e-01,9.148408676566243125e-01
9.160850048070000584e-01,8.158240334438915387e-01
7.413420081139999729e-01,8.426113279249829446e-01
9.283249974250000758e-01,9.015193986139538040e-01
6.429409980770000033e-01,8.492997240867280473e-01
9.950090050700001187e-01,6.334458812821287532e-01
6.271365880970000140e-01,9.571405521467598598e-01
1.038689017300000073e+00,7.461988214493924243e-01
6.888009905820000611e-01,7.783940278069844121e-01
5.214130282399999095e-01,7.445320794750008853e-01
6.510270237919999481e-01,7.381749748593193772e-01
1.159701943399999990e+00,6.932328811674915992e-01
6.456400156020000169e-01,9.429085406043717921e-01
1.195862650870000099e+00,7.726820660573068267e-01
1.304703950880000018e+00,8.741213060125007095e-01
8.844429850579998975e-01,9.652823335537579208e-01
7.697709798810000725e-01,8.726646602319884094e-01
7.702100276950000213e-01,8.493097173296830782e-01
6.418280005459999771e-01,7.643138725528093591e-01
8.937159776689999058e-01,1.048020591653479494e+00
5.247250199319999364e-01,6.764423679504597553e-01
5.142210125920000374e-01,8.459537204761885532e-01
7.172748446459999982e-01,6.803070413727155819e-01
6.410769820210000525e-01,8.359827523340703781e-01
4.689820110800000941e-01,5.466888977362261981e-01
1.203750014310000171e+00,5.674192420280226301e-01
7.911959886550000709e-01,9.798361195829030645e-01
1.136301159859999910e+00,9.664527598932617369e-01
8.642929792399999256e-01,8.378143861240504586e-01
8.814030289650001126e-01,7.821779285778772683e-01
5.817409753800000249e-01,8.660006949368719287e-01
8.651199936869999885e-01,8.764736400083645851e-01
9.078124761579999813e-01,9.183881911318563240e-01
7.377740144730000615e-01,8.397809518417392871e-01
1.120375037189999867e+00,8.089444958429388155e-01
9.422479867940000142e-01,9.546812686261935132e-01
1.060060024260000011e+00,8.453630609559579234e-01
7.158420085910000008e-01,9.436933970755539969e-01
4.040209949019999969e-01,7.904733585754316616e-01
2.920779883859999648e-01,6.530262751313032910e-01
6.317924261089999938e-01,6.628198450234001893e-01
1.124665260310000026e+00,7.374329550755094331e-01
1.115690946580000009e+00,1.028060699277500545e+00
1.247418999670000028e+00,8.974232800975813218e-01
6.976169943809999996e-01,1.072560934225566642e+00
3.693974971769999893e+00,8.876550802120862782e-01
8.204839825630000361e-01,3.191113302014869646e+00
8.573070168499999921e-01,7.597592619332893538e-01
6.902359724040000311e-01,4.005204247937095285e-01
8.385969996449998964e-01,1.402981652828476866e+00
1.287726998329999928e+00,9.448276268441162529e-01
9.632229804989999034e-01,1.523235861099983213e+00
1.343299984930000024e+00,7.996532467906292130e-01
7.316169738770000874e-01,8.720632468976976526e-01
6.809219717980000697e-01,1.001570596302316707e+00
7.014784216880000089e-01,1.299351042177908200e+00
6.698030233380000142e-01,7.395957547519792508e-01
1.365643024439999964e+00,9.088023894246909373e-01
9.781420230869999344e-01,1.389704138182020099e+00
6.786789894100000442e-01,1.052177053219965464e+00
5.976330041890000055e-01,8.401436979632457280e-01
8.193774819369999962e-01,5.858926742361687534e-01
7.911109924320000042e-01,8.342927434975241363e-01
1.044147372249999872e+00,8.283739923848590925e-01
1.400015950200000026e+00,8.454680065411399603e-01
8.748620152470000244e-01,9.896552314368082248e-01
6.228179931639999944e-01,9.368748903455402788e-01
7.164059877399998610e-01,7.314601240504399193e-01
6.523500084880000660e-01,7.860408295387749655e-01
9.379299879070001067e-01,8.367055197484283280e-01
5.936999917030000296e-01,9.115690759449585068e-01
5.393440127369999448e-01,8.185724993259453353e-01
9.370089769359999377e-01,7.139746207985411264e-01
8.087720274930000341e-01,7.832513721809865048e-01
5.654280185700000239e-01,7.951154547130249162e-01
6.020820140839999723e-01,7.378851774272859876e-01
1.146679997439999932e+00,7.584019930347374316e-01
9.824249744419999431e-01,8.843131373898819314e-01
5.671510100359999917e-01,9.138034751238974795e-01
7.866399884220000027e-01,7.410894105838323753e-01
7.388439774510000557e-01,8.132591561992883467e-01
6.810299754140000106e-01,7.227135298869942215e-01
7.086979746820000203e-01,7.379281596152175160e-01
6.642330288889999323e-01,8.038598862090673425e-01
5.124790072439999733e-01,7.889567467235275577e-01
6.040380001070000393e-01,6.253360637025306978e-01
6.728799939159999521e-01,6.410071551397338308e-01
8.265414834020000656e-01,7.405486180734499602e-01
4.546860158440000355e-01,7.908974860919515404e-01
5.594509840010000179e-01,6.762513323298406931e-01
1.332218050960000122e-01,6.121083962249369570e-01
1.633069962260000063e-01,5.344429225318179100e-01
1.797860413789999778e-01,6.434197660490934556e-01
5.747918486599999932e-01,6.715397795161961447e-01
8.508148789409999413e-01,6.544057328651392558e-01
8.527640104289999634e-01,8.641726060696078848e-01
1.687628030779999788e+00,7.402589727556376786e-01
2.149522066120000297e+00,1.068735942774012404e+00
8.122850060459999577e-01,1.464728598156083361e+00
1.239639997479999867e+00,8.660113230913581983e-01
2.128437280650000041e+00,1.073188412000946501e+00
2.139239072800000141e+00,1.455600494912651310e+00
9.779880046840000452e-01,1.195190954992268795e+00
6.937779784199998856e-01,1.033093305688767893e+00
7.218790054320000094e-01,6.267804477540962482e-01
7.631160020829999002e-01,6.862591980910495160e-01
8.565329909319999713e-01,7.567395697814904842e-01
1.109338045120000116e+00,9.281260144687794034e-01
6.476340293879999654e-01,9.122168047527198231e-01
9.241870045659998922e-01,8.617451474895441166e-01
7.877320051189998784e-01,7.840011233354213793e-01
1.305567026139999864e+00,7.040844120804624628e-01
9.107710123059999940e-01,1.256614479031334053e+00
8.699640035629999657e-01,9.771099615820452167e-01
5.743020176890000217e-01,8.287870684725385795e-01
8.599532246590000373e-01,8.481101379690372255e-01
4.775849878790000003e-01,8.491554206002719374e-01
1.108017444610000179e+00,7.966270600229587995e-01
1.290724992749999966e+00,9.142769008753521831e-01
8.591579794879999898e-01,8.535841269404176312e-01
3.058980107309999807e-01,9.626629663497197065e-01
9.039019942279999942e-01,7.122774824345922129e-01
6.352750062940000220e-01,7.800785737588974422e-01
1.023422956470000145e+00,7.480461031631524538e-01
6.730669736859999919e-01,9.810626694563023831e-01
8.504790067669999454e-01,8.304377723171049164e-01
5.141969919200000128e-01,7.398176034228479692e-01
1.527956604959999964e+00,5.917220417098286722e-01
4.094385623930000051e+00,1.199005860609603014e+00
9.952359795569999390e-01,2.803833306097632594e+00
8.670449852940000923e-01,1.255401903825283494e+00
1.141056060789999993e+00,6.425217167564850618e-01
1.622257947919999888e+00,1.470161139309066112e+00
1.980204939840000566e+00,1.854431158543664360e+00
1.375547051430000112e+00,1.866007619538396334e+00
1.851865053180000054e+00,1.049847886881329462e+00
1.420923948290000016e+00,1.277698032544344775e+00
1.589177966120000285e+00,1.014326789058681788e+00
1.673199415210000041e+00,1.057682886972833858e+00
2.123934030530000072e+00,1.632923289666611488e+00
1.648401975629999905e+00,1.428550902605222772e+00
1.204741954800000014e+00,2.377325400428604851e+00
7.920839786529999538e-01,1.276650679836971891e+00
1.227027416229999890e+00,1.222636851141093661e+00
1.226951003070000157e+00,1.587598946164677560e+00
1.131343960759999989e+00,1.038787946258234118e+00
1.252465009690000075e+00,1.405915274785824121e+00
1.116891980170000132e+00,1.223798342423527918e+00
1.122387051579999850e+00,8.295433208565067273e-01
1.040153026579999862e+00,1.325225142080906693e+00
8.091310262680000420e-01,1.191445373777749950e+00
7.681059837340000751e-01,9.340839250728650844e-01
7.982919812199998910e-01,8.857578322835512052e-01
7.666722536090000428e-01,9.426450060232810513e-01
1.057360053060000027e+00,8.705600012562582091e-01
8.607699871060000563e-01,9.795839605000801198e-01
1.070777058600000053e+00,9.358424845137982562e-01
5.301510095600000527e-01,1.027011951087491326e+00
6.604189872739999467e-01,8.020919882776957888e-01
9.909179806709998983e-01,6.972698537065334934e-01
3.561530113220000016e-01,9.107720437224327004e-01
9.618239998820000691e-01,7.098586877514649895e-01
1.244829058649999931e+00,8.258892396527640622e-01
8.381230235100001202e-01,1.030501709250558839e+00
9.245989918709998090e-01,8.339240186257654841e-01
8.131660223010001021e-01,9.661000929923135860e-01
1.003061056139999963e+00,7.770252445232671556e-01
8.752340078350000496e-01,9.043670760364233008e-01
7.991399765009998823e-01,8.382829640614178901e-01
8.812961578369999938e-01,8.342535178694856501e-01
1.063080191609999892e+00,8.490061105718456069e-01
9.057049751279999672e-01,9.293245885528340633e-01
6.909559965129999926e-01,9.141614527952578451e-01
1.355970025060000195e+00,8.294634807314552605e-01
7.572399973869999856e-01,1.022121472267953468e+00
2.043754577640000125e+00,8.308910065591343930e-01
8.576130270960000690e-01,1.481517947368641286e+00
2.364957094190000220e+00,8.466500134024267377e-01
4.179231166840000178e+00,1.909361164579099768e+00
2.233561992649999883e+00,3.804140656285676325e+00
8.013390302660000630e-01,1.959691236570812345e+00
8.372840285299999463e-01,1.223173159588786696e+00
8.851529955859999133e-01,6.863352353605755019e-01
9.040349721909999303e-01,1.242276543081819895e+00
1.302939534190000082e+00,-4.474968338776025290e-01
7.228699922560000157e-01,1.622199435494372954e+00
8.009120225910000279e-01,-3.063577597203878677e-01
1.032919287679999965e+00,2.240107599150565620e-01
1.321628212929999879e+00,4.499949534970967835e-01
9.367759823799999275e-01,1.040639315214976435e+00
7.007700204850000336e-01,1.151557824013325737e+00
7.624319791789999634e-01,7.478899612221037163e-01
1.144938945770000105e+00,8.431227690043697764e-01
7.721610069269999599e-01,1.072507588429620240e+00
8.772150278090000697e-01,9.140298872213968862e-01
1.243505001070000171e+00,8.855508643516954992e-01
6.381840109830000385e-01,1.123036348048635391e+00
7.468199729919999807e-01,6.081340682903092487e-01
6.839929819109999976e-01,6.871575516121000149e-01
1.419505119320000119e+00,6.787947151736472007e-01
6.141470074649999500e-01,1.199118689679631089e+00
7.347676754000000976e-01,7.232202620391912085e-01
6.770560145379999062e-01,5.956435198731436786e-01
1.074026942249999950e+00,7.005308320811831635e-01
6.156389713290000287e-01,9.044628617000350923e-01
9.692379832269999440e-01,8.246795612305747314e-01
9.916120171550001361e-01,8.011499382932411040e-01
8.089560270310000023e-01,9.618968331550468154e-01
2.435143947599999859e+00,9.146343626810935490e-01
8.223479986189999869e-01,1.217598563594354477e+00
5.938220024110000272e-01,7.865218147056484144e-01
5.762249827380000466e-01,4.975562424377563131e-01
4.224239885809999429e-01,5.553972450935773519e-01
6.765879988670000511e-01,6.669979266502568116e-01
5.520349740979999531e-01,6.138881987475189872e-01
9.015229940410001142e-01,1.019768529815205493e+00
7.489960193629999763e-01,8.368404119941664776e-01
8.627583980560000754e-01,5.258923242353289451e-01
9.480749964710000199e-01,7.620737856247364883e-01
1.055613875389999956e+00,7.058364835191858200e-01
1.970020055770000278e+00,1.214586807836695703e+00
9.391199946399999554e-01,1.176098305472310424e+00
1.009042978289999892e+00,9.512412319724149468e-01
7.824029922490001177e-01,8.807401925889002392e-01
1.016265034679999957e+00,1.066720416118139614e+00
8.782749772069999850e-01,9.811511800919522353e-01
7.353619933130000064e-01,8.621721122669692150e-01
1.109990954399999952e+00,9.052173283953217631e-01
7.727199792860000027e-01,8.885608013523635940e-01
1.164981961250000086e+00,8.164575627198034091e-01
7.157210111620000426e-01,1.048140814797381637e+00
1.475479006770000101e+00,7.073669311515412561e-01
8.354520201680000202e-01,1.147437281243986362e+00
7.344660162930000125e-01,9.106226940120356605e-01
7.861927747729999805e-01,8.030215053730704877e-01
1.143465042110000107e+00,9.959856168588839820e-01
9.246990084650000830e-01,8.705299024814810993e-01
2.958764553069999970e+00,1.066416306722006491e+00
2.138324022289999959e+00,1.855714122952077716e+00
2.038712024690000124e+00,1.089236587978402948e+00
1.480209946629999829e+00,2.114174934200601541e+00
9.367650747299998137e-01,1.785017887954682081e+00
1.715939760209999942e+00,1.287767372291832135e+00
1.001402020450000041e+00,1.530033898546776738e+00
8.896229863169999863e-01,1.258978003342935859e+00
7.492939829829999843e-01,8.286411777072543172e-01
1.115183949470000213e+00,1.273024104852587213e+00
9.457820057870001129e-01,1.157191658576353754e+00
6.452180147170000213e-01,8.775795103951987697e-01
1.164842009540000056e+00,7.210503989719365681e-01
1.244351029399999975e+00,1.034184361473206692e+00
9.045109748840000075e-01,9.938774261877613148e-01
5.575259923929999362e-01,9.488575690606821933e-01
5.778343677520000332e-01,6.983975557909153364e-01
7.199835777280000348e-01,5.739384210393727592e-01
7.607790231700000128e-01,7.121010960748238583e-01
5.404400229450000426e-01,8.044593617404555141e-01
8.009672760959999360e-01,6.370197123137892881e-01
7.710149884220000027e-01,7.114338834194481320e-01
6.709719896319999988e-01,6.735035079729798646e-01
2.768970489500000021e+00,6.993488582882052551e-01
3.086133003230000060e+00,1.848593239605318184e+00
1.116358041760000086e+00,1.768331096795402013e+00
1.018260955809999979e+00,1.385828109102481998e+00
7.442610263819999794e-01,8.086505053493346917e-01
1.114386796949999869e+00,7.849259447309298032e-01
1.380516409870000238e+00,1.233891583944701109e+00
1.229098439219999950e+00,1.170444987061667774e+00
1.573238968849999919e+00,9.489331698285303762e-01
1.245597958560000107e+00,1.471416948022195914e+00
8.298619985580000247e-01,7.264145350210915453e-01
5.376980304720000436e-01,6.535693295140156955e-01
8.593800067899999284e-01,9.037156038960925120e-01
7.949647903440000274e-01,9.792619545351606281e-01
8.122889995569999577e-01,9.896227120618182882e-01
1.209460973739999945e+00,7.439952022523943498e-01
1.043611049649999956e+00,1.159030752576825751e+00
9.914460182190000248e-01,8.523572067019583587e-01
1.377645969390000058e+00,9.991109688713375458e-01
7.495359778399999229e-01,1.136990294794994139e+00
7.549669742579999676e-01,8.612407896419275177e-01
8.522210121150000095e-01,7.676667742125891092e-01
1.312628030780000010e+00,8.292441386384025170e-01
9.499999880790001017e-01,1.081861058811989906e+00
8.433979749680000637e-01,9.390182987656605640e-01
6.329939961430000039e-01,8.994404006459439938e-01
6.848490238189999246e-01,7.745548632782279785e-01
8.296039700509999504e-01,6.434469614263476078e-01
1.117776036259999994e+00,8.613393133615177000e-01
1.060515046120000138e+00,8.630995196042349216e-01
9.966710209849999336e-01,8.896662087828729470e-01
6.726049780850000825e-01,9.415866812510090833e-01
8.499810099600000335e-01,9.453743253544714120e-01
7.929700016980000266e-01,6.831771060403224460e-01
7.509549856190000927e-01,7.719266734493704929e-01
9.556260704989999466e-01,8.836537883783668335e-01
6.085839867589999397e-01,8.759185818295149861e-01
7.782499790189999489e-01,7.053837651427755651e-01
5.098140239720000411e-01,7.806779104033881866e-01
6.364319920540000286e-01,6.177406898047693717e-01
6.015599966049999248e-01,6.786910724798366212e-01
6.556333899499999784e-01,7.319962340882795182e-01
6.385549902920000243e-01,6.733673194495322090e-01
8.762890100480000832e-01,6.820038093716046523e-01
7.967479825020000739e-01,8.062780129123543471e-01
6.824830174449999509e-01,8.521364360579604114e-01
8.025500178340000401e-01,7.518700165878359210e-01
7.950311899190000142e-01,7.677631286511142905e-01
1.584897041320000088e+00,8.096800474655244662e-01
1.017485976220000143e+00,1.032983294038659627e+00
9.177780151369999695e-01,9.314191947626533352e-01
1.230221033100000083e+00,8.729451654692158558e-01
1.027899026870000121e+00,8.985082909951500607e-01
9.125559926030000213e-01,9.621461682042882213e-01
7.935979962350000472e-01,9.940986333334370650e-01
1.030437946320000187e+00,8.583440256217002018e-01
5.325379967690000438e-01,9.780838563479878900e-01
6.127780079839999505e-01,6.815990731114341949e-01
8.741289973260000234e-01,7.731755642722748512e-01
3.667230010029999820e-01,8.883650038952604078e-01
7.391750216480000857e-01,6.575612696299730775e-01
5.604230165479999748e-01,7.343118953295534324e-01
7.758178114889999755e-01,6.255282765549472490e-01
8.102909922600001202e-01,8.094248725529281652e-01
6.437510252000000488e-01,7.560164386157345318e-01
7.236457467079999706e-01,6.318105740421945393e-01
9.113870263100001257e-01,7.300861556558843057e-01
6.627830266949999993e-01,8.099192966805458527e-01
1.002035975460000117e+00,7.273102298501049612e-01
8.224419951440000709e-01,8.528276232373016574e-01
1.030576944350000135e+00,7.980936990464261305e-01
6.781139969830000114e-01,9.498970779651797480e-01
5.333459973340000104e-01,7.797622687704354183e-01
3.209959864620000047e-01,8.500558640384460185e-01
7.608630061149999069e-01,5.973329268664675507e-01
7.439860105509998878e-01,8.374836170572677041e-01
5.468400120740000148e-01,8.941436776513490559e-01
7.004669904709999173e-01,8.289944530650865673e-01
8.356525897980000561e-01,7.110928301085919223e-01
1.274258971210000091e+00,6.743134169949983603e-01
8.934450149539999719e-01,1.068601579621216935e+00
6.211659908290000365e-01,8.431177360077525273e-01
7.900159955019999680e-01,7.066117038851494891e-01
1.067494988440000014e+00,8.166210193707849063e-01
6.698009967800000464e-01,7.459906828994010697e-01
1.265694975850000015e+00,7.625736461823402479e-01
6.380620002750000408e-01,9.503466085566104615e-01
9.348030090330000652e-01,9.346072376751535238e-01
8.006410002709999363e-01,6.613957384588632360e-01
1.085708975790000030e+00,8.240154503825753984e-01
3.527039885520000251e-01,8.758252564480867308e-01
5.883709788319999578e-01,8.393148870958496710e-01
4.875420033929999120e-01,5.378721326212566600e-01
4.636880159380000199e-01,8.296626842243770561e-01
3.637039959430000136e-01,5.548069228700975852e-01
8.750243186949999696e-01,7.758965834579267806e-01
6.435279846190000708e-01,7.322072628084703716e-01
4.834130108360000233e-01,7.059975790929106099e-01
2.120890021319999930e-01,6.060163804008652511e-01
4.560469985010000560e-01,5.125401281200119286e-01
4.367910027499999903e-01,6.198397073269982238e-01
7.238804101939999569e-01,5.270627770294799008e-01
5.560690164570000205e-01,8.222325791209258439e-01
4.748429954049999679e-01,7.419101131018817075e-01
2.674640119080000100e-01,6.635881937947706311e-01
9.588437080380001198e-01,5.455403890718731885e-01
7.868980169300000549e-01,8.363568541128592049e-01
1.794360995290000149e+00,7.209140583342678044e-01
1.337677955630000026e+00,1.227501430861086984e+00
1.210453987120000185e+00,9.481316667706388701e-01
5.654799938200000264e-01,9.905042734956002182e-01
4.008429944520000565e-01,7.600015071370987974e-01
2.727654874320000200e-01,6.809826996741888960e-01
5.836449861529999783e-01,9.625038879428390315e-01
8.533802628519999711e-01,7.254880403691519319e-01
8.660610318179999823e-01,9.826675604656938123e-01
1.158349990839999899e+00,7.167626496053844942e-01
7.764859795569999390e-01,1.060391042586316779e+00
1.068807005880000105e+00,6.936325844310446964e-01
5.888479948040000744e-01,1.077927662830140854e+00
1.588868498799999918e+00,7.851306640177790896e-01
4.327859878540000205e-01,8.349023842270737461e-01
3.996030092239999942e-01,5.067251189060841821e-01
5.545349717140000134e-01,3.486414133712947283e-01
6.221979856490000849e-01,7.079432522530251237e-01
1.149551987649999996e+00,7.397590592887396399e-01
1.121260046960000034e+00,8.847167691685343671e-01
9.776459932329999436e-01,1.047674399527417366e+00
1.732741951940000025e+00,7.232375832194024579e-01
2.302707910540000125e+00,7.851916684340708441e-01
1.053477048870000043e+00,7.352038600533209456e-01
7.962800264360000435e-01,1.021427189894897447e+00
5.203329920770000117e-01,9.412782928157020779e-01
6.104800105090000262e-01,6.587626346793005183e-01
4.453057944770000276e-01,9.187369691996757348e-01
6.522138714790000069e-01,7.921992795954627686e-01
1.175541162490000069e+00,7.213760358371751336e-01
1.032202124599999937e+00,9.275803741443096051e-01
7.193930149079998948e-01,9.580723906374206678e-01
8.200139999390000378e-01,8.854809976286136530e-01
9.497330188750000568e-01,7.284630638492644028e-01
1.039114952089999822e+00,8.760489437169313165e-01
5.883830189700000046e-01,1.037180707398909663e+00
9.508559703829998488e-01,8.905058528282704389e-01
5.277600288389999728e-01,8.602698511828021921e-01
7.736063003540000205e-01,6.690219915434921782e-01
9.703559875489998765e-01,8.003319407628612936e-01
1.383889913560000018e+00,8.352065531461628778e-01
7.795230150220000542e-01,1.069335927557357957e+00
6.069999933240000090e-01,5.745572481451397540e-01
4.660570025440000097e-01,5.900041827435117403e-01
9.455270171170000459e-01,4.862670656835799687e-01
6.238729953770000280e-01,9.827640802457635605e-01
3.923240005969999555e-01,8.660530420698890897e-01
5.156549811360000568e-01,6.809132165434905737e-01
9.679385423660000765e-01,6.389559014829061523e-01
1.356565952299999989e+00,9.943692048506656000e-01
9.072690010070000310e-01,9.829838257721851269e-01
8.162760138510000152e-01,8.289425358200853688e-01
2.479866981509999846e+00,7.758882304030940702e-01
1.133080005649999888e+00,1.900600139405642430e+00
1.045583963389999926e+00,1.021062823426254207e+00
8.474370241169999485e-01,8.480848473263767895e-01
1.536522984499999911e+00,8.794108267294132864e-01
9.008989930149998715e-01,1.271418519408708425e+00
4.812009930610000596e-01,7.906936067401487689e-01
8.572540283199999722e-01,8.059388974044008336e-01
8.617479801180000232e-01,9.379210129118215056e-01
1.008694052699999899e+00,8.397882070287159273e-01
1.127727031710000105e+00,1.090361280846673164e+00
7.795569896699999779e-01,1.126777213722302440e+00
9.895502924920001053e-01,8.005311574831065480e-01
8.363329768179998958e-01,9.640729527463487436e-01
9.099559783939998869e-01,7.041919237664164832e-01
5.511059761050000061e-01,9.374404444056404495e-01
1.239764332770000088e+00,7.967059411670517344e-01
1.211838960649999963e+00,9.214923529719551976e-01
1.379981994630000042e+00,1.016766463072059867e+00
1.148460984229999982e+00,1.238362703697864831e+00
7.663900256160000035e-01,1.009153741539440263e+00
9.660840034479999394e-01,8.309973079449820554e-01
8.156750202179999798e-01,1.063263355898930174e+00
1.142272949220000111e+00,9.870200708084307939e-01
1.299479961400000105e+00,9.653015131729303366e-01
8.583310246469999516e-01,1.118044323066072376e+00
7.149469852449999996e-01,9.596426392863895982e-01
8.764400482179999230e-01,8.102821221659936013e-01
8.305460214609999836e-01,8.642569236436868918e-01
8.535240292550000385e-01,8.650471702492227299e-01
9.092410206789999227e-01,9.370401128442179539e-01
5.202720165249999917e-01,9.050559748887875289e-01
7.411040067669999454e-01,7.398828802646519875e-01
5.853319764140000325e-01,6.858311222184448885e-01
5.047770142559999673e-01,6.904258248556969235e-01
5.519493222240000607e-01,6.652058293304190517e-01
9.697520136830000137e-01,7.467591308756982293e-01
1.116515994070000017e+00,8.003814440213113945e-01
1.049844980239999837e+00,1.047098144562551347e+00
6.342629790310000404e-01,9.987418670208570992e-01
5.644329786300000817e-01,8.648690577237289068e-01
9.184709787370000100e-01,6.408206763320837274e-01
9.593539834020000656e-01,9.396084490339339235e-01
5.984159708020000412e-01,9.076814398889900826e-01
9.383450150489999197e-01,8.009863956646564587e-01
4.542250037189999867e-01,8.124585988950319138e-01
7.079470157619999204e-01,6.546363314105476672e-01
3.876500129699999575e-01,6.826683964032522756e-01
4.484339952470000057e-01,6.767557497004134115e-01
8.405709862710000202e-01,6.503196472736924028e-01
5.337110161779999862e-01,8.021819671462614432e-01
7.211350202559999589e-01,6.316688697248192819e-01
5.215386152269999576e-01,8.044144285222978308e-01
7.050759792330000275e-01,6.889414942869586111e-01
6.405649781229999506e-01,6.774827763129599445e-01
5.168589949609999623e-01,7.528202079899461996e-01
1.660409450529999997e+00,6.777402197115479643e-01
2.465307950970000217e+00,1.100656496985055410e+00
1.622156023979999917e+00,1.529036743532341314e+00
1.866270065310000170e+00,1.335806299886502568e+00
3.623536109919999415e+00,1.801952340906772143e+00
7.948709726329999947e-01,1.996454102302623212e+00
9.065989851950000400e-01,6.260813969308942628e-01
8.571879863740000660e-01,2.135839448738797997e-02
7.756379842759999477e-01,1.328185966029169940e+00
7.006700038909999817e-01,-5.838366980085174518e-02
6.443409919740000769e-01,5.853772451187263526e-01
7.579550147059999077e-01,5.441997403053834281e-01
5.499600172040000068e-01,7.583357373709893601e-01
4.964669942859999408e-01,8.088794835476061929e-01
1.367677569390000070e+00,8.886408200462833085e-01
1.397894024850000250e+00,1.065896525815110740e+00
8.148130178450000427e-01,7.135036883975788280e-01
1.278898954390000009e+00,7.630017881915628353e-01
8.623980283740000363e-01,1.129010012395089690e+00
1.093865990639999897e+00,1.098561209568072572e+00
8.134710192680000285e-01,1.142474091826799709e+00
1.466687083240000078e+00,7.550251697602863299e-01
9.060310125349999577e-01,1.025915525009684082e+00
7.652140259739999006e-01,7.646304288604190980e-01
1.311033964160000176e+00,9.910132476791417844e-01
7.892500162119999718e-01,9.781299271159723530e-01
1.474902033810000068e+00,7.925091362636857983e-01
9.167850017550001063e-01,1.422035354494191717e+00
1.186140060420000086e+00,9.908537526115687166e-01
1.411391973500000008e+00,9.945395595508872422e-01
2.092472076419999993e+00,1.190914131394983144e+00
7.189220190049999681e-01,9.888993824862087889e-01
1.301861047739999888e+00,1.164837593918450542e+00
1.268974781040000055e+00,9.067369494633373828e-01
1.221997022629999874e+00,1.315720893437194672e+00
9.061110019680000960e-01,8.033814274609952788e-01
1.078873991970000112e+00,1.245460631024573495e+00
1.028025031089999874e+00,9.898994805801379915e-01
7.863690257070000689e-01,1.242851614201226695e+00
1.276852965350000035e+00,8.664144456180533638e-01
7.093420028689999546e-01,1.085939260918590721e+00
5.201929807659999572e-01,8.445626822205695161e-01
5.645610094070000473e-01,8.342908123082833916e-01
9.855200052259999177e-01,7.128970304294935945e-01
1.092841982840000004e+00,1.001643009285185126e+00
4.786899983879999709e-01,9.330059577250958691e-01
3.955059945579999514e-01,7.655060909078901243e-01
1.850703001020000071e+00,5.000990168246787215e-01
1.195796012879999815e+00,1.503873427088548764e+00
1.702510833739999896e+00,1.107241772932270774e+00
2.998351097109999586e+00,1.274663618381415731e+00
2.407080888749999925e+00,2.094208421549177412e+00
2.585943937299999718e+00,1.804411677336632769e+00
2.233839035029999920e+00,1.895092612555357325e+00
1.655773043629999997e+00,1.249744610603908956e+00
1.430611014370000156e+00,1.378648377393172142e+00
8.921740055079999676e-01,1.634050879318742933e+00
1.231696963309999893e+00,1.645071839019285775e+00
8.955079913140001624e-01,9.292423013729226300e-01
1.602033019070000064e+00,1.259638357631041927e+00
1.585399031639999956e+00,1.556921886028523438e+00
1.232059955600000034e+00,1.605983041029450886e+00
1.210371017459999976e+00,1.312206783771439955e+00
1.242141008379999967e+00,1.538148220030049362e+00
9.857040047650000858e-01,1.286416247485077102e+00
7.289689779279999726e-01,1.151287655929466025e+00
6.761519908910000876e-01,1.010602358334547146e+00
1.071573019029999907e+00,8.884733356752756439e-01
9.457439780239998983e-01,9.372802813582272741e-01
4.376370012759999706e-01,1.004639084050754860e+00
5.141820311550000522e-01,7.129608919476759787e-01
3.387190103530000052e-01,4.952949653373288630e-01
7.144280076029999593e-01,5.623940759862620098e-01
4.996199905870000180e-01,6.980971765000282270e-01
7.917379736899999854e-01,6.992939252134307004e-01
8.646243214609999894e-01,6.664601102876770433e-01
6.024960279459999901e-01,9.465704722246515157e-01
1.260069966320000123e+00,6.434817691283145624e-01
1.012339949610000067e+00,8.144293775152768866e-01
1.004528999329999950e+00,8.885782349648251310e-01
6.310235261919999727e-01,8.836501773190329478e-01
1.141221046449999887e+00,7.768066365466723688e-01
5.426099896430000014e-01,7.771640520567811850e-01
8.547459840769999762e-01,6.831986401230898398e-01
7.744219899179999311e-01,7.257235660925891452e-01
3.084340095520000102e-01,9.116987566252111597e-01
8.376209735870000506e-01,4.998236636299807079e-01
7.293469905850000767e-01,7.491463056418380395e-01
7.503905892370000830e-01,8.479772099808488006e-01
1.134822010990000019e+00,8.698168373089597560e-01
1.614240050320000064e+00,7.652883956166214308e-01
1.244793057440000128e+00,1.118617615110459429e+00
7.141630053519999466e-01,1.094049124793821104e+00
7.293040156360000026e-01,9.330426833889802207e-01
6.486989855770000091e-01,7.685921511556873531e-01
3.427990078929999962e-01,6.859308430108178589e-01
3.861860036850000011e-01,7.310830659648338559e-01
6.366299986840000535e-01,7.684447392481928985e-01
3.990480005740000280e-01,8.264752034731284169e-01
4.178859889509999870e-01,5.445429959656135077e-01
1.103790521619999909e+00,5.408305756512777895e-01
6.956189870829999622e-01,9.236719711903407237e-01
8.070139884950000564e-01,7.484536105476101708e-01
5.947690010070000310e-01,8.106596299806009265e-01
1.107607960700000005e+00,6.722412707805962562e-01
9.713580012320000012e-01,8.905161965953000136e-01
7.170349955560000321e-01,8.348228020348318346e-01
6.764810085300000386e-01,7.725214863492012585e-01
1.687772989270000190e+00,8.552943603546980800e-01
9.907569885250000485e-01,9.663324970673888847e-01
8.082039952280000161e-01,9.884847521880101295e-01
1.087718963619999979e+00,8.136250504238037307e-01
1.564818024639999861e+00,8.843073636631447743e-01
6.673809885979999912e-01,1.196717374904597841e+00
1.256489992140000123e+00,9.095970275016510564e-01
1.091886043549999963e+00,8.898502206946777848e-01
7.375509738919999725e-01,9.895754971303452052e-01
6.224380135540000802e-01,8.561101356947186103e-01
8.364729881290000613e-01,1.000544618949828157e+00
5.774260163309999916e-01,7.408685275075840293e-01
1.015761017800000054e+00,8.814823314186223113e-01
1.106158971790000001e+00,8.316084169074475785e-01
6.945540308949998964e-01,1.020782093324526185e+00
1.130903959270000092e+00,7.770487362499225448e-01
9.518219828609999489e-01,9.013000102252686219e-01
7.524570226669999862e-01,8.744480473592571856e-01
5.585229992869999993e-01,8.244588501095326816e-01
1.415836334229999771e+00,8.493681159632321398e-01
1.855298042299999839e+00,8.325546202715022881e-01
7.845479845999999702e-01,1.009456541430540089e+00
8.210539817810000862e-01,8.493232621090158752e-01
5.835890173909999978e-01,6.722380234726605952e-01
8.359720110889999889e-01,6.814752918174925567e-01
2.184663057329999880e+00,6.502705408349492844e-01
6.805480122570000123e-01,1.663551058181492515e+00
1.238904953000000031e+00,9.826369127569887230e-01
1.030328035349999949e+00,5.466743013846698807e-01
7.914109826090000022e-01,1.997408169049914028e-01
8.423720002169999832e-01,8.133073830210143518e-01
4.464710056780000769e-01,8.460584213558846045e-01
5.589337944979999584e-01,8.080768561672113659e-01
7.099329829220000221e-01,9.791735364907757644e-01
7.334340214730000751e-01,5.821265972837826874e-01
7.833399772640000647e-01,5.716322173344493551e-01
8.426809906959999985e-01,7.164350286416106828e-01
1.099761009220000085e+00,7.793295104252879746e-01
8.706315755840000614e-01,9.702673414411685515e-01
5.862460136410000411e-01,1.017170670239287533e+00
8.863990306849999223e-01,7.731403663642625324e-01
1.019399046900000050e+00,7.744221072452459609e-01
8.493610024450000129e-01,9.515706518521938051e-01
1.010666966439999870e+00,8.134049411459840506e-01
1.331516027449999973e+00,8.700833083558823233e-01
1.215008974079999859e+00,1.193456482507551319e+00
1.645591020579999952e+00,1.171859040860293799e+00
9.708780050280000351e-01,1.117017208163757269e+00
1.411272048950000135e+00,9.690117906608481935e-01
7.953929901119999313e-01,1.076220901588296863e+00
1.046331048010000098e+00,8.540705286962918530e-01
8.879339694979999642e-01,9.127317775274991218e-01
8.349300026890000836e-01,1.032102347675423415e+00
9.847199916839999290e-01,9.295388711946224181e-01
1.090394020079999970e+00,1.034043232544406665e+00
4.901649951929999416e-01,1.065392630923818862e+00
6.141669750209999279e-01,6.754195849966128096e-01
6.314740180969999894e-01,5.933710061613458597e-01
8.252440094949999860e-01,7.267475130509100101e-01
1.051450967789999913e+00,8.222226387872650921e-01
1.047114968300000060e+00,9.084949070610481847e-01
3.921430110930000379e-01,9.094778956119432545e-01
4.695149958129999912e-01,6.446970559356964836e-01
7.720900177959999500e-01,5.460881325407902498e-01
7.520099878309999264e-01,7.469407618692609496e-01
6.877393722529999698e-01,8.290142477548049227e-01
6.718119978899999012e-01,8.516380371196107246e-01
1.185933232310000029e+00,6.792745561770320295e-01
6.571980118750000432e-01,1.056554583045229867e+00
8.213180303569999063e-01,6.743634758010383923e-01
7.795739769939998842e-01,8.029122476804055886e-01
1.030122995379999962e+00,7.265365438536751652e-01
6.211889982220000217e-01,9.034238355928476683e-01
8.660820126530001106e-01,7.726091768907898949e-01
9.608931541439998947e-01,7.449378342390858831e-01
6.760399937630000577e-01,9.259322826961476904e-01
7.402380108830000083e-01,7.460667796918830641e-01
5.984709858890000511e-01,8.045523432114710660e-01
6.151059865950000427e-01,7.042510432890999317e-01
9.358735680580000382e-01,7.556485735200075826e-01
5.818247795100000008e-01,8.168715051971765506e-01
7.156659960750000327e-01,7.525616799508256793e-01
6.529520154000000298e-01,6.793916312179252293e-01
9.700022935870000751e-01,6.922174658328716923e-01
7.834500074390000623e-01,9.019737307238393509e-01
7.448130249979999506e-01,8.054479057672487841e-01
8.276180028919999376e-01,7.161354826721083588e-01
8.943400979040000420e-01,8.418784945173903855e-01
2.505017042159999985e+00,9.695075309071607972e-01
1.620712041850000062e+00,1.205564344612932937e+00
1.417585968970000110e+00,1.391810510096152420e+00
1.049872040749999957e+00,1.248435892596510222e+00
1.226507544519999993e+00,1.288420279596770079e+00
1.043179035189999881e+00,1.179898489078514467e+00
9.694439768789999690e-01,9.733974420627827806e-01
8.192250132559999454e-01,9.785051135352936802e-01
8.129550218580000598e-01,1.048408813600176126e+00
6.712080240250000163e-01,6.595530466263810343e-01
5.289899706839999993e-01,9.374059144774683494e-01
3.461930155749999849e-01,7.786441564956397832e-01
4.789490103719999947e-01,4.719295331674346894e-01
1.153810977940000093e+00,6.093530322936427934e-01
9.671270251270001062e-01,1.059928793923276213e+00
7.845839858059999727e-01,9.270405141602385823e-01
4.701859951020000428e-01,8.618069786135589272e-01
5.632782578470000301e-01,6.621116078239808189e-01
2.416239976880000528e-01,6.914019947212931561e-01
2.709859907630000064e-01,5.897391600885196761e-01
1.994680017229999991e-01,6.248765993911011840e-01
1.327169984580000017e-01,6.007263107500246946e-01
4.732620120049999546e-01,4.782880994023703813e-01
6.585559844969999244e-01,6.457132582960687373e-01
9.621880054470001165e-01,5.849344273940061401e-01
5.111979842189999790e-01,8.412586489077087393e-01
9.829789996150001263e-01,7.077678711698478509e-01
9.100099802019999684e-01,8.279594943598961310e-01
1.026576042179999870e+00,7.265883222117789364e-01
8.309389948840000262e-01,9.928679896033937302e-01
9.651920199390001676e-01,9.089277844521077565e-01
1.000543951989999902e+00,8.185429759397434557e-01
1.983185052870000131e+00,1.008510291770852829e+00
1.274855017659999978e+00,1.360958115172453464e+00
1.286525964740000028e+00,1.000758544453880239e+00
1.382244944570000245e+00,1.028270835153350715e+00
1.736924052240000016e+00,1.316742426408964661e+00
1.257668018339999971e+00,1.117020138015927255e+00
7.533379793170000838e-01,1.345395368742589026e+00
1.084908962249999886e+00,9.654974958125634998e-01
1.062494039539999990e+00,1.161068712773468459e+00
7.787629961969999570e-01,1.085289184260896267e+00
8.256469964979999965e-01,1.056406648658454461e+00
9.891830086709999525e-01,1.040699869902266927e+00
1.418092012410000047e+00,9.581311067267352932e-01
1.151677966120000063e+00,1.256308312786386328e+00
1.250364065170000094e+00,1.139975390882003170e+00
8.794019818310000458e-01,1.210420630801049668e+00
1.089423060420000144e+00,9.915204758559724718e-01
1.809062957759999701e+00,1.001113585659408667e+00
8.687390089040000207e-01,1.379895151844305667e+00
8.521729707719999380e-01,1.129060884681529098e+00
1.307837963100000112e+00,8.650211851720750467e-01
1.262575984000000151e+00,1.208110095147657992e+00
7.601559758189999627e-01,1.178124533032949062e+00
1.069887042049999959e+00,1.079791187697241250e+00
8.579840064049999437e-01,9.600974475799235464e-01
1.149323940279999956e+00,7.251109161469280195e-01
1.067142963410000034e+00,1.095278783088258878e+00
7.400619983670000401e-01,1.066201905034306119e+00
6.799880266190000411e-01,9.178865382719091359e-01
7.323921322820000634e-01,8.202717342206797824e-01
8.352749943730000126e-01,8.607765568803519285e-01
6.000829935070000065e-01,9.218840867730591082e-01
1.010563969610000168e+00,8.546945078445882249e-01
7.613970041280000434e-01,8.720999857889054629e-01
7.260069847110000030e-01,7.340869911469406484e-01
1.064324021340000037e+00,7.608814548374054354e-01
5.901079773899998715e-01,9.655636919533554519e-01
7.744659781460000447e-01,7.688294228858354451e-01
7.406870126719998781e-01,7.057418023370919391e-01
8.908360004430001533e-01,7.824841477321192729e-01
7.620100975040000613e-01,8.813315002479857885e-01
7.774500250820000069e-01,8.424624610118961465e-01
5.811070203779999943e-01,7.045239097469673251e-01
7.908779978749999051e-01,7.135441640076943814e-01
8.903719782829999652e-01,8.380276634892477317e-01
7.882059812549999656e-01,8.766773407912992200e-01
7.301949858670000459e-01,7.729866714780736503e-01
9.248933196070000529e-01,7.947775164368687806e-01
1.265586972239999941e+00,9.147551149179382612e-01
7.884140014650000694e-01,8.942627830864097183e-01
9.180610179899999501e-01,8.479586189775751848e-01
6.569269895549999516e-01,8.819973041934016100e-01
8.252680301670000107e-01,7.651867304076840348e-01
4.257229864599999525e-01,7.902049960212389479e-01
9.114630222319999309e-01,6.917563018103636274e-01
7.238519787790000937e-01,8.081914047893031805e-01
9.657319784160000031e-01,8.449869816922958021e-01
7.194200158119999911e-01,8.139286968636119113e-01
7.146480083470000411e-01,7.796398035951886962e-01
6.188799738879999790e-01,7.229440755231084648e-01
8.502969741820000094e-01,8.440207852286693013e-01
6.113014817240000065e-01,7.830632135032432606e-01
8.405809998509999881e-01,8.221358014080465404e-01
5.909900069240000553e-01,7.464598759073143297e-01
1.191807866100000002e+00,7.775529221423327364e-01
1.072478055950000009e+00,9.310801784596264286e-01
7.976800203319999172e-01,8.384239541033204901e-01
7.140370011329999489e-01,8.099004940400951202e-01
8.885610103609999921e-01,8.208485579604591909e-01
7.367290258409999737e-01,9.564567921096015501e-01
9.655410051350000744e-01,8.005960507325271536e-01
8.569459915160000385e-01,9.090712149352084825e-01
5.838339924809999859e-01,8.333138223486260543e-01
3.047562122340000457e+00,7.657193021364694374e-01
8.865389823909999301e-01,2.258021290967943795e+00
1.186460971829999878e+00,1.021141585524435014e+00
8.750730156899999557e-01,1.515858493335594526e+00
1.111973047260000014e+00,1.480022446325150565e+00
6.929270029070000447e-01,1.390557776735751760e+00
5.632749795910000357e-01,1.431417408862165341e-01
5.519689917560000048e-01,2.637389135562100140e-02
9.211350083349998386e-01,2.914860887145492296e-01
5.465030074119999748e-01,7.728558598616560582e-01
9.997850060459999577e-01,1.195737541070373666e+00
7.512239813800000166e-01,1.091210984271643536e+00
8.402569890019999654e-01,5.651476343878891750e-01
7.843149900439999600e-01,9.063004940812527943e-01
5.915480256080000165e-01,7.975162999180714918e-01
6.109840273859999948e-01,6.766001500796309243e-01
9.328789710999999540e-01,7.494665523727230827e-01
7.992020249369999885e-01,8.823193895222624095e-01
9.833549857140000405e-01,8.533535746906416586e-01
5.405290126799999761e-01,8.533866826815302842e-01
1.093670010570000128e+00,7.348114714997004970e-01
9.266330003740002041e-01,8.389900703246722102e-01
7.972419857979999858e-01,8.204023341999202579e-01
5.896059870719999596e-01,8.284913848815177451e-01
7.799540162090000672e-01,8.473016971799346431e-01
5.182790160179999717e-01,7.475368379784924633e-01
7.263879776000000676e-01,7.031032092182488702e-01
6.216366887090000182e-01,7.797601986942971353e-01
8.810679912569999717e-01,8.005358002736786549e-01
7.315016984940000411e-01,7.323332927474184295e-01
9.703850150110000516e-01,7.501584472138752568e-01
8.715350031849999901e-01,8.872032612936784357e-01
5.505740046500000595e-01,9.061229503306723609e-01
2.576299905780000121e-01,7.193492857972556553e-01
6.952109932899999123e-01,6.154275020730025636e-01
3.547430038449999601e-01,7.279046260892434450e-01
1.308350920679999918e+00,7.042469891144266247e-01
1.424710035319999957e+00,9.902369096043367458e-01
2.422243118290000385e+00,1.042243829245646181e+00
1.588093161580000023e+00,1.771752972333922926e+00
2.882889986040000352e+00,1.327577740623242075e+00
1.510810017590000109e+00,1.782221188637240550e+00
5.103110075000000245e-01,1.254884953565630790e+00
6.637499928469999810e-01,3.999840766640457290e-01
5.865659713749999948e-01,1.208361573023317259e+00
9.182999730109998593e-01,9.136794755791168843e-01
1.126363039020000123e+00,5.076824993585531409e-01
9.455379843710000065e-01,1.440519725698927944e+00
7.979699969290000583e-01,7.986899867928346497e-01
8.895260095600000527e-01,5.730305703000010409e-01
5.017459988589999531e-01,5.107341222694432581e-01
7.889080047609999813e-01,5.792769159217927566e-01
5.571460127830000220e-01,7.593392811827078814e-01
8.079270124439998924e-01,8.084404951330586009e-01
7.382910251620000697e-01,7.536762671438905770e-01
6.742079854009999096e-01,7.941972139109911843e-01
8.787713646889999675e-01,7.085425426018833184e-01
7.401880025859999268e-01,8.984820413715309817e-01
8.886500000949999478e-01,7.287342702780241765e-01
7.983270287510000340e-01,8.411197620102532913e-01
5.137799978260000344e-01,7.830817780518698479e-01
7.760372757910000141e-01,7.248137048000352634e-01
8.528280258179999906e-01,7.642080010549776592e-01
7.851629853249999513e-01,7.959462761336031367e-01
8.431609868999999646e-01,8.284697912757943428e-01
1.024798870089999925e+00,8.362920005454093086e-01
8.044279813770001120e-01,9.153956414480172166e-01
8.841310143469999216e-01,7.665321806926288506e-01
3.615649938579999501e-01,8.302359432004551287e-01
1.171491026879999842e+00,7.317352920626079005e-01
4.477910101410000343e-01,7.585556813072644733e-01
7.665730118750000432e-01,6.067272167693655849e-01
7.735599875449999940e-01,6.734004142130972648e-01
1.054823040959999902e+00,8.240420902122397306e-01
7.843300104139999673e-01,8.616852938504027115e-01
1.034250974660000155e+00,8.572025671208085562e-01
1.096979022029999973e+00,9.680936953593737293e-01
7.633029818529999400e-01,9.726371619587883544e-01
5.883730053899999257e-01,7.511756548508385922e-01
6.365630030629999547e-01,7.672113640758329023e-01
5.750700235369999858e-01,7.419323019371656391e-01
5.399640202519999654e-01,7.775513547044899942e-01
1.324671149250000068e+00,7.038985681843434872e-01
8.178460001949999780e-01,1.056939491547372878e+00
6.359609961509999909e-01,7.879253924640091666e-01
8.135920166969999867e-01,7.095450745233489176e-01
9.872140288350000903e-01,8.045523299841474962e-01
9.839289784429998686e-01,9.676597134867962469e-01
5.904790163040000150e-01,9.073737260471850252e-01
8.986790180209999201e-01,7.793318582752211121e-01
6.268000006680000125e-01,8.489408205027179077e-01
6.926850080490000172e-01,7.690552794357450317e-01
5.757049918169999669e-01,8.008265831413178271e-01
6.764680147170000213e-01,7.059220510753420053e-01
8.279470205309999997e-01,7.333267044292843817e-01
6.547859907149999881e-01,7.969490196922457415e-01
1.085815548900000094e+00,7.541716039568343577e-01
8.509550094600001335e-01,9.324085059742134307e-01
8.879359960559999321e-01,8.357491115042414709e-01
6.557850241659999302e-01,8.528400238531458344e-01
6.597809791559999804e-01,7.610977877143467740e-01
8.856279850010000398e-01,7.655896280698786249e-01
7.502999901769999980e-01,8.512813887942688451e-01
9.303160309790000637e-01,8.157107017355679224e-01
7.259460091590000941e-01,8.941283537969965112e-01
7.123904824259998936e-01,7.344222244354272622e-01
9.326570034029998402e-01,7.952378934336244987e-01
6.544970273969999974e-01,8.500551100810026517e-01
4.987269937989999846e-01,7.744461942014617684e-01
9.782410264020000579e-01,6.414828824454893441e-01
5.593240261080000275e-01,8.963198104699745539e-01
8.733990192409999409e-01,7.627777371713201360e-01
6.232500076290000690e-01,7.562054041602151999e-01
6.319249868390000024e-01,7.146398295143965296e-01
8.335350155830000274e-01,7.902567148563865995e-01
8.613430261610000027e-01,7.700228118590518589e-01
1.036013007159999999e+00,8.007124247252712657e-01
6.160370111469999355e-01,8.711515403935061741e-01
9.874529838560001105e-01,7.515643331401984373e-01
6.686739921569999634e-01,8.453591787364909127e-01
6.455339789389999972e-01,8.081733031970015357e-01
1.007030010220000049e+00,7.216490808639106636e-01
7.763000130650000719e-01,8.749945011641263592e-01
9.358490109440000815e-01,8.279498384136920741e-01
6.626719832419999401e-01,9.113070029831219498e-01
1.113351941109999910e+00,7.573048063858250911e-01
5.495319962500000432e-01,9.329302775933062675e-01
9.273632764820001206e-01,7.223646327732626826e-01
8.215330243109999486e-01,8.054405315343601268e-01
9.193540215490000334e-01,6.771096467424533305e-01
6.899859905239998925e-01,8.482322393928858340e-01
6.497738957409999738e-01,8.153161703555296125e-01
9.705049991610000815e-01,8.365529888667133651e-01
8.034440279009998909e-01,7.408917679150915925e-01
8.920990228650002019e-01,9.001189954132492455e-01
7.462270259859999921e-01,8.369451128738624179e-01
1.495407462120000197e+00,8.214189664483084741e-01
7.597569823270000633e-01,9.422265993242039395e-01
9.677280187610000084e-01,4.925371543511747885e-01
1.126011013979999920e+00,7.670289394428561058e-01
7.641419768330000029e-01,1.104119053157207153e+00
1.423818945879999909e+00,7.398465778751218691e-01
8.309190273280000483e-01,9.530226217738250183e-01
5.316870212550000030e-01,9.200578166627855214e-01
6.942920088770000442e-01,7.024946928112025812e-01
1.097100019450000019e+00,7.724934179685917224e-01
8.623710274700000511e-01,1.017548442600366254e+00
9.711959958080000899e-01,8.930538586216636432e-01
7.501904964450000213e-01,9.651154377986490562e-01
5.659890174870000346e-01,7.170687232590672311e-01
7.235890030859999378e-01,7.926311384826076889e-01
1.088876962660000114e+00,7.679768160633420049e-01
2.614549994470000138e-01,9.552715643950261404e-01
1.923168003559999895e-01,5.478947865302136178e-01
2.048390060660000012e-01,5.341658894670268110e-01
3.752999901769999980e-01,4.525341763476414259e-01
1.878910064700000104e-01,5.740047229987532695e-01
4.178839921949999980e-01,4.785809788007948651e-01
6.128349900249999704e-01,5.285798782923559758e-01
4.822100102900000462e-01,6.631195960164179004e-01
8.136649727820000066e-01,6.068595098460227710e-01
8.997989892959999958e-01,7.715580940781709973e-01
7.667459845540000041e-01,7.519650152256954767e-01
6.762999892229999421e-01,8.291707203789429048e-01
9.804093837739999984e-01,7.403479728022593909e-01
1.075533032420000090e+00,8.409603595339452120e-01
6.459739804270000496e-01,8.951225657319382689e-01
7.601699829100000416e-01,7.536880659165124952e-01
8.707180023190000950e-01,7.884840749295161100e-01
1.045557022089999899e+00,8.700875807813945872e-01
4.832339882850000268e-01,8.918110589812620059e-01
1.085988998409999962e+00,8.074278376954022729e-01
7.320979833600000930e-01,8.648485289175525947e-01
7.128990292550000385e-01,8.381171397195178452e-01
1.045389056210000112e+00,7.682257542928764282e-01
7.359200119969999676e-01,9.911869951878584661e-01
8.956930041310000590e-01,8.037583202050567754e-01
8.745509982110000191e-01,9.067294363435511872e-01
9.237470030779999508e-01,8.308616617418005390e-01
9.997780323029999971e-01,9.215089400357084903e-01
1.739534020420000049e+00,8.700941812158545785e-01
8.107889890670000321e-01,1.156033427829178839e+00
7.049050331119999235e-01,8.220961392783303623e-01
8.328269720080000438e-01,6.384070006231770122e-01
8.276600241660000412e-01,9.050285612606945307e-01
8.953109979629999549e-01,9.313818143462524457e-01
1.459501028060000039e+00,9.002614404607441889e-01
1.179519057270000060e+00,1.060848337616681292e+00
1.443411946299999915e+00,1.004321886217952153e+00
1.306735038760000078e+00,1.107653136081548473e+00
7.634999752040000365e-01,9.341417747724861664e-01
1.145148038860000161e+00,8.994057979674922043e-01
7.253450155259999477e-01,1.119927106916286608e+00
7.633590102199999672e-01,1.022550533576163989e+00
6.174820065499999622e-01,8.866439108483312737e-01
1.029322981830000039e+00,7.751811902764575990e-01
1.302055954929999926e+00,1.067012806105592126e+00
3.164124965670000122e+00,1.222706955955999764e+00
9.734439849849999549e-01,2.100307679332902300e+00
1.229671001429999855e+00,1.214149618338153269e+00
7.441530227660000385e-01,1.120728332200383370e+00
1.063034057620000139e+00,1.008467580743054315e+00
1.123872041700000102e+00,1.144811703811533299e+00
8.984770178789999173e-01,1.060769145630484633e+00
7.175139784810000698e-01,9.547541577927104450e-01
5.367509722709999931e-01,6.695648475163510360e-01
1.175443053249999981e+00,6.963162033593104372e-01
1.101048946379999949e+00,1.006172044874587890e+00
5.734490156170000130e-01,1.206675710952709313e+00
1.431144952770000200e+00,8.119894786373982321e-01
1.037794947620000130e+00,1.055064405999474708e+00
6.568620204930000206e-01,9.508288833875315760e-01
1.074908018110000141e+00,7.785638534142634848e-01
1.385972023009999887e+00,9.917280654720358468e-01
1.004804968829999812e+00,1.035058178309040011e+00
1.609539985660000116e+00,9.221048441897335968e-01
2.817575931549999524e+00,1.240067553591453597e+00
1.962562561039999931e+00,1.699008492895811129e+00
1.279752016069999998e+00,1.644692168537275068e+00
1.995329976079999845e+00,1.333530968754784940e+00
2.033385992049999924e+00,1.906094399250389593e+00
1.307443976400000096e+00,2.543814818771190200e+00
1.611258029939999892e+00,1.441020055826518265e+00
2.040218114850000042e+00,1.618422320340469955e+00
2.183244943620000100e+00,2.163369784374484350e+00
1.351415991779999937e+00,2.292215893260318271e+00
7.242180109020001089e-01,1.816027086185608264e+00
1.363389015200000109e+00,1.652034497121534606e+00
1.526808977129999967e+00,1.712361614923777919e+00
1.784019589419999940e+00,1.754566671141113865e+00
1.103597044940000105e+00,1.735756828412683639e+00
1.763007998470000004e+00,1.183015785650915586e+00
1.157549023629999896e+00,2.077873450742137695e+00
1.153326034550000045e+00,1.202224524776161152e+00
2.362811088559999551e+00,1.139891906629308949e+00
2.580787897110000007e+00,2.115609622623992436e+00
1.242146968839999976e+00,2.365413474667223959e+00
1.712821006770000265e+00,1.430396894654934803e+00
6.676509976389999323e-01,1.182557637458180766e+00
8.271329998970000652e-01,1.114379223501798188e+00
9.642647504810000214e-01,9.790920958595726864e-01
1.394161701200000048e+00,1.217597412817204017e+00
7.584049701689999923e-01,9.452685332205810198e-01
6.900759935379999765e-01,5.979956885274629874e-01
6.740249991419999809e-01,7.630851467846831993e-01
8.615220189090000424e-01,8.302742032338731315e-01
7.907469868659999790e-01,7.896658238579934430e-01
7.285000085830000138e-01,8.231000865234175956e-01
2.411980032920000017e-01,8.191692368013552272e-01
3.354600071909999981e-01,7.600860826439873597e-01
5.912460088730000507e-01,6.010373512637069426e-01
1.058426976200000036e+00,6.594215273481525141e-01
7.669919729230000316e-01,9.739693121698862477e-01
5.881239771840000019e-01,7.644263048031303409e-01
5.922303199769999305e-01,7.275441286127434237e-01
8.753510117530000079e-01,6.703240495934748022e-01
7.038279771799998974e-01,7.919410425574606727e-01
5.677499771120000371e-01,8.071229941828113041e-01
7.133870124819999825e-01,7.372820842229022009e-01
1.077505946160000061e+00,7.872926700548348311e-01
6.909419894220000247e-01,9.058721470485150418e-01
7.724580168719999973e-01,7.761631074141436271e-01
7.237120270730000859e-01,7.451984455816682562e-01
9.752489924429997847e-01,8.378949471382364234e-01
9.151769876480000399e-01,8.771313488317573626e-01
7.574009895319999686e-01,8.409413849382880723e-01
6.912069916730000374e-01,8.123641161227914687e-01
1.183527946470000147e+00,7.841910941564932402e-01
7.705749869349999281e-01,8.608267810279365273e-01
8.947700262070000798e-01,8.187267166914151684e-01
6.143350005150000070e-01,8.578338874336847164e-01
7.692319750789999855e-01,6.789639455513657440e-01
9.070749878880000061e-01,7.599591929290073766e-01
4.068099856379999713e-01,9.192921927200699006e-01
5.138880014419999753e-01,7.025912258185957882e-01
2.481469959019999838e-01,5.765236815895929956e-01
2.568759918210000159e-01,5.762386989033380091e-01
5.980659723279999618e-01,7.446358213737382936e-01
5.981699824330000137e-01,6.655012549886302198e-01
8.801140189170000294e-01,5.879778229096374043e-01
1.085649013520000095e+00,8.301588675860290811e-01
9.920129775999999566e-01,9.528752693892866832e-01
8.743849992749999078e-01,7.073620039735124543e-01
8.770260214810000621e-01,8.173468026149161014e-01
1.008928894999999937e+00,8.120347689932922997e-01
8.088759779930000393e-01,9.418162877471499828e-01
6.714209914210000907e-01,7.052246338266006109e-01
7.449629902840000373e-01,6.564743672251343032e-01
6.942679882050000195e-01,7.435340514572099657e-01
1.001886010170000008e+00,8.346828106558585869e-01
7.935580015180000446e-01,7.349799809882846535e-01
8.450049161910000439e-01,7.992130877579458614e-01
8.031240105629999793e-01,8.667209822280609322e-01
5.744469761850000689e-01,7.720003496416396604e-01
5.679720044139999757e-01,6.953956610029761176e-01
4.538080096239999195e-01,6.108399884861092088e-01
8.494881391529999215e-01,6.901487653362587960e-01
4.064599871639999473e-01,7.911723035800450887e-01
2.453519999980000310e-01,6.705184647952652233e-01
2.323218107220000217e+00,4.609158220402067019e-01
2.027115583420000089e+00,1.760115242376427913e+00
1.581117987629999888e+00,2.533459782061975307e+00
1.727049946780000012e+00,1.925422098310136665e+00
1.150642037389999928e+00,1.597477389178443286e+00
1.607933998109999818e+00,6.690973211512072361e-01
1.331233978270000007e+00,2.051077267499608947e+00
1.221642017359999999e+00,1.409574012007462462e+00
1.583541989330000010e+00,1.584005221238371952e+00
1.608662128450000006e+00,9.594959813363385104e-01
2.185653924939999992e+00,1.441093950269626278e+00
2.989559888840000124e+00,1.659320477307397734e+00
7.574499845500000106e-01,2.742233322948519181e+00
1.811344027520000122e+00,1.289202689013092318e+00
1.527951955800000094e+00,5.513613704223915279e-01
8.892235755919999374e-01,1.697869944406104281e+00
