9.717460274700000511e-01,1.043574319427636565e+00
1.176299691200000108e+00,8.874470607080069406e-01
1.714609026910000056e+00,1.251772475045838995e+00
1.307337045669999975e+00,1.393544205475610198e+00
6.186890006069999393e-01,1.287363150243865384e+00
2.298435926440000276e+00,1.056025948098620937e+00
1.808241009709999902e+00,1.521636224644878910e+00
8.794149756429999742e-01,1.592954269509505805e+00
1.570945024490000064e+00,1.332929882796752397e+00
1.578516006470000121e+00,1.437487649465439166e+00
6.200309991839999535e-01,1.480324718776723225e+00
9.928810000419999726e-01,1.013055335728602735e+00
4.551869928839999413e-01,1.049685344569089684e+00
1.017398953439999865e+00,8.702831748683979018e-01
8.378469943999999892e-01,9.163467719901007280e-01
4.884769916529999589e-01,8.922334570252254959e-01
1.246340990070000210e+00,7.692786310612541589e-01
1.209630966189999990e+00,8.902466749968797055e-01
1.252451062200000020e+00,1.025641418490232271e+00
1.519726991650000025e+00,1.173847026575084218e+00
1.063797950739999942e+00,1.274776926941923128e+00
1.571495056150000069e+00,1.159363196553454989e+00
1.278105020519999968e+00,1.316530331235811202e+00
1.192077994349999948e+00,1.257709916366704483e+00
8.304439187050000060e-01,1.178068159833321138e+00
1.402015686039999931e+00,1.097506727333297016e+00
1.156504034999999986e+00,1.140431930301508912e+00
1.162554860120000200e+00,1.084457094670671085e+00
6.007519960399999581e-01,1.126121533639661720e+00
1.253835797310000055e+00,9.536336149972093335e-01
1.791844010350000183e+00,1.059326239732327757e+00
1.734062552449999961e+00,1.419675189922775971e+00
4.939970970150000085e+00,1.637521781932065545e+00
2.394351005549999911e+00,3.739172292201379033e+00
2.212575912479999740e+00,2.274658588789266300e+00
1.886527061460000043e+00,2.002550069789610809e+00
9.343829751010001017e-01,1.964963110384670752e+00
9.099829792980000942e-01,6.715164233696074847e-01
8.112999796870000724e-01,9.787600735038819444e-01
1.049708962440000004e+00,6.265779655383452162e-01
1.351788043980000076e+00,5.305850545675373509e-01
1.277305960659999906e+00,1.276981238919993045e+00
7.854449748989998925e-01,1.085477242080297167e+00
4.846229851250000165e-01,1.007551021464529128e+00
6.676359772680000582e-01,7.621908342109825485e-01
8.322510123249999836e-01,7.667161248144003238e-01
5.959370136259999340e-01,8.850755123712462646e-01
3.410890102390000123e-01,7.951251519946150870e-01
6.860110163689999707e-01,6.557250955611786392e-01
8.153510093690000682e-01,5.959957618463223028e-01
3.985430002210000322e-01,7.376311995874725858e-01
6.998159885410000225e-01,6.340867632965285772e-01
4.263690114019999533e-01,6.512200493764803699e-01
6.866139769550000382e-01,4.790587365007178966e-01
1.826770007609999913e-01,5.659133955640868185e-01
7.018824815749999946e-01,6.271102809877365791e-01
1.796682000159999681e+00,5.695836008752578339e-01
7.204269766809999753e-01,1.717015969483487225e+00
4.680640101429999755e-01,4.936162460214472136e-01
6.408870220180000743e-01,8.280303746266463039e-01
7.520520091060001189e-01,7.347102427924409040e-01
1.001817584040000098e+00,1.085181725484236415e+00
1.660804033279999814e+00,1.179209446379006376e+00
1.450595021250000061e+00,1.433921508469017558e+00
1.085010051729999869e+00,1.676137698144127164e+00
1.099555015560000015e+00,1.167295948219536417e+00
7.694180011750000325e-01,1.090413432876667699e+00
1.254430413249999932e+00,8.675291766582621245e-01
1.496320962910000052e+00,1.108960638828594414e+00
7.186369895940000196e-01,1.243056164839700495e+00
8.902019858359999649e-01,8.641539555433781494e-01
9.891759753229999452e-01,8.882615678783805091e-01
2.849014520649999938e+00,1.015939907463332181e+00
4.281075000759999583e+00,2.144037113494491553e+00
1.248739004139999942e+00,3.017597433495301740e+00
7.096589803699999699e-01,2.273410531287746394e+00
7.497439980509998936e-01,9.494342555669795791e-01
8.907449841499999188e-01,8.789781064128210364e-01
1.469527959819999952e+00,1.006136385663666255e+00
1.608888030049999918e+00,1.340415807205657117e+00
1.043460965159999976e+00,1.014950447444381787e+00
1.184751033780000018e+00,7.188048441989841608e-01
5.063725113870000127e-01,1.162528767896630066e+00
6.946156024930000283e-01,6.806942778838065422e-01
9.299110174179998634e-01,1.124307670758894151e+00
7.754629850390000190e-01,9.242393473142622717e-01
8.564696311949999696e-01,9.200132223947942167e-01
9.269009828569999554e-01,9.524372912115764978e-01
7.506660223010001021e-01,7.428841947037697624e-01
9.248849749570000611e-01,7.758163911553852543e-01
1.070162653919999984e+00,8.070459830515877009e-01
8.752880096439998869e-01,9.222170366948149178e-01
7.511039972310000756e-01,8.257806334057848918e-01
8.627579808239999037e-01,8.040030339581267782e-01
5.096570253369999692e-01,8.855242443630165772e-01
8.495249748229999343e-01,7.636033073444421504e-01
6.711369752879999817e-01,9.024769146464893810e-01
6.132180094720000030e-01,7.913585228014702322e-01
3.810549974440000098e-01,5.973451968624916564e-01
8.710420131680000067e-01,6.176401125431953965e-01
6.540319919589999698e-01,7.317624246100751240e-01
9.089673757550000843e-01,6.665586951836386387e-01
9.709029793739999414e-01,8.770603329849405716e-01
9.856920242310001079e-01,8.178946171806972254e-01
1.356256246570000101e+00,8.515874508740435278e-01
1.309872984889999925e+00,1.102496799632218361e+00
6.344919800760000506e-01,1.077160112658430702e+00
5.933508276940000492e-01,8.896824122542427160e-01
8.796380162239999523e-01,7.275396379363924249e-01
1.131836414339999930e+00,9.159049132463390475e-01
1.841274023059999765e+00,1.102942947335646684e+00
2.261745929719999992e+00,1.489799551506237218e+00
2.597975969309999744e+00,1.989007362186370864e+00
2.399192094800000064e+00,2.235743501933008304e+00
1.982298016549999931e+00,2.133880645366667217e+00
2.269547939300000206e+00,2.153348296123417160e+00
2.017889976500000238e+00,2.177659172739676130e+00
1.452262043950000026e+00,1.834622394953102420e+00
1.342797994609999934e+00,1.510615405484649010e+00
1.311915040020000145e+00,1.261682455305819905e+00
1.276762008670000226e+00,1.182808495303047769e+00
1.275267004970000118e+00,1.284030273098550889e+00
1.210446000100000141e+00,1.298866493900748820e+00
8.153480291369999966e-01,1.358217546002569165e+00
7.271119952200000291e-01,9.898271816829352643e-01
6.043019890790000126e-01,8.464309127080290596e-01
9.830358624459999417e-01,8.061127953739231078e-01
1.101529002189999940e+00,8.579119319495620566e-01
1.183724999429999869e+00,8.795221032423375940e-01
4.356400072569999726e-01,1.119034470905848178e+00
3.270040154459999959e-01,8.941131903239422085e-01
8.039849996569999879e-01,7.914887739100516795e-01
4.216859936710000145e-01,6.885970580881001224e-01
5.734559893609999515e-01,6.313153364341774765e-01
3.959457874300000291e-01,6.908751653043513352e-01
4.163750112060000119e-01,5.386673361662993598e-01
5.603970289230000290e-01,4.851905979836201865e-01
7.749050259590000156e-01,6.585353661126001068e-01
6.370840072629999629e-01,7.374071436069835617e-01
3.839260041709999793e-01,6.266976166005030491e-01
5.648739933969999516e-01,5.805267326573467779e-01
1.054715037350000051e+00,5.304538494382436964e-01
6.537709832190000681e-01,8.815304226602816984e-01
5.931029915809999942e-01,6.710495782116273622e-01
1.022608995439999946e+00,7.004149756074736777e-01
8.359869718549999273e-01,8.190839255245931927e-01
6.375340223309999832e-01,8.152191049483626939e-01
9.755985140799999789e-01,8.136391292563255329e-01
4.898079931740000337e-01,8.732270926437267766e-01
1.098647952079999879e+00,6.191507406846007422e-01
1.151165962220000116e+00,9.056318677556708385e-01
8.061249852179999120e-01,9.860248370627434644e-01
4.744769930839999872e-01,8.669801236843119874e-01
7.896029949189999897e-01,8.464021531997631964e-01
4.762530028819999539e-01,7.558411716182229512e-01
5.455229878430000179e-01,5.834756668951385228e-01
6.212809681889999158e-01,6.205159459772930930e-01
7.707700133319999036e-01,6.618561700183286378e-01
9.337069988249999675e-01,6.634072159003090441e-01
8.110550045970000843e-01,7.572356969270174210e-01
6.005529761310000048e-01,7.001239248865323006e-01
1.002521038060000036e+00,7.265119625262410619e-01
8.921650052069998171e-01,8.674196511122949094e-01
9.160850048070000584e-01,8.107125525021932066e-01
7.413420081139999729e-01,9.715034712036614284e-01
9.283249974250000758e-01,9.257724933206252782e-01
6.429409980770000033e-01,8.604141133338721881e-01
9.950090050700001187e-01,6.709613486566033957e-01
6.271365880970000140e-01,9.040286301617252995e-01
1.038689017300000073e+00,7.427442959160615032e-01
6.888009905820000611e-01,8.590813960012763095e-01
5.214130282399999095e-01,8.429307264537442279e-01
6.510270237919999481e-01,7.520245646363948877e-01
1.159701943399999990e+00,6.169974249991286852e-01
6.456400156020000169e-01,9.704706553248888534e-01
1.195862650870000099e+00,7.589096147244441815e-01
1.304703950880000018e+00,9.319357829243232194e-01
8.844429850579998975e-01,1.077375557651277571e+00
7.697709798810000725e-01,8.901477246961044809e-01
7.702100276950000213e-01,8.951242125337224298e-01
6.418280005459999771e-01,8.144798066863767616e-01
8.937159776689999058e-01,9.437468767981516127e-01
5.247250199319999364e-01,8.126298679339951647e-01
5.142210125920000374e-01,7.119583021566697756e-01
7.172748446459999982e-01,6.528547431992840488e-01
6.410769820210000525e-01,6.872999156422381350e-01
4.689820110800000941e-01,4.861347114305513140e-01
1.203750014310000171e+00,5.377836930824710926e-01
7.911959886550000709e-01,8.473017583563061672e-01
1.136301159859999910e+00,7.011208203147427653e-01
8.642929792399999256e-01,1.050358441730037340e+00
8.814030289650001126e-01,8.688190688773937964e-01
5.817409753800000249e-01,8.818028327754859896e-01
8.651199936869999885e-01,8.307968842314612523e-01
9.078124761579999813e-01,1.001665942157419886e+00
7.377740144730000615e-01,9.220639436518484056e-01
1.120375037189999867e+00,8.191515039206979099e-01
9.422479867940000142e-01,1.080872319682174121e+00
1.060060024260000011e+00,9.063249067603115217e-01
7.158420085910000008e-01,9.676444574224769557e-01
4.040209949019999969e-01,8.859663180507861835e-01
2.920779883859999648e-01,6.834422775027046981e-01
6.317924261089999938e-01,5.877894840096106188e-01
1.124665260310000026e+00,6.051020284319603704e-01
1.115690946580000009e+00,1.042016800424185430e+00
1.247418999670000028e+00,8.879562266877402132e-01
6.976169943809999996e-01,9.800242947948006877e-01
3.693974971769999893e+00,8.861675734322762565e-01
8.204839825630000361e-01,2.551193502654273804e+00
8.573070168499999921e-01,9.800207581391618961e-01
6.902359724040000311e-01,7.366205047539505779e-01
8.385969996449998964e-01,1.211152991331824635e+00
1.287726998329999928e+00,1.092510573772365490e+00
9.632229804989999034e-01,1.298446699986112618e+00
1.343299984930000024e+00,7.966151918068881121e-01
7.316169738770000874e-01,1.241121295096109467e+00
6.809219717980000697e-01,9.712889256688171935e-01
7.014784216880000089e-01,8.967075479659456505e-01
6.698030233380000142e-01,9.150412467279280815e-01
1.365643024439999964e+00,7.341300708863834901e-01
9.781420230869999344e-01,1.168794630434345061e+00
6.786789894100000442e-01,9.020052134073447414e-01
5.976330041890000055e-01,7.846396459259799006e-01
8.193774819369999962e-01,7.270185128027388810e-01
7.911109924320000042e-01,7.669810052756640406e-01
1.044147372249999872e+00,7.758698626109056251e-01
1.400015950200000026e+00,9.421108205610203568e-01
8.748620152470000244e-01,1.122967079861944883e+00
6.228179931639999944e-01,9.789311573603153294e-01
7.164059877399998610e-01,8.667640040979632809e-01
6.523500084880000660e-01,8.819641003044170757e-01
9.379299879070001067e-01,7.690858345531852436e-01
5.936999917030000296e-01,9.120249771461022004e-01
5.393440127369999448e-01,7.627824973543888554e-01
9.370089769359999377e-01,6.625008416609304840e-01
8.087720274930000341e-01,7.468852137239405664e-01
5.654280185700000239e-01,7.468122137785887515e-01
6.020820140839999723e-01,7.407759279755365966e-01
1.146679997439999932e+00,7.309597674682023483e-01
9.824249744419999431e-01,8.474246567263997720e-01
5.671510100359999917e-01,8.619867610886531306e-01
7.866399884220000027e-01,7.983690555479550088e-01
7.388439774510000557e-01,8.096130295772558938e-01
6.810299754140000106e-01,7.560299040311259100e-01
7.086979746820000203e-01,7.494928251441583811e-01
6.642330288889999323e-01,7.990603584663774628e-01
5.124790072439999733e-01,7.166442849004435178e-01
6.040380001070000393e-01,5.798706309537674519e-01
6.728799939159999521e-01,5.934867452425587331e-01
8.265414834020000656e-01,6.799307868470161331e-01
4.546860158440000355e-01,7.048493349750288850e-01
5.594509840010000179e-01,6.162873045595164134e-01
1.332218050960000122e-01,5.653732363118201265e-01
1.633069962260000063e-01,5.630426893712868752e-01
1.797860413789999778e-01,4.500516375388284862e-01
5.747918486599999932e-01,5.018877990465474559e-01
8.508148789409999413e-01,1.086236816175896180e+00
8.527640104289999634e-01,1.206940197901096967e+00
1.687628030779999788e+00,8.200719702199218419e-01
2.149522066120000297e+00,1.082893757298265980e+00
8.122850060459999577e-01,1.336709711205402051e+00
1.239639997479999867e+00,1.075189003355096595e+00
2.128437280650000041e+00,1.085980994777860698e+00
2.139239072800000141e+00,1.619688107415816036e+00
9.779880046840000452e-01,1.611488053034842771e+00
6.937779784199998856e-01,1.487466540976689400e+00
7.218790054320000094e-01,8.799508222935507051e-01
7.631160020829999002e-01,8.217421860201652439e-01
8.565329909319999713e-01,9.198931249104660424e-01
1.109338045120000116e+00,9.881368223223144787e-01
6.476340293879999654e-01,1.103936091164210431e+00
9.241870045659998922e-01,8.549391488473786493e-01
7.877320051189998784e-01,8.143942225960661974e-01
1.305567026139999864e+00,7.822291629622992737e-01
9.107710123059999940e-01,1.079517039842403436e+00
8.699640035629999657e-01,9.143269018118516112e-01
5.743020176890000217e-01,9.008600214943761619e-01
8.599532246590000373e-01,8.598359850493059175e-01
4.775849878790000003e-01,8.290434503784103182e-01
1.108017444610000179e+00,6.503544037197805938e-01
1.290724992749999966e+00,9.683486768223628083e-01
8.591579794879999898e-01,8.862505467795978031e-01
3.058980107309999807e-01,8.791769610350836928e-01
9.039019942279999942e-01,8.404103773405144917e-01
6.352750062940000220e-01,7.896642283120881567e-01
1.023422956470000145e+00,8.286503806176261921e-01
6.730669736859999919e-01,1.000495982081071711e+00
8.504790067669999454e-01,7.764601468058300870e-01
5.141969919200000128e-01,8.005634966358129434e-01
1.527956604959999964e+00,6.942173429115490180e-01
4.094385623930000051e+00,1.163416440353900017e+00
9.952359795569999390e-01,2.939968306833929734e+00
8.670449852940000923e-01,1.148795204895054933e+00
1.141056060789999993e+00,7.213550258871042065e-01
1.622257947919999888e+00,1.470241240673757943e+00
1.980204939840000566e+00,1.562251624422742013e+00
1.375547051430000112e+00,1.658312775155832863e+00
1.851865053180000054e+00,1.629605405692560405e+00
1.420923948290000016e+00,1.770493121020027871e+00
1.589177966120000285e+00,1.575668388064636716e+00
1.673199415210000041e+00,1.480180278056784982e+00
2.123934030530000072e+00,1.612609668896968218e+00
1.648401975629999905e+00,1.670203148646876468e+00
1.204741954800000014e+00,1.700210000138866917e+00
7.920839786529999538e-01,1.333611776127872295e+00
1.227027416229999890e+00,1.048246443243142645e+00
1.226951003070000157e+00,1.267839230452660892e+00
1.131343960759999989e+00,1.199184730399371013e+00
1.252465009690000075e+00,1.324408655772244536e+00
1.116891980170000132e+00,1.392094948808725530e+00
1.122387051579999850e+00,1.068891319183709721e+00
1.040153026579999862e+00,1.143571166043461762e+00
8.091310262680000420e-01,1.070255699422094642e+00
7.681059837340000751e-01,8.652783160751438274e-01
7.982919812199998910e-01,8.443579976554446143e-01
7.666722536090000428e-01,8.666452293459917522e-01
1.057360053060000027e+00,7.799881153998523553e-01
8.607699871060000563e-01,9.504200086285001792e-01
1.070777058600000053e+00,9.046997746390313955e-01
5.301510095600000527e-01,9.901787407955346954e-01
6.604189872739999467e-01,7.741987853812148934e-01
9.909179806709998983e-01,6.747736253433787024e-01
3.561530113220000016e-01,8.474319549021779308e-01
9.618239998820000691e-01,5.976534017686842004e-01
1.244829058649999931e+00,7.896097400060686500e-01
8.381230235100001202e-01,1.049304452213064565e+00
9.245989918709998090e-01,8.131330022541818359e-01
8.131660223010001021e-01,9.768163894025488903e-01
1.003061056139999963e+00,8.926620636441883194e-01
8.752340078350000496e-01,8.693196817390254072e-01
7.991399765009998823e-01,9.453554350830020159e-01
8.812961578369999938e-01,8.920114793879519999e-01
1.063080191609999892e+00,9.022681031564115939e-01
9.057049751279999672e-01,9.771683519485171443e-01
6.909559965129999926e-01,8.607100416303790080e-01
1.355970025060000195e+00,8.131972688591484477e-01
7.572399973869999856e-01,1.049862564250242603e+00
2.043754577640000125e+00,7.832497782884966231e-01
8.576130270960000690e-01,1.626491007557435919e+00
2.364957094190000220e+00,9.334291345277343499e-01
4.179231166840000178e+00,2.001302686881592852e+00
2.233561992649999883e+00,3.041035860650301625e+00
8.013390302660000630e-01,1.756413238579401348e+00
8.372840285299999463e-01,2.240150897401471664e+00
8.851529955859999133e-01,1.214508627740751967e+00
9.040349721909999303e-01,9.291317606298717946e-01
1.302939534190000082e+00,9.094873614153710095e-01
7.228699922560000157e-01,1.337140239093112859e+00
8.009120225910000279e-01,9.227594644330733287e-01
1.032919287679999965e+00,7.595070284467714261e-01
1.321628212929999879e+00,9.690026175119543783e-01
9.367759823799999275e-01,1.076121647059079534e+00
7.007700204850000336e-01,9.945046394166698889e-01
7.624319791789999634e-01,8.333112347534531450e-01
1.144938945770000105e+00,7.988367290670734810e-01
7.721610069269999599e-01,1.077945422165445200e+00
8.772150278090000697e-01,8.227436729830690521e-01
1.243505001070000171e+00,9.594107262757016752e-01
6.381840109830000385e-01,1.139789346922615243e+00
7.468199729919999807e-01,5.856326482026541491e-01
6.839929819109999976e-01,7.222946354303606542e-01
1.419505119320000119e+00,7.779377562407808755e-01
6.141470074649999500e-01,1.160136604776089930e+00
7.347676754000000976e-01,7.646363910765170413e-01
6.770560145379999062e-01,7.748274949511020360e-01
1.074026942249999950e+00,8.188036501121127575e-01
6.156389713290000287e-01,9.486190407347951936e-01
9.692379832269999440e-01,8.157342496783483998e-01
9.916120171550001361e-01,9.850308582593795270e-01
8.089560270310000023e-01,9.973745387427322973e-01
2.435143947599999859e+00,8.688090144580672414e-01
8.223479986189999869e-01,1.606884446755414420e+00
5.938220024110000272e-01,9.098636622367028970e-01
5.762249827380000466e-01,8.469425042482214838e-01
4.224239885809999429e-01,7.613094430789915101e-01
6.765879988670000511e-01,9.485158080880150555e-01
5.520349740979999531e-01,7.880395905620264374e-01
9.015229940410001142e-01,6.780666386422925518e-01
7.489960193629999763e-01,8.476852994838756095e-01
8.627583980560000754e-01,6.459374647373633538e-01
9.480749964710000199e-01,7.662760831742136958e-01
1.055613875389999956e+00,7.872289093949946803e-01
1.970020055770000278e+00,9.604077357895779432e-01
9.391199946399999554e-01,1.369014343904034314e+00
1.009042978289999892e+00,9.890504848169784369e-01
7.824029922490001177e-01,1.066828969455824616e+00
1.016265034679999957e+00,1.022932851176303393e+00
8.782749772069999850e-01,1.028161967666731069e+00
7.353619933130000064e-01,1.009960972028436377e+00
1.109990954399999952e+00,9.206925860002819206e-01
7.727199792860000027e-01,1.012656154944330700e+00
1.164981961250000086e+00,8.537402887224517789e-01
7.157210111620000426e-01,1.059795573280553960e+00
1.475479006770000101e+00,7.812175157614804633e-01
8.354520201680000202e-01,1.171076061015642544e+00
7.344660162930000125e-01,9.250639436256866688e-01
7.861927747729999805e-01,8.289644948306224004e-01
1.143465042110000107e+00,9.571833375782533571e-01
9.246990084650000830e-01,9.012652818872429750e-01
2.958764553069999970e+00,9.856809762524600949e-01
2.138324022289999959e+00,2.280363318499783354e+00
2.038712024690000124e+00,1.428859036414551031e+00
1.480209946629999829e+00,2.114869340579816015e+00
9.367650747299998137e-01,1.803660391812663910e+00
1.715939760209999942e+00,1.083777158983439071e+00
1.001402020450000041e+00,1.376445780006919639e+00
8.896229863169999863e-01,1.065684761325046415e+00
7.492939829829999843e-01,9.919331286692978367e-01
1.115183949470000213e+00,1.036981647753131508e+00
9.457820057870001129e-01,1.044949956118377044e+00
6.452180147170000213e-01,9.116751260116584543e-01
1.164842009540000056e+00,7.861846518813364604e-01
1.244351029399999975e+00,1.056498219766094593e+00
9.045109748840000075e-01,1.045346845268841252e+00
5.575259923929999362e-01,1.018156186862399393e+00
5.778343677520000332e-01,8.486246461340761771e-01
7.199835777280000348e-01,6.054746900858957170e-01
7.607790231700000128e-01,6.204936893519759078e-01
5.404400229450000426e-01,7.109618018947508888e-01
8.009672760959999360e-01,6.960223815140818004e-01
7.710149884220000027e-01,7.623564353417973116e-01
6.709719896319999988e-01,7.052074614537794384e-01
2.768970489500000021e+00,7.251752092065417710e-01
3.086133003230000060e+00,1.896613267008026682e+00
1.116358041760000086e+00,2.048915942669716994e+00
1.018260955809999979e+00,1.774780261929695735e+00
7.442610263819999794e-01,1.406442821785069519e+00
1.114386796949999869e+00,8.400218495119602391e-01
1.380516409870000238e+00,9.051569903054546007e-01
1.229098439219999950e+00,1.018149812945855492e+00
1.573238968849999919e+00,1.009011349401239377e+00
1.245597958560000107e+00,1.350220413645855544e+00
8.298619985580000247e-01,1.249810904296212222e+00
5.376980304720000436e-01,1.003389204485414021e+00
8.593800067899999284e-01,8.367974116186649436e-01
7.949647903440000274e-01,8.878612726920978027e-01
8.122889995569999577e-01,8.969772001841862519e-01
1.209460973739999945e+00,7.910715742042501164e-01
1.043611049649999956e+00,1.143201349917508658e+00
9.914460182190000248e-01,1.029219753425567596e+00
1.377645969390000058e+00,9.998760719881876202e-01
7.495359778399999229e-01,1.277916071746026283e+00
7.549669742579999676e-01,8.884299054117582584e-01
8.522210121150000095e-01,8.497039477881102032e-01
1.312628030780000010e+00,8.960530021263010125e-01
9.499999880790001017e-01,1.075874105965596961e+00
8.433979749680000637e-01,9.499083393777817408e-01
6.329939961430000039e-01,9.659974853365720371e-01
6.848490238189999246e-01,8.167775052222464582e-01
8.296039700509999504e-01,6.766838740775648064e-01
1.117776036259999994e+00,8.444166128864172283e-01
1.060515046120000138e+00,8.509171331044603770e-01
9.966710209849999336e-01,9.054510552027538184e-01
6.726049780850000825e-01,1.019128272791844259e+00
8.499810099600000335e-01,9.519476272670275296e-01
7.929700016980000266e-01,8.165008607100852078e-01
7.509549856190000927e-01,8.801725238104447513e-01
9.556260704989999466e-01,8.369249114439444304e-01
6.085839867589999397e-01,9.129950839372582561e-01
7.782499790189999489e-01,7.483035978176193481e-01
5.098140239720000411e-01,7.501019599285815298e-01
6.364319920540000286e-01,6.529074606973610528e-01
6.015599966049999248e-01,6.057005234879890843e-01
6.556333899499999784e-01,6.754254347804604652e-01
6.385549902920000243e-01,6.439193686738876599e-01
8.762890100480000832e-01,6.124327516932049909e-01
7.967479825020000739e-01,7.484665088415035639e-01
6.824830174449999509e-01,7.572327521941082384e-01
8.025500178340000401e-01,7.352067121949651396e-01
7.950311899190000142e-01,8.213480250051867770e-01
1.584897041320000088e+00,7.908511028284477273e-01
1.017485976220000143e+00,1.159540232705493557e+00
9.177780151369999695e-01,1.018962059897314587e+00
1.230221033100000083e+00,1.026291809296861590e+00
1.027899026870000121e+00,1.042265209560777173e+00
9.125559926030000213e-01,1.032979185301276415e+00
7.935979962350000472e-01,1.021122739895182541e+00
1.030437946320000187e+00,8.948600529615930999e-01
5.325379967690000438e-01,9.905173073695602293e-01
6.127780079839999505e-01,7.614906673323545983e-01
8.741289973260000234e-01,7.099657926972193778e-01
3.667230010029999820e-01,8.730851568481891034e-01
7.391750216480000857e-01,6.204543529451025385e-01
5.604230165479999748e-01,6.906911467788846570e-01
7.758178114889999755e-01,6.621715953897734375e-01
8.102909922600001202e-01,7.146565719992016286e-01
6.437510252000000488e-01,6.958726978137647068e-01
7.236457467079999706e-01,6.822002996097796812e-01
9.113870263100001257e-01,7.026248695160889346e-01
6.627830266949999993e-01,7.371670246954376005e-01
1.002035975460000117e+00,6.876229401110722783e-01
8.224419951440000709e-01,8.479586140173288600e-01
1.030576944350000135e+00,7.560667272465214639e-01
6.781139969830000114e-01,9.689887271687933623e-01
5.333459973340000104e-01,8.713052104784633212e-01
3.209959864620000047e-01,8.811121416207785551e-01
7.608630061149999069e-01,6.418901236300602609e-01
7.439860105509998878e-01,7.066819591608610729e-01
5.468400120740000148e-01,7.951303883613323187e-01
7.004669904709999173e-01,6.819729864008622355e-01
8.356525897980000561e-01,7.025059161952492692e-01
1.274258971210000091e+00,7.573891471077203175e-01
8.934450149539999719e-01,8.509753068735088632e-01
6.211659908290000365e-01,8.232292546448819470e-01
7.900159955019999680e-01,8.088130278205891699e-01
1.067494988440000014e+00,7.933865095961432079e-01
6.698009967800000464e-01,8.923028508714898610e-01
1.265694975850000015e+00,7.786022043855310715e-01
6.380620002750000408e-01,1.107083026861894748e+00
9.348030090330000652e-01,8.358318087311835676e-01
8.006410002709999363e-01,9.011844546731702099e-01
1.085708975790000030e+00,9.677094548370707150e-01
3.527039885520000251e-01,9.177821862628722238e-01
5.883709788319999578e-01,7.324533422826987605e-01
4.875420033929999120e-01,5.560214358790508404e-01
4.636880159380000199e-01,6.956306675539633000e-01
3.637039959430000136e-01,5.689021407389848184e-01
8.750243186949999696e-01,5.557092412813873228e-01
6.435279846190000708e-01,7.499723189302995863e-01
4.834130108360000233e-01,5.337423588334828661e-01
2.120890021319999930e-01,5.927258732158346977e-01
4.560469985010000560e-01,5.400877208926676554e-01
4.367910027499999903e-01,4.568328250288128389e-01
7.238804101939999569e-01,5.432591221787048674e-01
5.560690164570000205e-01,6.407289415363144336e-01
4.748429954049999679e-01,5.293337646388210915e-01
2.674640119080000100e-01,5.596153807096108102e-01
9.588437080380001198e-01,5.824678076691063300e-01
7.868980169300000549e-01,6.555393756712182274e-01
1.794360995290000149e+00,6.700600785107063695e-01
1.337677955630000026e+00,1.364144989120233298e+00
1.210453987120000185e+00,1.025648600926929221e+00
5.654799938200000264e-01,1.241748128039465549e+00
4.008429944520000565e-01,1.002853816990124214e+00
2.727654874320000200e-01,6.932173704771936729e-01
5.836449861529999783e-01,6.349740042123671602e-01
8.533802628519999711e-01,5.083607634427692590e-01
8.660610318179999823e-01,8.320003590388975745e-01
1.158349990839999899e+00,7.961600743246658451e-01
7.764859795569999390e-01,8.363641539420528792e-01
1.068807005880000105e+00,8.169778462649949224e-01
5.888479948040000744e-01,9.683038345420545978e-01
1.588868498799999918e+00,7.294062150084060780e-01
4.327859878540000205e-01,1.120285392122920110e+00
3.996030092239999942e-01,6.490523836983532746e-01
5.545349717140000134e-01,4.984989074927568264e-01
6.221979856490000849e-01,6.245961090346127120e-01
1.149551987649999996e+00,9.332698329097685042e-01
1.121260046960000034e+00,9.644034969486308118e-01
9.776459932329999436e-01,1.108159990586488286e+00
1.732741951940000025e+00,1.179853620343559006e+00
2.302707910540000125e+00,1.289125085959138994e+00
1.053477048870000043e+00,1.950532879131551267e+00
7.962800264360000435e-01,1.284772765759178315e+00
5.203329920770000117e-01,1.173983773952952614e+00
6.104800105090000262e-01,7.195712022581576273e-01
4.453057944770000276e-01,7.722279158231203366e-01
6.522138714790000069e-01,7.268655288851918472e-01
1.175541162490000069e+00,6.778451686035609214e-01
1.032202124599999937e+00,9.010897503432601097e-01
7.193930149079998948e-01,8.291132278170580960e-01
8.200139999390000378e-01,7.740555136259970048e-01
9.497330188750000568e-01,7.954485749365717284e-01
1.039114952089999822e+00,8.417150874688723583e-01
5.883830189700000046e-01,9.901927038889752897e-01
9.508559703829998488e-01,8.918222360696763662e-01
5.277600288389999728e-01,9.469414490482476188e-01
7.736063003540000205e-01,7.498081628845846280e-01
9.703559875489998765e-01,7.950255519015696493e-01
1.383889913560000018e+00,8.407120611761884632e-01
7.795230150220000542e-01,1.194762874159417620e+00
6.069999933240000090e-01,7.772512515339823347e-01
4.660570025440000097e-01,6.969995004401439154e-01
9.455270171170000459e-01,6.157952150545084047e-01
6.238729953770000280e-01,8.980146125578984950e-01
3.923240005969999555e-01,8.778562177371469488e-01
5.156549811360000568e-01,6.959546890323112800e-01
9.679385423660000765e-01,6.746800486428026211e-01
1.356565952299999989e+00,8.808930789549360707e-01
9.072690010070000310e-01,9.358260280698652567e-01
8.162760138510000152e-01,9.224311110062570762e-01
2.479866981509999846e+00,9.124907575045351216e-01
1.133080005649999888e+00,1.672711153360387115e+00
1.045583963389999926e+00,1.037506939493708646e+00
8.474370241169999485e-01,1.226969100530956647e+00
1.536522984499999911e+00,1.071490225371604987e+00
9.008989930149998715e-01,1.306583957648450811e+00
4.812009930610000596e-01,1.021925066353966294e+00
8.572540283199999722e-01,8.033036210369421948e-01
8.617479801180000232e-01,8.866474392368928203e-01
1.008694052699999899e+00,8.657186735176806147e-01
1.127727031710000105e+00,1.010803025100138530e+00
7.795569896699999779e-01,1.178644062620697097e+00
9.895502924920001053e-01,9.049082389118656700e-01
8.363329768179998958e-01,9.949986088550399899e-01
9.099559783939998869e-01,8.302083824183874583e-01
5.511059761050000061e-01,8.861547148203535729e-01
1.239764332770000088e+00,8.019731374686137615e-01
1.211838960649999963e+00,9.938877302728201801e-01
1.379981994630000042e+00,1.031930210593351216e+00
1.148460984229999982e+00,1.271997846419472999e+00
7.663900256160000035e-01,1.092142936847970036e+00
9.660840034479999394e-01,8.782253691900907544e-01
8.156750202179999798e-01,9.727260925619614085e-01
1.142272949220000111e+00,9.255734502090018356e-01
1.299479961400000105e+00,1.065166822322957119e+00
8.583310246469999516e-01,1.233556704487119848e+00
7.149469852449999996e-01,9.992332339833153165e-01
8.764400482179999230e-01,8.511531647730240513e-01
8.305460214609999836e-01,9.409112230128046095e-01
8.535240292550000385e-01,7.807326764832026589e-01
9.092410206789999227e-01,8.846528382069033247e-01
5.202720165249999917e-01,9.457798569074712391e-01
7.411040067669999454e-01,6.991207216783956735e-01
5.853319764140000325e-01,6.839114903516032573e-01
5.047770142559999673e-01,6.706227192527908221e-01
5.519493222240000607e-01,6.100361855273324085e-01
9.697520136830000137e-01,6.300146490655995635e-01
1.116515994070000017e+00,7.583630567544019652e-01
1.049844980239999837e+00,9.319303216931054124e-01
6.342629790310000404e-01,9.762185209909740591e-01
5.644329786300000817e-01,7.979914948240534045e-01
9.184709787370000100e-01,6.908826354353359012e-01
9.593539834020000656e-01,8.700589899215041001e-01
5.984159708020000412e-01,8.314461259143555161e-01
9.383450150489999197e-01,7.646554599168545741e-01
4.542250037189999867e-01,8.565703638840842515e-01
7.079470157619999204e-01,6.283579334024719243e-01
3.876500129699999575e-01,6.713337904062844919e-01
4.484339952470000057e-01,6.927780116975862379e-01
8.405709862710000202e-01,5.245109882215464037e-01
5.337110161779999862e-01,7.430597047533518129e-01
7.211350202559999589e-01,6.189092924270362950e-01
5.215386152269999576e-01,6.672675259592030228e-01
7.050759792330000275e-01,6.483687476673534178e-01
6.405649781229999506e-01,5.574042814611354091e-01
5.168589949609999623e-01,6.956028571061633192e-01
1.660409450529999997e+00,5.811609398335915166e-01
2.465307950970000217e+00,1.167477010438185747e+00
1.622156023979999917e+00,1.810019338333152206e+00
1.866270065310000170e+00,1.491173508326884667e+00
3.623536109919999415e+00,1.890086768326497468e+00
7.948709726329999947e-01,2.698956364111269934e+00
9.065989851950000400e-01,1.231581669975517102e+00
8.571879863740000660e-01,1.083710430442873518e+00
7.756379842759999477e-01,9.197381502807220333e-01
7.006700038909999817e-01,1.054795752444163570e+00
6.443409919740000769e-01,1.035236614903961350e+00
7.579550147059999077e-01,8.531228339515048997e-01
5.499600172040000068e-01,9.156442258466461759e-01
4.964669942859999408e-01,7.707732343001578723e-01
1.367677569390000070e+00,6.002083386796266407e-01
1.397894024850000250e+00,1.058931344600891444e+00
8.148130178450000427e-01,8.732723631586354340e-01
1.278898954390000009e+00,7.977043957660276963e-01
8.623980283740000363e-01,1.090053813363769608e+00
1.093865990639999897e+00,8.847233514154245748e-01
8.134710192680000285e-01,1.293570769569083234e+00
1.466687083240000078e+00,1.007093714860256561e+00
9.060310125349999577e-01,1.385372859347024033e+00
7.652140259739999006e-01,8.905482215990715433e-01
1.311033964160000176e+00,8.109572414540316965e-01
7.892500162119999718e-01,1.107931711782950579e+00
1.474902033810000068e+00,8.925834652341366748e-01
9.167850017550001063e-01,1.334930780032759889e+00
1.186140060420000086e+00,1.029630655271935646e+00
1.411391973500000008e+00,1.139460892637456979e+00
2.092472076419999993e+00,1.382229027110131625e+00
7.189220190049999681e-01,1.658782197988493134e+00
1.301861047739999888e+00,1.203374779447225151e+00
1.268974781040000055e+00,1.181870360606369186e+00
1.221997022629999874e+00,1.336230941615226042e+00
9.061110019680000960e-01,1.031604730802579750e+00
1.078873991970000112e+00,1.070306636191736382e+00
1.028025031089999874e+00,1.026255716891093073e+00
7.863690257070000689e-01,1.079918295663060190e+00
1.276852965350000035e+00,9.172075020426798675e-01
7.093420028689999546e-01,1.230521402440096113e+00
5.201929807659999572e-01,9.139865313615745945e-01
5.645610094070000473e-01,7.547773310520234924e-01
9.855200052259999177e-01,7.149633665420188633e-01
1.092841982840000004e+00,8.780568349002749740e-01
4.786899983879999709e-01,8.678585717368092478e-01
3.955059945579999514e-01,6.773220444906333793e-01
1.850703001020000071e+00,5.516054327297759130e-01
1.195796012879999815e+00,1.242756190635597502e+00
1.702510833739999896e+00,9.830696760623824915e-01
2.998351097109999586e+00,1.578432005845836761e+00
2.407080888749999925e+00,2.120057124990927022e+00
2.585943937299999718e+00,2.002932296451900740e+00
2.233839035029999920e+00,2.758280412632027723e+00
1.655773043629999997e+00,2.376318731661693828e+00
1.430611014370000156e+00,1.722796081711013727e+00
8.921740055079999676e-01,1.471573012252718859e+00
1.231696963309999893e+00,1.177733272108662632e+00
8.955079913140001624e-01,1.130507896010238156e+00
1.602033019070000064e+00,1.069228873867482443e+00
1.585399031639999956e+00,1.357188433774395353e+00
1.232059955600000034e+00,1.470893488265932803e+00
1.210371017459999976e+00,1.282977460813375714e+00
1.242141008379999967e+00,1.320363988237717390e+00
9.857040047650000858e-01,1.193638240814103524e+00
7.289689779279999726e-01,1.068205141853169504e+00
6.761519908910000876e-01,9.426982311198999209e-01
1.071573019029999907e+00,7.514834298690151737e-01
9.457439780239998983e-01,9.202308102140589474e-01
4.376370012759999706e-01,9.112745547049961869e-01
5.141820311550000522e-01,7.163489419130045777e-01
3.387190103530000052e-01,5.859902902306790562e-01
7.144280076029999593e-01,6.005436877071944624e-01
4.996199905870000180e-01,6.080738310587842088e-01
7.917379736899999854e-01,5.260757557983122279e-01
8.646243214609999894e-01,7.279602817065677911e-01
6.024960279459999901e-01,8.338344002017669121e-01
1.260069966320000123e+00,6.720364770900519868e-01
1.012339949610000067e+00,1.012169374556319390e+00
1.004528999329999950e+00,9.580541567718833251e-01
6.310235261919999727e-01,9.985627310312022997e-01
1.141221046449999887e+00,8.889960728889888530e-01
5.426099896430000014e-01,8.451552845039491668e-01
8.547459840769999762e-01,7.171292895202658890e-01
7.744219899179999311e-01,7.678272464486907145e-01
3.084340095520000102e-01,8.225913520851156902e-01
8.376209735870000506e-01,6.059316180580313072e-01
7.293469905850000767e-01,7.259180375105046545e-01
7.503905892370000830e-01,8.204335556437851729e-01
1.134822010990000019e+00,7.729217484671750960e-01
1.614240050320000064e+00,8.705085502744127623e-01
1.244793057440000128e+00,1.315295949133444608e+00
7.141630053519999466e-01,1.142722320741107689e+00
7.293040156360000026e-01,9.907481010179912673e-01
6.486989855770000091e-01,9.149644488872971104e-01
3.427990078929999962e-01,6.612015596954815555e-01
3.861860036850000011e-01,5.892426824189181955e-01
6.366299986840000535e-01,5.325374439011931749e-01
3.990480005740000280e-01,6.437098379480907795e-01
4.178859889509999870e-01,5.456506834560227448e-01
1.103790521619999909e+00,5.552121088592693043e-01
6.956189870829999622e-01,8.551035925873813337e-01
8.070139884950000564e-01,6.020813458843092825e-01
5.947690010070000310e-01,8.045253793123793296e-01
1.107607960700000005e+00,7.635732151833268810e-01
9.713580012320000012e-01,8.157413312567032282e-01
7.170349955560000321e-01,9.253939372406252417e-01
6.764810085300000386e-01,8.483403330810768139e-01
1.687772989270000190e+00,8.539287929640231312e-01
9.907569885250000485e-01,1.221333400915305623e+00
8.082039952280000161e-01,9.631499897898015972e-01
1.087718963619999979e+00,1.003654483419800014e+00
1.564818024639999861e+00,1.007499760625460095e+00
6.673809885979999912e-01,1.284766148790563944e+00
1.256489992140000123e+00,9.267868868444997243e-01
1.091886043549999963e+00,1.106571754430883514e+00
7.375509738919999725e-01,1.061434964456639429e+00
6.224380135540000802e-01,9.138784657814461587e-01
8.364729881290000613e-01,9.607903493510822068e-01
5.774260163309999916e-01,7.657371987052559170e-01
1.015761017800000054e+00,7.322419630384333633e-01
1.106158971790000001e+00,8.191673304133461064e-01
6.945540308949998964e-01,9.480721553884946529e-01
1.130903959270000092e+00,8.764120139078651617e-01
9.518219828609999489e-01,9.261774560987117155e-01
7.524570226669999862e-01,9.280779860569069450e-01
5.585229992869999993e-01,8.427284079261223582e-01
1.415836334229999771e+00,8.375353077843528116e-01
1.855298042299999839e+00,1.105759686048292556e+00
7.845479845999999702e-01,1.267849541151381487e+00
8.210539817810000862e-01,8.806835432688929766e-01
5.835890173909999978e-01,9.657103135282667505e-01
8.359720110889999889e-01,7.485181532729562326e-01
2.184663057329999880e+00,9.860007815214211213e-01
6.805480122570000123e-01,1.652556739964029520e+00
1.238904953000000031e+00,8.318080734362014450e-01
1.030328035349999949e+00,1.158304430319259115e+00
7.914109826090000022e-01,1.091980333359358735e+00
8.423720002169999832e-01,8.499098145452789188e-01
4.464710056780000769e-01,8.919911225369820951e-01
5.589337944979999584e-01,9.241785594953938476e-01
7.099329829220000221e-01,8.446932524383320429e-01
7.334340214730000751e-01,7.512411780515441118e-01
7.833399772640000647e-01,8.301669131055888773e-01
8.426809906959999985e-01,7.143457497363582265e-01
1.099761009220000085e+00,7.310386833340195567e-01
8.706315755840000614e-01,1.020128759438403199e+00
5.862460136410000411e-01,8.790436577215891001e-01
8.863990306849999223e-01,7.564035874958068284e-01
1.019399046900000050e+00,8.319559466466053266e-01
8.493610024450000129e-01,8.303327837431213609e-01
1.010666966439999870e+00,7.745571069629880734e-01
1.331516027449999973e+00,9.468575927770780387e-01
1.215008974079999859e+00,1.158930411753660517e+00
1.645591020579999952e+00,1.143839412858573379e+00
9.708780050280000351e-01,1.452445265683090403e+00
1.411272048950000135e+00,1.140177545721495767e+00
7.953929901119999313e-01,1.293412203720990750e+00
1.046331048010000098e+00,9.308808410400535305e-01
8.879339694979999642e-01,9.588667889691411261e-01
8.349300026890000836e-01,9.940378653555540511e-01
9.847199916839999290e-01,9.342196307990026094e-01
1.090394020079999970e+00,9.825137382665156682e-01
4.901649951929999416e-01,1.098857233762675190e+00
6.141669750209999279e-01,7.358885327758053485e-01
6.314740180969999894e-01,6.461914409237613510e-01
8.252440094949999860e-01,7.020615310326863145e-01
1.051450967789999913e+00,7.640443211929109912e-01
1.047114968300000060e+00,8.888623165396620784e-01
3.921430110930000379e-01,9.620152821841755353e-01
4.695149958129999912e-01,7.499662426285359507e-01
7.720900177959999500e-01,5.809651241889184359e-01
7.520099878309999264e-01,7.323635816649718411e-01
6.877393722529999698e-01,7.164305148174434645e-01
6.718119978899999012e-01,8.255489568335057093e-01
1.185933232310000029e+00,6.865711959322750024e-01
6.571980118750000432e-01,9.915731817801413106e-01
8.213180303569999063e-01,7.784613234690479500e-01
7.795739769939998842e-01,8.050971667487105687e-01
1.030122995379999962e+00,8.529390485576161529e-01
6.211889982220000217e-01,8.939612794730193990e-01
8.660820126530001106e-01,7.771498227634537903e-01
9.608931541439998947e-01,8.374884764452632524e-01
6.760399937630000577e-01,9.162812223347481799e-01
7.402380108830000083e-01,7.323743602802635921e-01
5.984709858890000511e-01,7.942866570729525399e-01
6.151059865950000427e-01,7.220813712924869510e-01
9.358735680580000382e-01,6.570626474805383310e-01
5.818247795100000008e-01,8.192471457371658383e-01
7.156659960750000327e-01,7.243210614008528392e-01
6.529520154000000298e-01,6.676211931764960417e-01
9.700022935870000751e-01,6.657045920201667411e-01
7.834500074390000623e-01,8.669209892808894535e-01
7.448130249979999506e-01,7.454357569937870576e-01
8.276180028919999376e-01,7.446239928396383156e-01
8.943400979040000420e-01,8.566897057575536545e-01
2.505017042159999985e+00,9.284033501085969808e-01
1.620712041850000062e+00,1.590823972673871545e+00
1.417585968970000110e+00,1.367137279217847334e+00
1.049872040749999957e+00,1.476465385886357673e+00
1.226507544519999993e+00,1.177373571578407718e+00
1.043179035189999881e+00,1.352766303067477915e+00
9.694439768789999690e-01,1.121325560740180638e+00
8.192250132559999454e-01,1.151604584255551122e+00
8.129550218580000598e-01,9.217065033405078545e-01
6.712080240250000163e-01,8.082022908765990055e-01
5.289899706839999993e-01,7.561525444684098485e-01
3.461930155749999849e-01,7.203042671439126021e-01
4.789490103719999947e-01,5.837483977729392981e-01
1.153810977940000093e+00,5.461310800069973936e-01
9.671270251270001062e-01,9.577120039397555296e-01
7.845839858059999727e-01,8.054423783994131281e-01
4.701859951020000428e-01,8.212860698750136246e-01
5.632782578470000301e-01,7.262901733783283520e-01
2.416239976880000528e-01,6.415910588044526630e-01
2.709859907630000064e-01,4.907216000264060796e-01
1.994680017229999991e-01,4.010797239831778715e-01
1.327169984580000017e-01,4.755619050263727443e-01
4.732620120049999546e-01,4.507479370787284556e-01
6.585559844969999244e-01,8.643703562103526306e-01
9.621880054470001165e-01,1.092677292612021622e+00
5.111979842189999790e-01,9.885197450725070611e-01
9.829789996150001263e-01,5.763747320057338586e-01
9.100099802019999684e-01,7.451227489157242756e-01
1.026576042179999870e+00,7.845398771845590868e-01
8.309389948840000262e-01,9.281188270718360167e-01
9.651920199390001676e-01,8.905044871071121637e-01
1.000543951989999902e+00,9.145970186398324486e-01
1.983185052870000131e+00,1.066611520523457424e+00
1.274855017659999978e+00,1.598015633775623501e+00
1.286525964740000028e+00,1.098586859001884797e+00
1.382244944570000245e+00,1.314252040490445417e+00
1.736924052240000016e+00,1.294376751729417796e+00
1.257668018339999971e+00,1.286462033865604981e+00
7.533379793170000838e-01,1.356579583377429010e+00
1.084908962249999886e+00,1.047576330497074881e+00
1.062494039539999990e+00,1.089185819857136694e+00
7.787629961969999570e-01,1.060921732728324685e+00
8.256469964979999965e-01,9.698770510717490412e-01
9.891830086709999525e-01,1.009839455913655426e+00
1.418092012410000047e+00,9.631307572613349022e-01
1.151677966120000063e+00,1.205846180849594385e+00
1.250364065170000094e+00,1.129142533643078483e+00
8.794019818310000458e-01,1.223589393699967998e+00
1.089423060420000144e+00,9.960566641205942373e-01
1.809062957759999701e+00,1.023715819447046371e+00
8.687390089040000207e-01,1.443796861249314833e+00
8.521729707719999380e-01,1.029666218584761594e+00
1.307837963100000112e+00,9.919953433856960601e-01
1.262575984000000151e+00,1.205377690543245617e+00
7.601559758189999627e-01,1.129706697180788533e+00
1.069887042049999959e+00,1.029685047679859355e+00
8.579840064049999437e-01,1.108084771757608111e+00
1.149323940279999956e+00,7.771099126214207065e-01
1.067142963410000034e+00,1.060889067852775591e+00
7.400619983670000401e-01,1.123626576027434654e+00
6.799880266190000411e-01,8.856919833600028769e-01
7.323921322820000634e-01,8.630472104997730654e-01
8.352749943730000126e-01,8.518191290997381149e-01
6.000829935070000065e-01,7.685108824796905713e-01
1.010563969610000168e+00,7.369601493548468829e-01
7.613970041280000434e-01,8.524602260581459756e-01
7.260069847110000030e-01,7.099646071983446438e-01
1.064324021340000037e+00,7.467673318163098317e-01
5.901079773899998715e-01,9.222764885540031266e-01
7.744659781460000447e-01,7.065686952425707101e-01
7.406870126719998781e-01,7.363599380535852390e-01
8.908360004430001533e-01,8.067126991399117264e-01
7.620100975040000613e-01,8.402943439513522739e-01
7.774500250820000069e-01,8.384104804208518669e-01
5.811070203779999943e-01,7.196260410882517888e-01
7.908779978749999051e-01,6.869032596233518584e-01
8.903719782829999652e-01,8.009945089742495083e-01
7.882059812549999656e-01,7.928934809511619664e-01
7.301949858670000459e-01,8.547662941830027616e-01
9.248933196070000529e-01,8.183295993696194648e-01
1.265586972239999941e+00,8.660351686489189404e-01
7.884140014650000694e-01,9.672123240683681011e-01
9.180610179899999501e-01,8.605266051071492894e-01
6.569269895549999516e-01,9.278168290872274016e-01
8.252680301670000107e-01,7.492866243970696116e-01
4.257229864599999525e-01,7.906600820885677505e-01
9.114630222319999309e-01,6.464678142757894763e-01
7.238519787790000937e-01,7.708116596751204419e-01
9.657319784160000031e-01,7.615113548664136367e-01
7.194200158119999911e-01,8.348653063856995571e-01
7.146480083470000411e-01,7.716884824202344673e-01
6.188799738879999790e-01,7.374035325476496761e-01
8.502969741820000094e-01,7.946532606126941456e-01
6.113014817240000065e-01,7.897832676105309702e-01
8.405809998509999881e-01,7.845408989953045475e-01
5.909900069240000553e-01,7.444242023842332356e-01
1.191807866100000002e+00,6.666815373376070442e-01
1.072478055950000009e+00,9.462475618414831757e-01
7.976800203319999172e-01,7.898848418816188932e-01
7.140370011329999489e-01,8.595591851160927499e-01
8.885610103609999921e-01,8.336365442424334971e-01
7.367290258409999737e-01,9.029544491353271862e-01
9.655410051350000744e-01,8.524293832464181486e-01
8.569459915160000385e-01,9.751207043907769156e-01
5.838339924809999859e-01,8.925429036464179733e-01
3.047562122340000457e+00,7.226557777388844528e-01
8.865389823909999301e-01,2.156758887101519750e+00
1.186460971829999878e+00,9.902891972143977872e-01
8.750730156899999557e-01,1.185369220821466341e+00
1.111973047260000014e+00,1.600290629264005560e+00
6.929270029070000447e-01,1.173551508325608062e+00
5.632749795910000357e-01,8.811898207318422660e-01
5.519689917560000048e-01,4.887143404477627961e-01
9.211350083349998386e-01,1.602251764904745468e-01
5.465030074119999748e-01,9.349886938458455976e-01
9.997850060459999577e-01,7.422500933461135819e-01
7.512239813800000166e-01,9.391129303452910859e-01
8.402569890019999654e-01,7.638459989704219355e-01
7.843149900439999600e-01,8.196486346894005237e-01
5.915480256080000165e-01,8.187812711340525240e-01
6.109840273859999948e-01,6.998882602761976601e-01
9.328789710999999540e-01,7.608188201534840100e-01
7.992020249369999885e-01,8.430736906736892022e-01
9.833549857140000405e-01,7.497083379270385040e-01
5.405290126799999761e-01,9.170735985393783096e-01
1.093670010570000128e+00,7.837760554646794331e-01
9.266330003740002041e-01,8.540729641772436542e-01
7.972419857979999858e-01,8.841074409345041074e-01
5.896059870719999596e-01,8.854436502805217435e-01
7.799540162090000672e-01,8.126792918285039580e-01
5.182790160179999717e-01,7.582431874414052864e-01
7.263879776000000676e-01,6.508050454063909473e-01
6.216366887090000182e-01,7.047788730223865095e-01
8.810679912569999717e-01,6.937493850049738509e-01
7.315016984940000411e-01,7.186132166556354894e-01
9.703850150110000516e-01,7.108556889982640126e-01
8.715350031849999901e-01,8.549862067043844105e-01
5.505740046500000595e-01,8.403347782260817134e-01
2.576299905780000121e-01,7.100418779157932070e-01
6.952109932899999123e-01,6.120682959401275713e-01
3.547430038449999601e-01,5.565200530682392621e-01
1.308350920679999918e+00,4.291706340316019386e-01
1.424710035319999957e+00,9.570558079914958105e-01
2.422243118290000385e+00,1.023292225983715609e+00
1.588093161580000023e+00,1.877004708880146699e+00
2.882889986040000352e+00,1.491050228017823054e+00
1.510810017590000109e+00,2.422327261781970886e+00
5.103110075000000245e-01,1.884329180577590357e+00
6.637499928469999810e-01,1.006906564765935430e+00
5.865659713749999948e-01,8.061213451851938494e-01
9.182999730109998593e-01,8.107127228039842093e-01
1.126363039020000123e+00,9.176981398489263420e-01
9.455379843710000065e-01,1.130532836128824048e+00
7.979699969290000583e-01,1.037680890372525200e+00
8.895260095600000527e-01,8.369009137721626912e-01
5.017459988589999531e-01,8.511950904284857344e-01
7.889080047609999813e-01,6.340955545064543841e-01
5.571460127830000220e-01,7.362791356407442089e-01
8.079270124439998924e-01,7.872775413035048020e-01
7.382910251620000697e-01,7.651731211451489045e-01
6.742079854009999096e-01,7.767228083835653329e-01
8.787713646889999675e-01,7.455850339539045191e-01
7.401880025859999268e-01,8.172759950984455068e-01
8.886500000949999478e-01,7.177096747169158242e-01
7.983270287510000340e-01,8.434189205119617672e-01
5.137799978260000344e-01,8.045235837032050918e-01
7.760372757910000141e-01,6.392325707962991377e-01
8.528280258179999906e-01,7.516290345934272255e-01
7.851629853249999513e-01,6.942573952473104493e-01
8.431609868999999646e-01,7.793579458641265445e-01
1.024798870089999925e+00,8.645308532476859709e-01
8.044279813770001120e-01,9.114628109342507445e-01
8.841310143469999216e-01,8.477354822960739833e-01
3.615649938579999501e-01,8.866629069383892281e-01
1.171491026879999842e+00,7.528714837097544299e-01
4.477910101410000343e-01,8.544894562212342892e-01
7.665730118750000432e-01,6.090631108554509510e-01
7.735599875449999940e-01,7.253419660747532083e-01
1.054823040959999902e+00,7.921311456517682315e-01
7.843300104139999673e-01,8.808628280659379639e-01
1.034250974660000155e+00,8.628011227584674314e-01
1.096979022029999973e+00,1.005409514472171750e+00
7.633029818529999400e-01,9.936966301689987846e-01
5.883730053899999257e-01,8.469797342038167809e-01
6.365630030629999547e-01,7.803007068172228555e-01
5.750700235369999858e-01,7.213888828751897631e-01
5.399640202519999654e-01,6.469780252140845400e-01
1.324671149250000068e+00,6.492218521678960741e-01
8.178460001949999780e-01,1.015609454198899586e+00
6.359609961509999909e-01,7.004920330343297197e-01
8.135920166969999867e-01,7.025893012430167728e-01
9.872140288350000903e-01,8.039508885417940842e-01
9.839289784429998686e-01,9.007544277703394275e-01
5.904790163040000150e-01,9.732827165252382340e-01
8.986790180209999201e-01,8.383961668033367287e-01
6.268000006680000125e-01,8.866373352151030174e-01
6.926850080490000172e-01,7.433830714791832550e-01
5.757049918169999669e-01,7.105068745553048126e-01
6.764680147170000213e-01,6.870544694261255803e-01
8.279470205309999997e-01,6.993107206075301896e-01
6.547859907149999881e-01,7.157718189050294999e-01
1.085815548900000094e+00,7.045483306931032974e-01
8.509550094600001335e-01,9.115049250790731028e-01
8.879359960559999321e-01,7.844285180008623293e-01
6.557850241659999302e-01,8.906724162468747652e-01
6.597809791559999804e-01,7.657836034631604338e-01
8.856279850010000398e-01,6.955902415463111055e-01
7.502999901769999980e-01,8.189193197498768617e-01
9.303160309790000637e-01,7.625183691971531008e-01
7.259460091590000941e-01,9.109739571632702315e-01
7.123904824259998936e-01,7.387927123643075467e-01
9.326570034029998402e-01,7.433614547256435223e-01
6.544970273969999974e-01,8.253862458728903340e-01
4.987269937989999846e-01,6.504180569076167817e-01
9.782410264020000579e-01,6.457698828148443759e-01
5.593240261080000275e-01,8.664076434669089055e-01
8.733990192409999409e-01,6.689472538585067296e-01
6.232500076290000690e-01,8.425052877787757577e-01
6.319249868390000024e-01,7.682712943145028062e-01
8.335350155830000274e-01,7.149119535887286103e-01
8.613430261610000027e-01,7.482224680285199936e-01
1.036013007159999999e+00,8.063603000922657804e-01
6.160370111469999355e-01,8.696879767227682079e-01
9.874529838560001105e-01,7.288462974415609308e-01
6.686739921569999634e-01,8.609338347178120410e-01
6.455339789389999972e-01,8.174345014235819828e-01
1.007030010220000049e+00,6.989639233314148825e-01
7.763000130650000719e-01,9.264538393712326014e-01
9.358490109440000815e-01,7.771068752972466465e-01
6.626719832419999401e-01,9.067446907544550738e-01
1.113351941109999910e+00,8.414332644595345911e-01
5.495319962500000432e-01,9.545628543187891779e-01
9.273632764820001206e-01,7.752947071673110813e-01
8.215330243109999486e-01,8.986441356081850129e-01
9.193540215490000334e-01,6.660857555363249860e-01
6.899859905239998925e-01,8.061280018357790400e-01
6.497738957409999738e-01,8.414808199945894573e-01
9.705049991610000815e-01,8.048186423031873371e-01
8.034440279009998909e-01,8.177484073062319947e-01
8.920990228650002019e-01,8.561703233237801802e-01
7.462270259859999921e-01,9.431658699172940086e-01
1.495407462120000197e+00,7.598595415800830644e-01
7.597569823270000633e-01,1.141067051816495370e+00
9.677280187610000084e-01,6.521180589871180544e-01
1.126011013979999920e+00,8.433541512686996144e-01
7.641419768330000029e-01,1.046082828432858047e+00
1.423818945879999909e+00,8.617737284289419541e-01
8.309190273280000483e-01,1.241981337327862978e+00
5.316870212550000030e-01,9.493356508300325736e-01
6.942920088770000442e-01,7.630163117928395744e-01
1.097100019450000019e+00,7.871318307605041920e-01
8.623710274700000511e-01,1.084901893187095512e+00
9.711959958080000899e-01,9.400562236981611086e-01
7.501904964450000213e-01,1.036993191899774791e+00
5.659890174870000346e-01,9.239112815817335234e-01
7.235890030859999378e-01,7.622140316296884821e-01
1.088876962660000114e+00,7.460298093225127269e-01
2.614549994470000138e-01,9.938916389469342194e-01
1.923168003559999895e-01,6.289692721896844585e-01
2.048390060660000012e-01,4.706492588659517695e-01
3.752999901769999980e-01,4.351471091843142625e-01
1.878910064700000104e-01,5.567731545978663599e-01
4.178839921949999980e-01,2.838722097911173803e-01
6.128349900249999704e-01,6.841871328940043462e-01
4.822100102900000462e-01,8.346803305326897515e-01
8.136649727820000066e-01,6.024960307452177366e-01
8.997989892959999958e-01,7.355641111709194657e-01
7.667459845540000041e-01,7.999728238882586329e-01
6.762999892229999421e-01,6.971673981650130525e-01
9.804093837739999984e-01,6.932505710593472870e-01
1.075533032420000090e+00,8.770820952390394609e-01
6.459739804270000496e-01,8.009888625605017243e-01
7.601699829100000416e-01,7.818470636129986051e-01
8.707180023190000950e-01,7.920636879549910470e-01
1.045557022089999899e+00,8.168347911072004752e-01
4.832339882850000268e-01,9.568408226481429635e-01
1.085988998409999962e+00,7.566320448682128941e-01
7.320979833600000930e-01,9.256903648685966823e-01
7.128990292550000385e-01,8.012346212721336292e-01
1.045389056210000112e+00,7.698110721702192683e-01
7.359200119969999676e-01,1.017863254554680630e+00
8.956930041310000590e-01,7.623708547779010081e-01
8.745509982110000191e-01,9.049826773286554493e-01
9.237470030779999508e-01,8.897363069841172090e-01
9.997780323029999971e-01,8.701789749735819868e-01
1.739534020420000049e+00,9.306715798209744817e-01
8.107889890670000321e-01,1.271787698969714775e+00
7.049050331119999235e-01,8.850034631397758478e-01
8.328269720080000438e-01,7.992036335284262716e-01
8.276600241660000412e-01,8.619124334506983454e-01
8.953109979629999549e-01,9.571588323079297522e-01
1.459501028060000039e+00,9.953048858788225983e-01
1.179519057270000060e+00,1.339210087060045185e+00
1.443411946299999915e+00,1.142048792038728777e+00
1.306735038760000078e+00,1.355150903465768497e+00
7.634999752040000365e-01,1.270553745101948628e+00
1.145148038860000161e+00,9.120764744235801968e-01
7.253450155259999477e-01,1.105892025420582181e+00
7.633590102199999672e-01,9.391959995907084302e-01
6.174820065499999622e-01,8.482798742918821189e-01
1.029322981830000039e+00,7.394777885201607726e-01
1.302055954929999926e+00,9.023932137963717182e-01
3.164124965670000122e+00,1.082861509083409057e+00
9.734439849849999549e-01,2.229512552915848822e+00
1.229671001429999855e+00,1.213422922408695870e+00
7.441530227660000385e-01,1.329438358785988594e+00
1.063034057620000139e+00,1.156999515167385972e+00
1.123872041700000102e+00,1.097036848157973532e+00
8.984770178789999173e-01,1.149672128498511192e+00
7.175139784810000698e-01,1.075559173311955163e+00
5.367509722709999931e-01,8.933417215576253678e-01
1.175443053249999981e+00,6.961485486865118810e-01
1.101048946379999949e+00,9.311478874755514390e-01
5.734490156170000130e-01,1.024878902968554995e+00
1.431144952770000200e+00,8.477979268372192179e-01
1.037794947620000130e+00,1.165510843193619417e+00
6.568620204930000206e-01,9.626718848726348865e-01
1.074908018110000141e+00,8.012184541759036494e-01
1.385972023009999887e+00,1.057464441030952829e+00
1.004804968829999812e+00,1.163843348915199805e+00
1.609539985660000116e+00,1.035089002933197833e+00
2.817575931549999524e+00,1.500616828611415210e+00
1.962562561039999931e+00,2.114000470762996908e+00
1.279752016069999998e+00,1.727657539782645246e+00
1.995329976079999845e+00,1.731592709879267611e+00
2.033385992049999924e+00,1.754375084933151419e+00
1.307443976400000096e+00,1.856341913222976814e+00
1.611258029939999892e+00,1.640934275991346336e+00
2.040218114850000042e+00,1.854909617291736312e+00
2.183244943620000100e+00,1.944024005858675297e+00
1.351415991779999937e+00,2.057849225624574174e+00
7.242180109020001089e-01,1.666957495779994858e+00
1.363389015200000109e+00,1.228494058824031621e+00
1.526808977129999967e+00,1.186151142480232235e+00
1.784019589419999940e+00,1.445908558814598344e+00
1.103597044940000105e+00,1.791254012162187381e+00
1.763007998470000004e+00,1.275066438333084307e+00
1.157549023629999896e+00,1.661547331951656936e+00
1.153326034550000045e+00,1.218211960883797129e+00
2.362811088559999551e+00,1.141940362707202228e+00
2.580787897110000007e+00,2.016123532573559363e+00
1.242146968839999976e+00,2.140793509209347523e+00
1.712821006770000265e+00,1.733311436888693713e+00
6.676509976389999323e-01,1.830873381248117937e+00
8.271329998970000652e-01,1.062683098015269501e+00
9.642647504810000214e-01,9.688565432175556547e-01
1.394161701200000048e+00,1.099523292334069646e+00
7.584049701689999923e-01,1.291679763283856586e+00
6.900759935379999765e-01,9.420472252427248838e-01
6.740249991419999809e-01,7.722187889698589602e-01
8.615220189090000424e-01,7.301263634126976543e-01
7.907469868659999790e-01,8.212309400438010387e-01
7.285000085830000138e-01,7.914723918698136629e-01
2.411980032920000017e-01,8.419459489073366498e-01
3.354600071909999981e-01,7.468081331492683050e-01
5.912460088730000507e-01,5.382258213329504937e-01
1.058426976200000036e+00,6.438797363056495415e-01
7.669919729230000316e-01,9.707677542395313219e-01
5.881239771840000019e-01,7.115962785777132371e-01
5.922303199769999305e-01,6.805183561337785347e-01
8.753510117530000079e-01,7.023296191199149829e-01
7.038279771799998974e-01,7.068686214976256377e-01
5.677499771120000371e-01,7.696512960220204258e-01
7.133870124819999825e-01,6.572751030982589837e-01
1.077505946160000061e+00,6.652571364651207464e-01
6.909419894220000247e-01,8.707726437099242434e-01
7.724580168719999973e-01,6.538724187528186516e-01
7.237120270730000859e-01,7.649767234982388642e-01
9.752489924429997847e-01,8.327340571827683835e-01
9.151769876480000399e-01,8.582052114745244431e-01
7.574009895319999686e-01,9.550776700191011548e-01
6.912069916730000374e-01,8.951704651774059496e-01
1.183527946470000147e+00,7.807618972943779490e-01
7.705749869349999281e-01,9.656730174360536045e-01
8.947700262070000798e-01,7.615764068437170797e-01
6.143350005150000070e-01,8.678763856348233885e-01
7.692319750789999855e-01,7.013496463987932694e-01
9.070749878880000061e-01,7.269882718342334238e-01
4.068099856379999713e-01,9.001211068247736424e-01
5.138880014419999753e-01,5.833685421083988354e-01
2.481469959019999838e-01,5.559780948999675232e-01
2.568759918210000159e-01,5.808069865754265093e-01
5.980659723279999618e-01,5.725116987716003525e-01
5.981699824330000137e-01,5.525358013341052921e-01
8.801140189170000294e-01,6.507568103175878083e-01
1.085649013520000095e+00,7.967441400240983240e-01
9.920129775999999566e-01,8.312941638075539430e-01
8.743849992749999078e-01,8.875103997469083739e-01
8.770260214810000621e-01,8.283973782929258123e-01
1.008928894999999937e+00,8.669229436179465287e-01
8.088759779930000393e-01,9.779122367849499842e-01
6.714209914210000907e-01,6.431288409877259360e-01
7.449629902840000373e-01,7.075024665758877784e-01
6.942679882050000195e-01,7.438361205386827546e-01
1.001886010170000008e+00,7.629022013258409673e-01
7.935580015180000446e-01,9.434710341924815724e-01
8.450049161910000439e-01,8.387022073887105966e-01
8.031240105629999793e-01,9.209213244533136500e-01
5.744469761850000689e-01,7.784973067493969889e-01
5.679720044139999757e-01,6.565322433794025248e-01
4.538080096239999195e-01,6.234446523305197108e-01
8.494881391529999215e-01,6.740357589391687831e-01
4.064599871639999473e-01,7.454862539549202971e-01
2.453519999980000310e-01,6.011485517195208628e-01
2.323218107220000217e+00,5.049039561961230493e-01
2.027115583420000089e+00,2.440993224298299236e+00
1.581117987629999888e+00,1.385352350381833020e+00
1.727049946780000012e+00,1.701279626005711698e+00
1.150642037389999928e+00,1.267757452524706840e+00
1.607933998109999818e+00,1.085360304272886101e+00
1.331233978270000007e+00,1.319445046387534681e+00
1.221642017359999999e+00,9.858659554123008206e-01
1.583541989330000010e+00,9.700897017924922094e-01
1.608662128450000006e+00,1.131590201920137373e+00
2.185653924939999992e+00,1.159470352755088252e+00
2.989559888840000124e+00,1.699087739444717693e+00
7.574499845500000106e-01,2.462733562375468477e+00
1.811344027520000122e+00,1.525242806529691908e+00
1.527951955800000094e+00,1.720653111445986649e+00
8.892235755919999374e-01,1.472651927007538442e+00
