1.176299691200000108e+00,9.200287826875556130e-01
1.714609026910000056e+00,1.165043576414700466e+00
1.307337045669999975e+00,1.456705955252454832e+00
6.186890006069999393e-01,1.157946112044316855e+00
2.298435926440000276e+00,9.778999105728009011e-01
1.808241009709999902e+00,1.087045858808221022e+00
8.794149756429999742e-01,1.918150026655004226e+00
1.570945024490000064e+00,1.021485634824079058e+00
1.578516006470000121e+00,2.048606145524450195e+00
6.200309991839999535e-01,1.403276774258246151e+00
9.928810000419999726e-01,1.294285532799267724e+00
4.551869928839999413e-01,1.086477189713420888e+00
1.017398953439999865e+00,1.156476979670357119e+00
8.378469943999999892e-01,5.701161279618262023e-01
4.884769916529999589e-01,1.025325262309160435e+00
1.246340990070000210e+00,5.352653049199602719e-01
1.209630966189999990e+00,9.040904397913392954e-01
1.252451062200000020e+00,1.210169066947787142e+00
1.519726991650000025e+00,1.119901684000390585e+00
1.063797950739999942e+00,1.627285731611999298e+00
1.571495056150000069e+00,1.220758703467789585e+00
1.278105020519999968e+00,1.287684886702067155e+00
1.192077994349999948e+00,1.355200585293086846e+00
8.304439187050000060e-01,1.077848424548311534e+00
1.402015686039999931e+00,1.092848897294320443e+00
1.156504034999999986e+00,1.055607473609510683e+00
1.162554860120000200e+00,1.171458299251840751e+00
6.007519960399999581e-01,1.143355421782419334e+00
1.253835797310000055e+00,1.052936612434825392e+00
1.791844010350000183e+00,9.695941037399079532e-01
1.734062552449999961e+00,1.369795349570643195e+00
4.939970970150000085e+00,1.884732410576289485e+00
2.394351005549999911e+00,3.187953512665508971e+00
2.212575912479999740e+00,2.524736937557994665e+00
1.886527061460000043e+00,1.630086643831996973e+00
9.343829751010001017e-01,2.143979698643132981e+00
9.099829792980000942e-01,1.394412245277875551e+00
8.112999796870000724e-01,1.040578694391067982e+00
1.049708962440000004e+00,1.082141802141041609e+00
1.351788043980000076e+00,8.587731001572342926e-01
1.277305960659999906e+00,1.562939458475558929e+00
7.854449748989998925e-01,1.571460500317537035e+00
4.846229851250000165e-01,8.209277697876412594e-01
6.676359772680000582e-01,4.877497957461667255e-01
8.322510123249999836e-01,5.515737483295861665e-01
5.959370136259999340e-01,8.826210650908591360e-01
3.410890102390000123e-01,8.116956270306915355e-01
6.860110163689999707e-01,7.302782230077415893e-01
8.153510093690000682e-01,7.697655404156701353e-01
3.985430002210000322e-01,8.800191976359004187e-01
6.998159885410000225e-01,5.989748676091707358e-01
4.263690114019999533e-01,7.398379272055088940e-01
6.866139769550000382e-01,4.938885966136954409e-01
1.826770007609999913e-01,6.820396554184716686e-01
7.018824815749999946e-01,5.849478200591178290e-01
1.796682000159999681e+00,6.460213887985661874e-01
7.204269766809999753e-01,1.036715363542154433e+00
4.680640101429999755e-01,4.707258070408505413e-01
6.408870220180000743e-01,6.364018970982752155e-01
7.520520091060001189e-01,8.109784944561732045e-01
1.001817584040000098e+00,3.615629278312643691e-01
1.660804033279999814e+00,9.710511198854800963e-01
1.450595021250000061e+00,3.873115533429046797e-01
1.085010051729999869e+00,-5.972399449791420539e-02
1.099555015560000015e+00,7.640441409706273390e-01
7.694180011750000325e-01,9.583149003877012850e-01
1.254430413249999932e+00,1.028681193026037111e+00
1.496320962910000052e+00,1.520669482554155350e+00
7.186369895940000196e-01,1.256050313840208377e+00
8.902019858359999649e-01,9.560822868974440114e-01
9.891759753229999452e-01,8.308850873318380792e-01
2.849014520649999938e+00,1.064982736007457298e+00
4.281075000759999583e+00,1.868066723611761182e+00
1.248739004139999942e+00,3.416157647961829191e+00
7.096589803699999699e-01,1.576620902515448508e+00
7.497439980509998936e-01,9.875160689875529529e-01
8.907449841499999188e-01,7.674576369996684022e-01
1.469527959819999952e+00,1.207893861475643593e+00
1.608888030049999918e+00,8.785096954704136873e-01
1.043460965159999976e+00,1.193160633574986029e+00
1.184751033780000018e+00,8.709228201280442283e-01
5.063725113870000127e-01,2.937126308632892480e-01
6.946156024930000283e-01,1.110936204086555135e+00
9.299110174179998634e-01,4.242840390849465515e-01
7.754629850390000190e-01,4.775287782793345426e-01
8.564696311949999696e-01,6.372349010272420067e-01
9.269009828569999554e-01,8.414942473814256418e-01
7.506660223010001021e-01,9.679570901752336809e-01
9.248849749570000611e-01,9.474404531366503734e-01
1.070162653919999984e+00,7.647182053796109935e-01
8.752880096439998869e-01,1.044009015575686483e+00
7.511039972310000756e-01,7.663153253364066719e-01
8.627579808239999037e-01,7.812989200175437521e-01
5.096570253369999692e-01,8.581049086799145131e-01
8.495249748229999343e-01,7.297482835163460191e-01
6.711369752879999817e-01,7.958439495584874734e-01
6.132180094720000030e-01,6.865468923786357536e-01
3.810549974440000098e-01,6.727840738441609458e-01
8.710420131680000067e-01,6.736494053519258562e-01
6.540319919589999698e-01,7.454689046666465035e-01
9.089673757550000843e-01,6.803335952247766549e-01
9.709029793739999414e-01,7.779305027072197509e-01
9.856920242310001079e-01,8.536284649290147852e-01
1.356256246570000101e+00,8.035921453390821867e-01
1.309872984889999925e+00,1.071711740052553541e+00
6.344919800760000506e-01,1.093975759443655660e+00
5.933508276940000492e-01,7.476330535301201063e-01
8.796380162239999523e-01,6.506752374131489214e-01
1.131836414339999930e+00,9.172490870945595454e-01
1.841274023059999765e+00,9.175089775480075316e-01
2.261745929719999992e+00,1.281734813287195074e+00
2.597975969309999744e+00,1.697527369953037768e+00
2.399192094800000064e+00,2.086258462788550982e+00
1.982298016549999931e+00,1.578773093878417244e+00
2.269547939300000206e+00,1.831058365368205099e+00
2.017889976500000238e+00,2.348694964386030204e+00
1.452262043950000026e+00,1.659824841768676063e+00
1.342797994609999934e+00,1.636607608532028690e+00
1.311915040020000145e+00,1.539738838757311878e+00
1.276762008670000226e+00,1.703671408840699231e+00
1.275267004970000118e+00,1.857640947176109059e+00
1.210446000100000141e+00,1.510816713775433362e+00
8.153480291369999966e-01,1.705943545573775255e+00
7.271119952200000291e-01,1.016755808462926458e+00
6.043019890790000126e-01,9.187504941380232326e-01
9.830358624459999417e-01,7.651066654181318816e-01
1.101529002189999940e+00,8.622019927909074788e-01
1.183724999429999869e+00,1.033719850937836249e+00
4.356400072569999726e-01,1.156862000604750751e+00
3.270040154459999959e-01,5.614646647094757581e-01
8.039849996569999879e-01,6.274829244541020312e-01
4.216859936710000145e-01,4.861655856571725498e-01
5.734559893609999515e-01,7.520124087260366963e-01
3.959457874300000291e-01,8.999973767867107677e-01
4.163750112060000119e-01,8.240107943646798327e-01
5.603970289230000290e-01,6.256809397098979098e-01
7.749050259590000156e-01,5.716019796727748181e-01
6.370840072629999629e-01,8.264176910702583090e-01
3.839260041709999793e-01,6.804808947000208219e-01
5.648739933969999516e-01,5.124417168326720340e-01
1.054715037350000051e+00,6.022794763106067428e-01
6.537709832190000681e-01,9.312002098073368650e-01
5.931029915809999942e-01,7.340023495034342371e-01
1.022608995439999946e+00,7.044707094515801904e-01
8.359869718549999273e-01,8.626210873108099975e-01
6.375340223309999832e-01,8.601398001374896962e-01
9.755985140799999789e-01,7.706301841026096389e-01
4.898079931740000337e-01,8.412948851606210088e-01
1.098647952079999879e+00,6.773136914358006688e-01
1.151165962220000116e+00,9.515957374713389649e-01
8.061249852179999120e-01,1.086509146927159053e+00
4.744769930839999872e-01,7.981876196574148041e-01
7.896029949189999897e-01,7.510430046364451329e-01
4.762530028819999539e-01,6.882261804694308482e-01
5.455229878430000179e-01,7.869625425132450447e-01
6.212809681889999158e-01,6.886457511729817682e-01
7.707700133319999036e-01,8.688989867129712774e-01
9.337069988249999675e-01,7.454058367878780844e-01
8.110550045970000843e-01,8.733687638927930541e-01
6.005529761310000048e-01,7.435785614010135269e-01
1.002521038060000036e+00,7.052847718531987109e-01
8.921650052069998171e-01,8.642906930007538957e-01
9.160850048070000584e-01,7.716542964024750706e-01
7.413420081139999729e-01,8.670766318904735703e-01
9.283249974250000758e-01,8.820355179311871741e-01
6.429409980770000033e-01,7.995394521259807652e-01
9.950090050700001187e-01,7.457140334269934945e-01
6.271365880970000140e-01,9.402620904553298242e-01
1.038689017300000073e+00,7.923105610686335121e-01
6.888009905820000611e-01,8.444461098179719682e-01
5.214130282399999095e-01,7.544673999801054798e-01
6.510270237919999481e-01,6.588866540650664128e-01
1.159701943399999990e+00,7.384630262846418880e-01
6.456400156020000169e-01,1.009563319000036152e+00
1.195862650870000099e+00,7.774919904763205603e-01
1.304703950880000018e+00,1.009065019266613294e+00
8.844429850579998975e-01,1.099402612847504512e+00
7.697709798810000725e-01,8.658849029463647762e-01
7.702100276950000213e-01,8.899981550814530795e-01
6.418280005459999771e-01,8.653564449152088001e-01
8.937159776689999058e-01,8.064353849944949637e-01
5.247250199319999364e-01,7.633356326110749546e-01
5.142210125920000374e-01,8.331977525843240473e-01
7.172748446459999982e-01,6.435240701090824134e-01
6.410769820210000525e-01,8.917101940254005266e-01
4.689820110800000941e-01,6.422466810175526675e-01
1.203750014310000171e+00,4.121506680860655969e-01
7.911959886550000709e-01,1.108190687897656845e+00
1.136301159859999910e+00,8.281626925045351140e-01
8.642929792399999256e-01,9.286280773757570328e-01
8.814030289650001126e-01,7.493632932712959160e-01
5.817409753800000249e-01,7.298014573570861252e-01
8.651199936869999885e-01,7.557858995932821289e-01
9.078124761579999813e-01,7.941465664890524634e-01
7.377740144730000615e-01,7.310033977949886852e-01
1.120375037189999867e+00,8.243025891225718160e-01
9.422479867940000142e-01,1.012742003581112549e+00
1.060060024260000011e+00,9.261497002136215295e-01
7.158420085910000008e-01,9.127963996167866023e-01
4.040209949019999969e-01,7.893321381663641612e-01
2.920779883859999648e-01,6.760278368571878138e-01
6.317924261089999938e-01,6.318559305347064559e-01
1.124665260310000026e+00,6.857417716477486325e-01
1.115690946580000009e+00,1.062582664600839388e+00
1.247418999670000028e+00,9.968106447117397462e-01
6.976169943809999996e-01,1.159768943050462964e+00
3.693974971769999893e+00,8.825201670666886766e-01
8.204839825630000361e-01,3.682821443443496712e+00
8.573070168499999921e-01,8.858093791634924496e-01
6.902359724040000311e-01,3.267337976000485034e-01
8.385969996449998964e-01,9.463807328817421816e-01
1.287726998329999928e+00,8.810101887175535440e-01
9.632229804989999034e-01,1.233722274203041147e+00
1.343299984930000024e+00,8.748919695654954198e-01
7.316169738770000874e-01,5.261290338042254877e-01
6.809219717980000697e-01,1.116102690853307600e+00
7.014784216880000089e-01,1.062357535553726029e+00
6.698030233380000142e-01,6.898863683049948348e-01
1.365643024439999964e+00,4.886799411394108783e-01
9.781420230869999344e-01,1.049296876263491329e+00
6.786789894100000442e-01,1.100657674216853010e+00
5.976330041890000055e-01,9.000218737899572385e-01
8.193774819369999962e-01,6.463003265979510026e-01
7.911109924320000042e-01,6.522384425123184393e-01
1.044147372249999872e+00,7.353236003999128467e-01
1.400015950200000026e+00,9.372121870965034462e-01
8.748620152470000244e-01,1.050457071268215969e+00
6.228179931639999944e-01,9.340499043966503656e-01
7.164059877399998610e-01,6.934307090187623590e-01
6.523500084880000660e-01,7.879289836823576421e-01
9.379299879070001067e-01,7.110049543844733089e-01
5.936999917030000296e-01,9.330387019645864921e-01
5.393440127369999448e-01,8.318967130382560748e-01
9.370089769359999377e-01,7.603311783360253706e-01
8.087720274930000341e-01,8.651719502060937206e-01
5.654280185700000239e-01,7.746629305117718189e-01
6.020820140839999723e-01,6.808375033433919921e-01
1.146679997439999932e+00,7.153491248997012608e-01
9.824249744419999431e-01,8.596148341197553666e-01
5.671510100359999917e-01,9.142825687835007820e-01
7.866399884220000027e-01,7.358698359539431744e-01
7.388439774510000557e-01,8.539215824192635251e-01
6.810299754140000106e-01,7.580138570656438368e-01
7.086979746820000203e-01,7.466548664976798699e-01
6.642330288889999323e-01,8.640066759091193926e-01
5.124790072439999733e-01,8.012475757821522215e-01
6.040380001070000393e-01,6.723063558262085682e-01
6.728799939159999521e-01,6.193309249396483640e-01
8.265414834020000656e-01,7.481993946159725128e-01
4.546860158440000355e-01,7.632321949407795403e-01
5.594509840010000179e-01,6.123871620691152540e-01
1.332218050960000122e-01,5.894192903363563163e-01
1.633069962260000063e-01,4.847988856769171462e-01
1.797860413789999778e-01,5.676581208779841736e-01
5.747918486599999932e-01,5.339270172307271078e-01
8.508148789409999413e-01,6.523812976068439351e-01
8.527640104289999634e-01,8.646573015007418261e-01
1.687628030779999788e+00,7.824963631654335838e-01
2.149522066120000297e+00,1.270199634769316299e+00
8.122850060459999577e-01,1.507528454045926392e+00
1.239639997479999867e+00,9.725834788660908670e-01
2.128437280650000041e+00,1.124967008196501084e+00
2.139239072800000141e+00,1.390965257665562449e+00
9.779880046840000452e-01,8.335457899220236611e-01
6.937779784199998856e-01,1.201137556234704640e+00
7.218790054320000094e-01,1.131299827446113238e+00
7.631160020829999002e-01,9.590691223775019703e-01
8.565329909319999713e-01,8.648886209352847354e-01
1.109338045120000116e+00,8.010527108513605388e-01
6.476340293879999654e-01,1.088142139385469109e+00
9.241870045659998922e-01,9.013823833827832033e-01
7.877320051189998784e-01,6.576655604626385765e-01
1.305567026139999864e+00,7.047329279139759040e-01
9.107710123059999940e-01,1.204933798098485553e+00
8.699640035629999657e-01,8.779448358448007639e-01
5.743020176890000217e-01,8.724144918613623290e-01
8.599532246590000373e-01,8.382993196470086561e-01
4.775849878790000003e-01,7.951750173510478970e-01
1.108017444610000179e+00,8.241304751883156143e-01
1.290724992749999966e+00,9.879198727214119069e-01
8.591579794879999898e-01,1.014816841555860494e+00
3.058980107309999807e-01,9.244528462371291999e-01
9.039019942279999942e-01,5.774403086581514355e-01
6.352750062940000220e-01,6.740855366645830404e-01
1.023422956470000145e+00,7.558252641082180423e-01
6.730669736859999919e-01,1.030001491555218918e+00
8.504790067669999454e-01,1.023602324050593815e+00
5.141969919200000128e-01,8.147532022371868354e-01
1.527956604959999964e+00,6.978204344363556633e-01
4.094385623930000051e+00,1.186927177980010573e+00
9.952359795569999390e-01,2.066995405659076468e+00
8.670449852940000923e-01,1.253648443517585420e+00
1.141056060789999993e+00,7.784015012447998982e-01
1.622257947919999888e+00,1.254650968825389068e+00
1.980204939840000566e+00,1.208240946446046404e+00
1.375547051430000112e+00,1.791535334186645123e+00
1.851865053180000054e+00,1.722895683457474680e+00
1.420923948290000016e+00,6.279255107006599390e-01
1.589177966120000285e+00,1.200398625030947519e+00
1.673199415210000041e+00,1.243673030994748574e+00
2.123934030530000072e+00,1.990258939809374850e+00
1.648401975629999905e+00,2.091323628256778644e+00
1.204741954800000014e+00,2.585367338048647934e+00
7.920839786529999538e-01,1.546614295728943933e+00
1.227027416229999890e+00,1.589844575341325061e+00
1.226951003070000157e+00,1.556140296706262305e+00
1.131343960759999989e+00,1.209003369376458803e+00
1.252465009690000075e+00,1.404505328071165904e+00
1.116891980170000132e+00,1.110614515577401429e+00
1.122387051579999850e+00,9.064303533303736948e-01
1.040153026579999862e+00,1.151447792522232172e+00
8.091310262680000420e-01,1.062726313334779071e+00
7.681059837340000751e-01,9.200512162283255302e-01
7.982919812199998910e-01,9.042195913786492678e-01
7.666722536090000428e-01,8.649289907268117306e-01
1.057360053060000027e+00,8.581345378847049510e-01
8.607699871060000563e-01,1.010649388083490141e+00
1.070777058600000053e+00,9.010258276487063123e-01
5.301510095600000527e-01,1.006502675054473217e+00
6.604189872739999467e-01,7.565890097709870865e-01
9.909179806709998983e-01,6.675070595616811042e-01
3.561530113220000016e-01,9.349306325090475100e-01
9.618239998820000691e-01,6.900047263962739708e-01
1.244829058649999931e+00,8.881319384540067308e-01
8.381230235100001202e-01,1.100485719010479535e+00
9.245989918709998090e-01,8.010201187260910238e-01
8.131660223010001021e-01,1.003717265257696223e+00
1.003061056139999963e+00,8.639776816158600825e-01
8.752340078350000496e-01,8.679689471383156274e-01
7.991399765009998823e-01,9.685855996818518721e-01
8.812961578369999938e-01,8.691799879748324242e-01
1.063080191609999892e+00,8.293668551327970651e-01
9.057049751279999672e-01,9.781650919556756918e-01
6.909559965129999926e-01,9.076364206932292511e-01
1.355970025060000195e+00,8.279461876723874791e-01
7.572399973869999856e-01,1.105854107644161477e+00
2.043754577640000125e+00,8.317278794802446251e-01
8.576130270960000690e-01,1.652043048586220753e+00
2.364957094190000220e+00,8.139632135644605526e-01
4.179231166840000178e+00,1.783439153977644853e+00
2.233561992649999883e+00,3.843661994369819812e+00
8.013390302660000630e-01,1.800260764632383159e+00
8.372840285299999463e-01,1.397767011990278307e+00
8.851529955859999133e-01,-1.585564927294147719e-01
9.040349721909999303e-01,1.322952423345593598e+00
1.302939534190000082e+00,-1.291502477049775444e-01
7.228699922560000157e-01,9.839124169549101628e-01
8.009120225910000279e-01,2.695156233153735426e-01
1.032919287679999965e+00,7.449466301486334929e-02
1.321628212929999879e+00,5.216108975294420080e-01
9.367759823799999275e-01,1.041736349749667667e+00
7.007700204850000336e-01,9.396238456385661575e-01
7.624319791789999634e-01,8.657833171013689100e-01
1.144938945770000105e+00,8.349555051585195731e-01
7.721610069269999599e-01,1.059955347775337398e+00
8.772150278090000697e-01,8.415084270722895665e-01
1.243505001070000171e+00,9.563752456598099139e-01
6.381840109830000385e-01,1.124872723834114296e+00
7.468199729919999807e-01,6.411109301067802191e-01
6.839929819109999976e-01,7.535522279171393834e-01
1.419505119320000119e+00,6.169630752932401263e-01
6.141470074649999500e-01,1.054872140237763878e+00
7.347676754000000976e-01,7.023802632350228947e-01
6.770560145379999062e-01,6.633201883783141906e-01
1.074026942249999950e+00,7.697095094730396214e-01
6.156389713290000287e-01,8.850548397179262006e-01
9.692379832269999440e-01,7.925034154462430314e-01
9.916120171550001361e-01,8.382945049012302530e-01
8.089560270310000023e-01,9.097410466006505825e-01
2.435143947599999859e+00,8.317801538629820968e-01
8.223479986189999869e-01,1.427714624913672958e+00
5.938220024110000272e-01,7.779965864157613042e-01
5.762249827380000466e-01,5.301701398818821076e-01
4.224239885809999429e-01,7.008120317528978571e-01
6.765879988670000511e-01,7.943624364096688595e-01
5.520349740979999531e-01,7.365668629966393155e-01
9.015229940410001142e-01,1.174377305016646167e+00
7.489960193629999763e-01,8.046796429734816014e-01
8.627583980560000754e-01,8.682546044180724509e-01
9.480749964710000199e-01,6.817453739237490096e-01
1.055613875389999956e+00,7.635724546122216738e-01
1.970020055770000278e+00,1.202029818573252307e+00
9.391199946399999554e-01,1.223480304655678585e+00
1.009042978289999892e+00,1.030454553842041987e+00
7.824029922490001177e-01,9.222394388206913707e-01
1.016265034679999957e+00,1.032484260188778702e+00
8.782749772069999850e-01,8.137751739326294365e-01
7.353619933130000064e-01,9.826949740937868105e-01
1.109990954399999952e+00,9.097536919219807450e-01
7.727199792860000027e-01,9.671514403514037683e-01
1.164981961250000086e+00,8.720837558628885544e-01
7.157210111620000426e-01,9.880288658676054103e-01
1.475479006770000101e+00,6.494290118959433755e-01
8.354520201680000202e-01,1.244487305033544322e+00
7.344660162930000125e-01,9.111359472347512201e-01
7.861927747729999805e-01,7.604547744474371429e-01
1.143465042110000107e+00,1.019343390408432803e+00
9.246990084650000830e-01,9.113193837579808276e-01
2.958764553069999970e+00,1.032266908807922823e+00
2.138324022289999959e+00,2.148809153205393230e+00
2.038712024690000124e+00,1.405473568156283548e+00
1.480209946629999829e+00,2.083746911498908894e+00
9.367650747299998137e-01,1.504786535689038418e+00
1.715939760209999942e+00,1.109978757497468438e+00
1.001402020450000041e+00,1.456801086163550085e+00
8.896229863169999863e-01,1.218402705503297545e+00
7.492939829829999843e-01,1.204191163244129781e+00
1.115183949470000213e+00,1.103077639518115882e+00
9.457820057870001129e-01,8.516855298248787731e-01
6.452180147170000213e-01,9.271449769481104886e-01
1.164842009540000056e+00,6.063249209503933645e-01
1.244351029399999975e+00,1.065676958857557199e+00
9.045109748840000075e-01,1.095291349045647511e+00
5.575259923929999362e-01,8.339223453693341837e-01
5.778343677520000332e-01,6.408861714247267027e-01
7.199835777280000348e-01,6.756865189998603194e-01
7.607790231700000128e-01,7.739488137670268442e-01
5.404400229450000426e-01,8.056086772715461697e-01
8.009672760959999360e-01,6.392582053493722771e-01
7.710149884220000027e-01,7.191375890972246943e-01
6.709719896319999988e-01,6.604257854353435819e-01
2.768970489500000021e+00,5.876443951508176777e-01
3.086133003230000060e+00,1.875344291219835480e+00
1.116358041760000086e+00,1.923267519415263971e+00
1.018260955809999979e+00,1.113442199900299023e+00
7.442610263819999794e-01,1.085183240012784989e+00
1.114386796949999869e+00,5.613083177449117445e-01
1.380516409870000238e+00,9.598066250303137759e-01
1.229098439219999950e+00,1.267877022569507739e+00
1.573238968849999919e+00,1.330038036034061344e+00
1.245597958560000107e+00,1.626721242351446106e+00
8.298619985580000247e-01,1.342985786890326327e+00
5.376980304720000436e-01,8.784766800707899392e-01
8.593800067899999284e-01,6.236039324540848527e-01
7.949647903440000274e-01,4.350180650690082529e-01
8.122889995569999577e-01,7.735696128550029194e-01
1.209460973739999945e+00,8.132117957672561070e-01
1.043611049649999956e+00,1.082033179359907837e+00
9.914460182190000248e-01,7.868308512798102283e-01
1.377645969390000058e+00,8.348569351432969521e-01
7.495359778399999229e-01,1.182399941306612856e+00
7.549669742579999676e-01,7.570832354887512272e-01
8.522210121150000095e-01,7.691485122259082985e-01
1.312628030780000010e+00,9.312921132514816458e-01
9.499999880790001017e-01,1.051815358670682654e+00
8.433979749680000637e-01,9.333747818017813502e-01
6.329939961430000039e-01,8.691339039795243915e-01
6.848490238189999246e-01,8.123691623467323986e-01
8.296039700509999504e-01,6.890510363670802052e-01
1.117776036259999994e+00,8.726889323707341939e-01
1.060515046120000138e+00,9.211010424452055201e-01
9.966710209849999336e-01,9.540572365686028622e-01
6.726049780850000825e-01,9.264937164449567053e-01
8.499810099600000335e-01,8.285832684846772267e-01
7.929700016980000266e-01,6.281271480211180203e-01
7.509549856190000927e-01,8.434273942661220103e-01
9.556260704989999466e-01,8.608280971466314435e-01
6.085839867589999397e-01,9.590691752867962494e-01
7.782499790189999489e-01,7.438258065331312396e-01
5.098140239720000411e-01,7.366269679549285465e-01
6.364319920540000286e-01,6.187240553343861249e-01
6.015599966049999248e-01,6.823399685727409292e-01
6.556333899499999784e-01,7.382541403908688959e-01
6.385549902920000243e-01,6.524399740141879622e-01
8.762890100480000832e-01,6.863417630447559148e-01
7.967479825020000739e-01,8.087317541843460633e-01
6.824830174449999509e-01,8.048801691987600426e-01
8.025500178340000401e-01,6.795861985339366473e-01
7.950311899190000142e-01,7.471909963765048790e-01
1.584897041320000088e+00,7.323961820573186010e-01
1.017485976220000143e+00,1.108657294963812712e+00
9.177780151369999695e-01,9.684995691693708553e-01
1.230221033100000083e+00,8.773118819574640126e-01
1.027899026870000121e+00,1.060431002330813222e+00
9.125559926030000213e-01,1.014665150609192157e+00
7.935979962350000472e-01,9.246538486460561534e-01
1.030437946320000187e+00,9.899774622662282919e-01
5.325379967690000438e-01,9.460837530130118411e-01
6.127780079839999505e-01,6.869433417205913495e-01
8.741289973260000234e-01,7.708274299516434391e-01
3.667230010029999820e-01,9.268758273681654281e-01
7.391750216480000857e-01,5.768701581031117076e-01
5.604230165479999748e-01,7.734995080400968170e-01
7.758178114889999755e-01,6.267423530622227013e-01
8.102909922600001202e-01,7.562609721465209933e-01
6.437510252000000488e-01,7.885218323246386829e-01
7.236457467079999706e-01,6.058890541842075761e-01
9.113870263100001257e-01,6.803797850386732460e-01
6.627830266949999993e-01,7.755431824405205621e-01
1.002035975460000117e+00,6.691389938341056887e-01
8.224419951440000709e-01,8.586719375865924375e-01
1.030576944350000135e+00,7.695397764570255372e-01
6.781139969830000114e-01,8.511249558521015723e-01
5.333459973340000104e-01,7.026238576258360125e-01
3.209959864620000047e-01,6.191764298003836764e-01
7.608630061149999069e-01,5.688126016789276651e-01
7.439860105509998878e-01,7.672210266356986885e-01
5.468400120740000148e-01,8.531278900959384792e-01
7.004669904709999173e-01,7.642847724409616017e-01
8.356525897980000561e-01,8.032677055466264093e-01
1.274258971210000091e+00,6.793399586784100164e-01
8.934450149539999719e-01,9.715276209896642756e-01
6.211659908290000365e-01,8.692946424155127971e-01
7.900159955019999680e-01,7.219039515480649705e-01
1.067494988440000014e+00,7.042618235578071983e-01
6.698009967800000464e-01,8.215853264968129288e-01
1.265694975850000015e+00,7.075753210206803256e-01
6.380620002750000408e-01,1.082388888545276595e+00
9.348030090330000652e-01,8.710827649246185578e-01
8.006410002709999363e-01,7.194847269769217846e-01
1.085708975790000030e+00,7.096170377772161864e-01
3.527039885520000251e-01,7.296068569727657271e-01
5.883709788319999578e-01,6.672924594641271856e-01
4.875420033929999120e-01,5.667767049447614003e-01
4.636880159380000199e-01,8.179567541865695457e-01
3.637039959430000136e-01,5.652688958766913796e-01
8.750243186949999696e-01,7.646399525333874569e-01
6.435279846190000708e-01,7.806739025243473185e-01
4.834130108360000233e-01,7.707852083348170069e-01
2.120890021319999930e-01,5.916163487808651089e-01
4.560469985010000560e-01,4.645492818465081775e-01
4.367910027499999903e-01,4.140228105544701553e-01
7.238804101939999569e-01,5.091574782095295015e-01
5.560690164570000205e-01,7.562496495575474764e-01
4.748429954049999679e-01,6.899558911176639775e-01
2.674640119080000100e-01,5.679226144400334464e-01
9.588437080380001198e-01,4.811539114854504473e-01
7.868980169300000549e-01,6.063243918574506841e-01
1.794360995290000149e+00,6.516250121545668073e-01
1.337677955630000026e+00,1.304148565981077645e+00
1.210453987120000185e+00,1.051998160282381134e+00
5.654799938200000264e-01,9.567193148004393688e-01
4.008429944520000565e-01,8.113351030995443747e-01
2.727654874320000200e-01,7.359669774182204804e-01
5.836449861529999783e-01,8.803389814104605193e-01
8.533802628519999711e-01,7.226125657262059132e-01
8.660610318179999823e-01,1.029589592699336809e+00
1.158349990839999899e+00,8.959558474347000256e-01
7.764859795569999390e-01,1.112601735760840427e+00
1.068807005880000105e+00,6.583813703048001509e-01
5.888479948040000744e-01,1.018682288776544986e+00
1.588868498799999918e+00,7.529319193511327946e-01
4.327859878540000205e-01,9.519072673959931841e-01
3.996030092239999942e-01,5.271606063145827248e-01
5.545349717140000134e-01,3.797242547261810985e-01
6.221979856490000849e-01,7.277575184101909844e-01
1.149551987649999996e+00,7.803749121024348145e-01
1.121260046960000034e+00,8.550997665840395223e-01
9.776459932329999436e-01,1.042399567753326206e+00
1.732741951940000025e+00,6.567622400815885664e-01
2.302707910540000125e+00,9.148893325701744628e-01
1.053477048870000043e+00,9.863033879629138356e-01
7.962800264360000435e-01,9.992535726467153268e-01
5.203329920770000117e-01,1.195641973657600721e+00
6.104800105090000262e-01,9.971151906095505613e-01
4.453057944770000276e-01,8.243828525219774050e-01
6.522138714790000069e-01,8.434554891013786859e-01
1.175541162490000069e+00,7.605332389308376850e-01
1.032202124599999937e+00,9.570360827452262242e-01
7.193930149079998948e-01,1.008485239220016538e+00
8.200139999390000378e-01,7.253818910975252665e-01
9.497330188750000568e-01,7.073014096042511412e-01
1.039114952089999822e+00,7.364975518211472894e-01
5.883830189700000046e-01,9.615599332237907415e-01
9.508559703829998488e-01,8.702376976765584526e-01
5.277600288389999728e-01,7.966412397138228352e-01
7.736063003540000205e-01,6.889198213172937901e-01
9.703559875489998765e-01,7.116947857631489294e-01
1.383889913560000018e+00,9.362774915039521195e-01
7.795230150220000542e-01,1.135509819991075808e+00
6.069999933240000090e-01,6.200720254244703744e-01
4.660570025440000097e-01,6.466978341257918483e-01
9.455270171170000459e-01,4.956475131923649413e-01
6.238729953770000280e-01,8.385400040266370869e-01
3.923240005969999555e-01,7.035218870774591071e-01
5.156549811360000568e-01,6.370336869811380476e-01
9.679385423660000765e-01,6.685757214873208065e-01
1.356565952299999989e+00,9.129268739364532204e-01
9.072690010070000310e-01,1.110280340474800065e+00
8.162760138510000152e-01,7.496735533728876577e-01
2.479866981509999846e+00,8.684896804125084024e-01
1.133080005649999888e+00,1.908861800046129709e+00
1.045583963389999926e+00,1.087641617461686971e+00
8.474370241169999485e-01,9.412065742673207946e-01
1.536522984499999911e+00,1.229481964632462621e+00
9.008989930149998715e-01,1.124081941521974048e+00
4.812009930610000596e-01,1.075191795973784670e+00
8.572540283199999722e-01,7.374080149569235410e-01
8.617479801180000232e-01,9.421605817522801241e-01
1.008694052699999899e+00,1.002448024197483800e+00
1.127727031710000105e+00,9.825080984664297246e-01
7.795569896699999779e-01,9.533290459515824100e-01
9.895502924920001053e-01,6.860200745356020979e-01
8.363329768179998958e-01,8.949749091189578287e-01
9.099559783939998869e-01,6.421150426934120192e-01
5.511059761050000061e-01,9.452685266069192904e-01
1.239764332770000088e+00,7.486399703093481461e-01
1.211838960649999963e+00,9.894157242889772830e-01
1.379981994630000042e+00,1.049424176025501865e+00
1.148460984229999982e+00,1.285395131173999506e+00
7.663900256160000035e-01,1.151770697945154076e+00
9.660840034479999394e-01,9.340184762758546588e-01
8.156750202179999798e-01,1.024075121504179009e+00
1.142272949220000111e+00,9.443897032291157512e-01
1.299479961400000105e+00,9.419463520197860484e-01
8.583310246469999516e-01,1.163510106338910166e+00
7.149469852449999996e-01,9.581149561646598034e-01
8.764400482179999230e-01,8.296596551672801301e-01
8.305460214609999836e-01,9.096107839181609700e-01
8.535240292550000385e-01,8.187330393520803051e-01
9.092410206789999227e-01,9.676224917982781948e-01
5.202720165249999917e-01,9.508514095195664817e-01
7.411040067669999454e-01,7.379979006787255047e-01
5.853319764140000325e-01,7.238948753821027315e-01
5.047770142559999673e-01,6.287915300292504783e-01
5.519493222240000607e-01,6.798986808258877801e-01
9.697520136830000137e-01,7.026959200846301101e-01
1.116515994070000017e+00,8.188304982721232861e-01
1.049844980239999837e+00,1.042619723326778436e+00
6.342629790310000404e-01,1.004440958584703836e+00
5.644329786300000817e-01,8.068617280877122822e-01
9.184709787370000100e-01,6.793674186021354533e-01
9.593539834020000656e-01,8.606016453671613275e-01
5.984159708020000412e-01,8.735463274843588977e-01
9.383450150489999197e-01,7.382935578150990885e-01
4.542250037189999867e-01,8.588737865442276354e-01
7.079470157619999204e-01,6.608450386831290491e-01
3.876500129699999575e-01,6.672647349939303529e-01
4.484339952470000057e-01,6.156415598502902320e-01
8.405709862710000202e-01,6.218217357859371353e-01
5.337110161779999862e-01,8.197340302903503018e-01
7.211350202559999589e-01,5.983028137533693558e-01
5.215386152269999576e-01,8.777825101299843169e-01
7.050759792330000275e-01,6.611139237166026028e-01
6.405649781229999506e-01,6.569930833324830743e-01
5.168589949609999623e-01,7.487160538745065708e-01
1.660409450529999997e+00,6.411843682072252415e-01
2.465307950970000217e+00,1.140483928563867044e+00
1.622156023979999917e+00,1.567186804982275028e+00
1.866270065310000170e+00,1.568083300064364360e+00
3.623536109919999415e+00,1.887819191713221212e+00
7.948709726329999947e-01,2.368568224406305323e+00
9.065989851950000400e-01,5.831712317761625908e-01
8.571879863740000660e-01,2.873398650965042211e-01
7.756379842759999477e-01,8.138019460355294665e-01
7.006700038909999817e-01,7.045429835475511826e-01
6.443409919740000769e-01,8.118781640959186197e-01
7.579550147059999077e-01,6.479429485478177542e-01
5.499600172040000068e-01,5.500322889503611590e-01
4.964669942859999408e-01,1.015619951733565562e+00
1.367677569390000070e+00,8.553694981662214314e-01
1.397894024850000250e+00,1.123319836047327325e+00
8.148130178450000427e-01,8.692751188859275668e-01
1.278898954390000009e+00,7.438051719083663693e-01
8.623980283740000363e-01,1.108248782302764024e+00
1.093865990639999897e+00,1.006966107562973001e+00
8.134710192680000285e-01,9.738485400920561252e-01
1.466687083240000078e+00,7.436558089706457597e-01
9.060310125349999577e-01,7.456725525402867483e-01
7.652140259739999006e-01,8.949406768055659933e-01
1.311033964160000176e+00,1.154471981964043881e+00
7.892500162119999718e-01,1.344181219485033996e+00
1.474902033810000068e+00,6.101007398265866355e-01
9.167850017550001063e-01,1.205925106635904243e+00
1.186140060420000086e+00,1.032995893064357240e+00
1.411391973500000008e+00,9.087047122538089994e-01
2.092472076419999993e+00,1.323213001619867102e+00
7.189220190049999681e-01,1.106895944557606981e+00
1.301861047739999888e+00,8.177168105370609119e-01
1.268974781040000055e+00,1.333636397137277108e+00
1.221997022629999874e+00,1.472345572273229930e+00
9.061110019680000960e-01,8.352532786666639897e-01
1.078873991970000112e+00,1.138596865674478709e+00
1.028025031089999874e+00,1.051362984204684992e+00
7.863690257070000689e-01,1.155889845231857116e+00
1.276852965350000035e+00,8.653860741199992379e-01
7.093420028689999546e-01,1.046582312011740123e+00
5.201929807659999572e-01,7.525013435143739216e-01
5.645610094070000473e-01,8.022579845748021299e-01
9.855200052259999177e-01,8.106674936244616658e-01
1.092841982840000004e+00,9.565825971840490327e-01
4.786899983879999709e-01,9.819667834767663583e-01
3.955059945579999514e-01,6.452062153017680268e-01
1.850703001020000071e+00,6.111534231453571442e-01
1.195796012879999815e+00,1.438345795229676316e+00
1.702510833739999896e+00,1.024478554872978009e+00
2.998351097109999586e+00,1.518077773683696119e+00
2.407080888749999925e+00,2.315181159210334627e+00
2.585943937299999718e+00,1.606740788100982309e+00
2.233839035029999920e+00,1.899946583961849678e+00
1.655773043629999997e+00,1.574991560798443047e+00
1.430611014370000156e+00,1.235278019091718749e+00
8.921740055079999676e-01,1.752397482667361173e+00
1.231696963309999893e+00,1.502826563792147851e+00
8.955079913140001624e-01,1.007332398607195367e+00
1.602033019070000064e+00,1.333310158428816283e+00
1.585399031639999956e+00,1.359395921963536980e+00
1.232059955600000034e+00,1.697956517238851548e+00
1.210371017459999976e+00,1.133591858073834446e+00
1.242141008379999967e+00,1.419049352335518321e+00
9.857040047650000858e-01,1.239790441162721191e+00
7.289689779279999726e-01,1.158118173069278667e+00
6.761519908910000876e-01,9.646750208331561494e-01
1.071573019029999907e+00,8.813626704359718289e-01
9.457439780239998983e-01,9.666838280086568203e-01
4.376370012759999706e-01,9.201153422929791992e-01
5.141820311550000522e-01,6.119830937887850153e-01
3.387190103530000052e-01,5.943286908422569237e-01
7.144280076029999593e-01,5.336675500516332438e-01
4.996199905870000180e-01,6.621433269458949500e-01
7.917379736899999854e-01,7.322492000378401089e-01
8.646243214609999894e-01,7.044883811558658726e-01
6.024960279459999901e-01,8.558517134741866483e-01
1.260069966320000123e+00,4.695941830550310336e-01
1.012339949610000067e+00,8.797010540494625275e-01
1.004528999329999950e+00,8.596219239651873290e-01
6.310235261919999727e-01,7.885811965528082279e-01
1.141221046449999887e+00,8.594825079747893115e-01
5.426099896430000014e-01,7.715025525465123435e-01
8.547459840769999762e-01,6.779100320915034672e-01
7.744219899179999311e-01,7.254349591196768143e-01
3.084340095520000102e-01,9.442858951937604939e-01
8.376209735870000506e-01,5.398712706232297043e-01
7.293469905850000767e-01,7.563568437877359329e-01
7.503905892370000830e-01,8.347076780241649008e-01
1.134822010990000019e+00,8.300210256471355352e-01
1.614240050320000064e+00,9.624515606508072807e-01
1.244793057440000128e+00,1.163233919822827422e+00
7.141630053519999466e-01,1.062389281130287300e+00
7.293040156360000026e-01,8.818233516611696521e-01
6.486989855770000091e-01,8.847717220842942210e-01
3.427990078929999962e-01,5.904757302150198672e-01
3.861860036850000011e-01,8.649269272643352879e-01
6.366299986840000535e-01,7.162078427456826102e-01
3.990480005740000280e-01,8.795742304711003934e-01
4.178859889509999870e-01,6.794147724205059635e-01
1.103790521619999909e+00,4.983348820668619950e-01
6.956189870829999622e-01,8.938409042148962591e-01
8.070139884950000564e-01,6.132602183338434765e-01
5.947690010070000310e-01,7.417354661351625023e-01
1.107607960700000005e+00,6.823782219924972026e-01
9.713580012320000012e-01,7.315549242784458173e-01
7.170349955560000321e-01,9.114247261628698471e-01
6.764810085300000386e-01,7.768377670526876999e-01
1.687772989270000190e+00,8.095490440529150566e-01
9.907569885250000485e-01,1.083565908705578451e+00
8.082039952280000161e-01,9.408326113754293951e-01
1.087718963619999979e+00,8.763460756998827650e-01
1.564818024639999861e+00,1.102609603901014701e+00
6.673809885979999912e-01,1.160638136936709586e+00
1.256489992140000123e+00,8.423553990549433879e-01
1.091886043549999963e+00,1.234972415008022573e+00
7.375509738919999725e-01,1.106068601923126948e+00
6.224380135540000802e-01,9.068744210371710857e-01
8.364729881290000613e-01,8.696410924743843696e-01
5.774260163309999916e-01,7.430008448168933244e-01
1.015761017800000054e+00,8.343268369240185445e-01
1.106158971790000001e+00,8.658656968725452208e-01
6.945540308949998964e-01,1.184144202010769975e+00
1.130903959270000092e+00,6.628512003939162067e-01
9.518219828609999489e-01,9.313727999252413570e-01
7.524570226669999862e-01,8.962914510882465935e-01
5.585229992869999993e-01,7.349934464036760318e-01
1.415836334229999771e+00,8.419495847679022704e-01
1.855298042299999839e+00,8.715264093570618265e-01
7.845479845999999702e-01,1.140068167329503446e+00
8.210539817810000862e-01,9.276597314720508303e-01
5.835890173909999978e-01,9.456586268335626100e-01
8.359720110889999889e-01,7.769663366377607128e-01
2.184663057329999880e+00,7.058114309683496401e-01
6.805480122570000123e-01,1.641299287292013576e+00
1.238904953000000031e+00,7.564131392768378426e-01
1.030328035349999949e+00,7.574046065421394802e-01
7.914109826090000022e-01,7.241687867985319160e-01
8.423720002169999832e-01,1.034866712800405208e+00
4.464710056780000769e-01,8.318954432151935974e-01
5.589337944979999584e-01,6.196075876393795090e-01
7.099329829220000221e-01,3.673826327450584461e-01
7.334340214730000751e-01,1.112532583313231127e+00
7.833399772640000647e-01,5.012817710297471363e-01
8.426809906959999985e-01,8.554724596528684444e-01
1.099761009220000085e+00,8.604433407587093185e-01
8.706315755840000614e-01,9.669255176648763328e-01
5.862460136410000411e-01,8.622399287548980773e-01
8.863990306849999223e-01,6.839605802561919967e-01
1.019399046900000050e+00,8.170953908758746831e-01
8.493610024450000129e-01,8.998442043798028367e-01
1.010666966439999870e+00,8.372685407760653842e-01
1.331516027449999973e+00,9.318727927560808144e-01
1.215008974079999859e+00,1.225757256134533124e+00
1.645591020579999952e+00,1.121054048429563466e+00
9.708780050280000351e-01,1.352895062795327341e+00
1.411272048950000135e+00,1.042093011302333228e+00
7.953929901119999313e-01,1.059167845839441569e+00
1.046331048010000098e+00,9.536313696590338340e-01
8.879339694979999642e-01,9.741491707020909496e-01
8.349300026890000836e-01,9.693560648249930356e-01
9.847199916839999290e-01,9.296598086139972184e-01
1.090394020079999970e+00,1.003633298207691871e+00
4.901649951929999416e-01,1.077729008271147038e+00
6.141669750209999279e-01,7.042671144872341138e-01
6.314740180969999894e-01,6.818799751683686239e-01
8.252440094949999860e-01,8.007192235695848037e-01
1.051450967789999913e+00,7.915079799838712349e-01
1.047114968300000060e+00,9.814001249351482770e-01
3.921430110930000379e-01,9.142027815677434832e-01
4.695149958129999912e-01,5.514838554386236602e-01
7.720900177959999500e-01,4.885315834782814060e-01
7.520099878309999264e-01,6.796314359805364358e-01
6.877393722529999698e-01,7.426016971009300471e-01
6.718119978899999012e-01,7.860709679955227847e-01
1.185933232310000029e+00,7.164493207647251172e-01
6.571980118750000432e-01,1.020670143871515334e+00
8.213180303569999063e-01,5.836768859014888067e-01
7.795739769939998842e-01,7.755868326082923092e-01
1.030122995379999962e+00,8.619708849935416861e-01
6.211889982220000217e-01,8.958038919415602930e-01
8.660820126530001106e-01,7.773499819305033087e-01
9.608931541439998947e-01,7.911129591928609539e-01
6.760399937630000577e-01,9.348209515420284887e-01
7.402380108830000083e-01,7.219656966944765220e-01
5.984709858890000511e-01,8.169309487892875143e-01
6.151059865950000427e-01,7.048894865157171452e-01
9.358735680580000382e-01,7.165702714114233762e-01
5.818247795100000008e-01,8.785455150626335641e-01
7.156659960750000327e-01,6.966406100834573456e-01
6.529520154000000298e-01,6.976137707329420623e-01
9.700022935870000751e-01,7.090767280641439019e-01
7.834500074390000623e-01,8.523041982027629304e-01
7.448130249979999506e-01,7.682071500622791316e-01
8.276180028919999376e-01,7.377795440212784328e-01
8.943400979040000420e-01,8.002312411485442700e-01
2.505017042159999985e+00,8.719957147972253741e-01
1.620712041850000062e+00,1.176711663079782255e+00
1.417585968970000110e+00,1.556522672175942201e+00
1.049872040749999957e+00,1.421061968980206425e+00
1.226507544519999993e+00,1.132492561666813113e+00
1.043179035189999881e+00,1.143251507928475519e+00
9.694439768789999690e-01,9.892189017142976049e-01
8.192250132559999454e-01,1.283673092373435409e+00
8.129550218580000598e-01,1.134090739809494153e+00
6.712080240250000163e-01,6.572885288316796526e-01
5.289899706839999993e-01,9.183125110000667224e-01
3.461930155749999849e-01,6.183265478065451681e-01
4.789490103719999947e-01,5.453423032877928733e-01
1.153810977940000093e+00,7.159620261645101014e-01
9.671270251270001062e-01,1.103288218509305363e+00
7.845839858059999727e-01,9.504019979740480073e-01
4.701859951020000428e-01,8.020281466004987037e-01
5.632782578470000301e-01,6.532048307721366465e-01
2.416239976880000528e-01,5.813884531057779137e-01
2.709859907630000064e-01,5.814405158513383798e-01
1.994680017229999991e-01,6.354297946346759707e-01
1.327169984580000017e-01,5.658968762903667793e-01
4.732620120049999546e-01,5.459251520734571539e-01
6.585559844969999244e-01,7.166632330414535179e-01
9.621880054470001165e-01,5.515686690373363676e-01
5.111979842189999790e-01,9.034508193329247039e-01
9.829789996150001263e-01,6.455135124828808024e-01
9.100099802019999684e-01,7.541328545124443838e-01
1.026576042179999870e+00,8.290172834255635781e-01
8.309389948840000262e-01,1.029551074733109139e+00
9.651920199390001676e-01,9.311767709899757550e-01
1.000543951989999902e+00,7.703396591677801331e-01
1.983185052870000131e+00,1.013219509961887699e+00
1.274855017659999978e+00,1.553263935832637221e+00
1.286525964740000028e+00,1.080181301151208251e+00
1.382244944570000245e+00,1.138101370133652201e+00
1.736924052240000016e+00,1.476197792170347300e+00
1.257668018339999971e+00,1.093173178358893383e+00
7.533379793170000838e-01,1.473219157630900833e+00
1.084908962249999886e+00,9.557255195261900038e-01
1.062494039539999990e+00,1.105062002599664472e+00
7.787629961969999570e-01,1.187456376741286235e+00
8.256469964979999965e-01,9.859415942087043083e-01
9.891830086709999525e-01,9.439660056006118349e-01
1.418092012410000047e+00,1.025640337156530801e+00
1.151677966120000063e+00,1.176677377857096252e+00
1.250364065170000094e+00,9.625510301240324251e-01
8.794019818310000458e-01,1.236878472334053347e+00
1.089423060420000144e+00,1.019208524617341682e+00
1.809062957759999701e+00,1.026768098763868542e+00
8.687390089040000207e-01,1.480604342743517821e+00
8.521729707719999380e-01,1.115512963859388362e+00
1.307837963100000112e+00,9.246604623078397145e-01
1.262575984000000151e+00,1.337995276436311887e+00
7.601559758189999627e-01,1.073707002448721415e+00
1.069887042049999959e+00,1.003180500467339975e+00
8.579840064049999437e-01,1.120708974012342818e+00
1.149323940279999956e+00,8.716237095492219700e-01
1.067142963410000034e+00,1.105893683796274507e+00
7.400619983670000401e-01,9.388309469546550767e-01
6.799880266190000411e-01,7.981472498658878090e-01
7.323921322820000634e-01,8.579899367834685764e-01
8.352749943730000126e-01,7.296937340339549882e-01
6.000829935070000065e-01,9.409743024654810828e-01
1.010563969610000168e+00,8.468721067787815526e-01
7.613970041280000434e-01,9.437224112097986062e-01
7.260069847110000030e-01,7.729263416552837329e-01
1.064324021340000037e+00,7.064972941499551018e-01
5.901079773899998715e-01,1.003820120925754678e+00
7.744659781460000447e-01,7.020843415521779152e-01
7.406870126719998781e-01,7.252973420452838438e-01
8.908360004430001533e-01,7.932713409432592400e-01
7.620100975040000613e-01,8.465135404915223871e-01
7.774500250820000069e-01,8.116806537004134237e-01
5.811070203779999943e-01,7.103885081969484316e-01
7.908779978749999051e-01,6.846475545329770984e-01
8.903719782829999652e-01,7.913660243473482625e-01
7.882059812549999656e-01,8.764414711574491923e-01
7.301949858670000459e-01,7.642139268959357024e-01
9.248933196070000529e-01,7.687347086354325842e-01
1.265586972239999941e+00,8.889640958342651667e-01
7.884140014650000694e-01,9.556402826531230632e-01
9.180610179899999501e-01,8.307775227365897797e-01
6.569269895549999516e-01,9.456249236131134550e-01
8.252680301670000107e-01,7.850942624233221423e-01
4.257229864599999525e-01,8.104112010030239954e-01
9.114630222319999309e-01,6.295525244087174510e-01
7.238519787790000937e-01,8.738888622554545904e-01
9.657319784160000031e-01,8.235655626534085227e-01
7.194200158119999911e-01,8.782183768961701054e-01
7.146480083470000411e-01,7.642180538208886986e-01
6.188799738879999790e-01,6.814976526079828956e-01
8.502969741820000094e-01,7.702069097484598448e-01
6.113014817240000065e-01,7.298507159100502406e-01
8.405809998509999881e-01,7.610069887517197929e-01
5.909900069240000553e-01,7.853638881869156041e-01
1.191807866100000002e+00,7.915669738469808259e-01
1.072478055950000009e+00,9.870068699395108114e-01
7.976800203319999172e-01,9.006072093124520839e-01
7.140370011329999489e-01,8.249834259212217580e-01
8.885610103609999921e-01,7.796399490957479639e-01
7.367290258409999737e-01,8.642540268598256636e-01
9.655410051350000744e-01,7.921063841020504759e-01
8.569459915160000385e-01,9.468743236879750835e-01
5.838339924809999859e-01,9.292771685978458152e-01
3.047562122340000457e+00,7.652627478362246105e-01
8.865389823909999301e-01,1.767913873941784342e+00
1.186460971829999878e+00,1.036313834907949039e+00
8.750730156899999557e-01,9.728545860899238118e-01
1.111973047260000014e+00,2.060865652280867710e+00
6.929270029070000447e-01,9.773835158607381279e-01
5.632749795910000357e-01,9.560324923772506311e-02
5.519689917560000048e-01,9.834804654765002541e-01
9.211350083349998386e-01,2.638909949695482648e-01
5.465030074119999748e-01,1.187394261229814951e+00
9.997850060459999577e-01,1.174015987446085152e+00
7.512239813800000166e-01,9.470845852233990003e-01
8.402569890019999654e-01,2.616846244892481743e-01
7.843149900439999600e-01,6.217048062456032032e-01
5.915480256080000165e-01,7.586361761848325891e-01
6.109840273859999948e-01,5.996042236644971712e-01
9.328789710999999540e-01,6.690058211404312782e-01
7.992020249369999885e-01,8.395584021227214810e-01
9.833549857140000405e-01,8.421207463348615585e-01
5.405290126799999761e-01,8.792595259887899806e-01
1.093670010570000128e+00,7.101366599562293214e-01
9.266330003740002041e-01,8.135363413783004427e-01
7.972419857979999858e-01,8.833930116942398936e-01
5.896059870719999596e-01,8.209765521569569735e-01
7.799540162090000672e-01,8.233771526565175636e-01
5.182790160179999717e-01,7.686764025931485111e-01
7.263879776000000676e-01,7.186253213101149173e-01
6.216366887090000182e-01,7.941431802942192641e-01
8.810679912569999717e-01,8.853686447422339789e-01
7.315016984940000411e-01,7.981368267349168155e-01
9.703850150110000516e-01,7.551326814462404613e-01
8.715350031849999901e-01,8.913383475052799598e-01
5.505740046500000595e-01,8.838937981644933162e-01
2.576299905780000121e-01,6.682528689736930705e-01
6.952109932899999123e-01,5.988219597487340895e-01
3.547430038449999601e-01,6.340369045537574966e-01
1.308350920679999918e+00,7.043198650536199867e-01
1.424710035319999957e+00,1.133664396716276945e+00
2.422243118290000385e+00,1.217303620733453329e+00
1.588093161580000023e+00,1.804889745878659468e+00
2.882889986040000352e+00,1.526652624277945458e+00
1.510810017590000109e+00,1.959858211689862628e+00
5.103110075000000245e-01,1.120998229124109846e+00
6.637499928469999810e-01,6.020295328044812377e-01
5.865659713749999948e-01,1.005647872496267636e+00
9.182999730109998593e-01,6.040191339061623532e-01
1.126363039020000123e+00,7.599548874351862437e-01
9.455379843710000065e-01,1.584973004980826383e+00
7.979699969290000583e-01,9.144169583909432797e-01
8.895260095600000527e-01,7.130695808654274881e-01
5.017459988589999531e-01,4.013210879165545752e-01
7.889080047609999813e-01,5.208313319876866077e-01
5.571460127830000220e-01,7.665310894384345097e-01
8.079270124439998924e-01,7.497972023935937091e-01
7.382910251620000697e-01,7.513313602902096378e-01
6.742079854009999096e-01,8.091038652509380258e-01
8.787713646889999675e-01,6.574208020673514286e-01
7.401880025859999268e-01,9.081218634681447188e-01
8.886500000949999478e-01,7.157114477468534686e-01
7.983270287510000340e-01,8.338945150805487927e-01
5.137799978260000344e-01,8.143894508390893128e-01
7.760372757910000141e-01,6.938222907056452726e-01
8.528280258179999906e-01,7.755456162680569587e-01
7.851629853249999513e-01,7.464811123753014588e-01
8.431609868999999646e-01,7.981077266230690581e-01
1.024798870089999925e+00,8.235778905189731214e-01
8.044279813770001120e-01,8.850218243183025635e-01
8.841310143469999216e-01,7.452439343474158706e-01
3.615649938579999501e-01,8.192340374595108443e-01
1.171491026879999842e+00,7.447698670707680879e-01
4.477910101410000343e-01,7.782426146341109297e-01
7.665730118750000432e-01,6.159390688119632529e-01
7.735599875449999940e-01,7.025003673330129095e-01
1.054823040959999902e+00,8.962952605574339149e-01
7.843300104139999673e-01,8.985208900208477845e-01
1.034250974660000155e+00,8.322058091353740084e-01
1.096979022029999973e+00,1.031872734565620897e+00
7.633029818529999400e-01,1.002326068274194348e+00
5.883730053899999257e-01,8.258735718879988141e-01
6.365630030629999547e-01,7.796410072816333248e-01
5.750700235369999858e-01,7.573564590843548938e-01
5.399640202519999654e-01,7.832085751755848424e-01
1.324671149250000068e+00,6.913480404684626546e-01
8.178460001949999780e-01,1.141528728397791514e+00
6.359609961509999909e-01,7.773239505577230757e-01
8.135920166969999867e-01,6.148535288214518335e-01
9.872140288350000903e-01,8.290482882720050517e-01
9.839289784429998686e-01,8.634399115489127530e-01
5.904790163040000150e-01,8.822660437263160071e-01
8.986790180209999201e-01,7.801267146030201882e-01
6.268000006680000125e-01,8.587322012727645060e-01
6.926850080490000172e-01,7.851775945617953667e-01
5.757049918169999669e-01,7.724678826204453008e-01
6.764680147170000213e-01,7.299259000172061418e-01
8.279470205309999997e-01,7.215886121542233189e-01
6.547859907149999881e-01,8.178583958085239303e-01
1.085815548900000094e+00,7.298810858449604755e-01
8.509550094600001335e-01,1.000859898820713800e+00
8.879359960559999321e-01,8.183874358419169770e-01
6.557850241659999302e-01,8.317690429111855854e-01
6.597809791559999804e-01,7.740172254845163469e-01
8.856279850010000398e-01,7.372192345949727388e-01
7.502999901769999980e-01,8.495821208312256401e-01
9.303160309790000637e-01,7.856089640379683159e-01
7.259460091590000941e-01,9.156883687322208143e-01
7.123904824259998936e-01,7.403246398034869502e-01
9.326570034029998402e-01,7.577211628497492191e-01
6.544970273969999974e-01,8.516231497669358719e-01
4.987269937989999846e-01,7.397407328319373088e-01
9.782410264020000579e-01,6.366445391217915306e-01
5.593240261080000275e-01,8.751839759605645197e-01
8.733990192409999409e-01,6.718176855843426276e-01
6.232500076290000690e-01,8.064146445511416461e-01
6.319249868390000024e-01,6.928025169679098427e-01
8.335350155830000274e-01,7.025477211513834197e-01
8.613430261610000027e-01,8.161031828804533594e-01
1.036013007159999999e+00,7.680042429187585729e-01
6.160370111469999355e-01,9.297370561836295622e-01
9.874529838560001105e-01,7.253303574449074809e-01
6.686739921569999634e-01,8.411891194813778672e-01
6.455339789389999972e-01,7.765319513318145184e-01
1.007030010220000049e+00,6.875938614936252247e-01
7.763000130650000719e-01,9.239295733168115810e-01
9.358490109440000815e-01,7.787138777181624727e-01
6.626719832419999401e-01,8.908034345402231491e-01
1.113351941109999910e+00,7.764184079863137855e-01
5.495319962500000432e-01,9.195806938743937842e-01
9.273632764820001206e-01,6.997656975494396248e-01
8.215330243109999486e-01,8.191348325327569846e-01
9.193540215490000334e-01,8.106254307355180710e-01
6.899859905239998925e-01,8.974167788680480484e-01
6.497738957409999738e-01,8.118563125573856620e-01
9.705049991610000815e-01,7.511094587100466402e-01
8.034440279009998909e-01,7.776122003928990223e-01
8.920990228650002019e-01,8.866117486110777213e-01
7.462270259859999921e-01,9.860310109160184133e-01
1.495407462120000197e+00,8.367049509735149382e-01
7.597569823270000633e-01,1.066336790666382539e+00
9.677280187610000084e-01,4.793568473056132317e-01
1.126011013979999920e+00,8.986669725823237531e-01
7.641419768330000029e-01,1.179943256955127584e+00
1.423818945879999909e+00,7.145690831742974591e-01
8.309190273280000483e-01,1.242007658048346341e+00
5.316870212550000030e-01,9.093527452900124208e-01
6.942920088770000442e-01,6.819027261649042160e-01
1.097100019450000019e+00,8.982108415564330484e-01
8.623710274700000511e-01,7.664269639473136886e-01
9.711959958080000899e-01,6.299919890069135553e-01
7.501904964450000213e-01,9.364451610574897611e-01
5.659890174870000346e-01,7.291199856469049445e-01
7.235890030859999378e-01,6.829541396606122472e-01
1.088876962660000114e+00,7.436810996133063068e-01
2.614549994470000138e-01,9.335921860919316195e-01
1.923168003559999895e-01,5.065922239862047372e-01
2.048390060660000012e-01,5.069492559039300295e-01
3.752999901769999980e-01,5.249326488422210168e-01
1.878910064700000104e-01,6.421959939136432371e-01
4.178839921949999980e-01,6.478994041986345653e-01
6.128349900249999704e-01,4.499737765520657184e-01
4.822100102900000462e-01,6.552672350627315456e-01
8.136649727820000066e-01,5.635799253850450885e-01
8.997989892959999958e-01,7.773929442774494269e-01
7.667459845540000041e-01,7.030582429317823179e-01
6.762999892229999421e-01,7.558266397498689670e-01
9.804093837739999984e-01,7.408092360296941736e-01
1.075533032420000090e+00,8.417656191517298714e-01
6.459739804270000496e-01,8.525378985555478462e-01
7.601699829100000416e-01,7.550543756907227566e-01
8.707180023190000950e-01,8.009577915774424017e-01
1.045557022089999899e+00,8.045299625799953169e-01
4.832339882850000268e-01,9.113302830726002224e-01
1.085988998409999962e+00,6.855736788198568687e-01
7.320979833600000930e-01,9.636262528021615203e-01
7.128990292550000385e-01,8.618230035160605595e-01
1.045389056210000112e+00,7.260198184585232584e-01
7.359200119969999676e-01,1.067051224866893078e+00
8.956930041310000590e-01,7.512887683083233625e-01
8.745509982110000191e-01,8.782876880716621315e-01
9.237470030779999508e-01,8.730137425282499253e-01
9.997780323029999971e-01,9.521768402502923667e-01
1.739534020420000049e+00,9.311549194514427974e-01
8.107889890670000321e-01,1.296600737697878536e+00
7.049050331119999235e-01,8.643141847274091738e-01
8.328269720080000438e-01,6.374575962468190804e-01
8.276600241660000412e-01,9.735516131326200640e-01
8.953109979629999549e-01,8.796972974895694852e-01
1.459501028060000039e+00,8.903438644102049659e-01
1.179519057270000060e+00,1.204112063849198000e+00
1.443411946299999915e+00,9.732838921036203184e-01
1.306735038760000078e+00,1.134515283986706535e+00
7.634999752040000365e-01,1.058683355431822903e+00
1.145148038860000161e+00,9.164910556355715388e-01
7.253450155259999477e-01,1.294705950051526999e+00
7.633590102199999672e-01,1.027426819477514242e+00
6.174820065499999622e-01,8.045894326267534202e-01
1.029322981830000039e+00,7.894407609474978216e-01
1.302055954929999926e+00,9.778532974845500769e-01
3.164124965670000122e+00,1.203972118765857191e+00
9.734439849849999549e-01,2.296258679208067921e+00
1.229671001429999855e+00,9.835410995277322765e-01
7.441530227660000385e-01,1.319385172907407755e+00
1.063034057620000139e+00,1.014994087691660773e+00
1.123872041700000102e+00,9.963695928347157116e-01
8.984770178789999173e-01,1.100977510900707390e+00
7.175139784810000698e-01,9.611689335391448985e-01
5.367509722709999931e-01,9.561538202632953176e-01
1.175443053249999981e+00,7.627359586698332361e-01
1.101048946379999949e+00,1.015749949869583890e+00
5.734490156170000130e-01,1.137559843506811719e+00
1.431144952770000200e+00,6.350270490867023776e-01
1.037794947620000130e+00,1.220129135775286144e+00
6.568620204930000206e-01,9.323223101201879581e-01
1.074908018110000141e+00,7.450668998487927075e-01
1.385972023009999887e+00,1.206231980542662896e+00
1.004804968829999812e+00,1.072488025218064411e+00
1.609539985660000116e+00,9.435438423416416809e-01
2.817575931549999524e+00,1.480547941435827353e+00
1.962562561039999931e+00,1.949409842985557750e+00
1.279752016069999998e+00,1.722361352494654829e+00
1.995329976079999845e+00,1.508860868803495681e+00
2.033385992049999924e+00,2.085349110747954260e+00
1.307443976400000096e+00,2.022618158365538044e+00
1.611258029939999892e+00,1.534511083027796152e+00
2.040218114850000042e+00,1.881702612749285297e+00
2.183244943620000100e+00,2.089156304835648736e+00
1.351415991779999937e+00,2.135723150363204148e+00
7.242180109020001089e-01,1.499429258007152876e+00
1.363389015200000109e+00,1.388696983310967914e+00
1.526808977129999967e+00,1.566399832139321990e+00
1.784019589419999940e+00,1.546052716479575873e+00
1.103597044940000105e+00,1.590011451255448627e+00
1.763007998470000004e+00,1.273372710965200216e+00
1.157549023629999896e+00,2.011321812401988485e+00
1.153326034550000045e+00,1.112980989582158520e+00
2.362811088559999551e+00,1.213066697357708223e+00
2.580787897110000007e+00,2.367410251591940185e+00
1.242146968839999976e+00,2.712760008779934839e+00
1.712821006770000265e+00,1.568366999700233189e+00
6.676509976389999323e-01,1.894355870473650727e+00
8.271329998970000652e-01,1.048616833104255575e+00
9.642647504810000214e-01,7.678847208230055177e-01
1.394161701200000048e+00,1.052751853179239028e+00
7.584049701689999923e-01,1.196503866061238153e+00
6.900759935379999765e-01,5.991195216197013895e-01
6.740249991419999809e-01,6.546534872492143498e-01
8.615220189090000424e-01,9.717274593941171990e-01
7.907469868659999790e-01,7.967131963540282635e-01
7.285000085830000138e-01,8.703700238215246188e-01
2.411980032920000017e-01,8.461611116823983814e-01
3.354600071909999981e-01,7.151166943699787115e-01
5.912460088730000507e-01,6.140004722699572426e-01
1.058426976200000036e+00,6.624603594371532012e-01
7.669919729230000316e-01,9.352880877011270355e-01
5.881239771840000019e-01,8.669456284778641608e-01
5.922303199769999305e-01,6.775931583281280535e-01
8.753510117530000079e-01,6.968933577821790903e-01
7.038279771799998974e-01,6.782417733665683235e-01
5.677499771120000371e-01,8.084595887746277576e-01
7.133870124819999825e-01,7.419200137535717499e-01
1.077505946160000061e+00,7.366093491599371434e-01
6.909419894220000247e-01,9.553194936019717698e-01
7.724580168719999973e-01,7.060597871956469929e-01
7.237120270730000859e-01,8.216653253497472331e-01
9.752489924429997847e-01,8.089409575338846192e-01
9.151769876480000399e-01,8.002408706401011873e-01
7.574009895319999686e-01,8.741260546216613747e-01
6.912069916730000374e-01,7.926016150964056983e-01
1.183527946470000147e+00,7.973476317016046089e-01
7.705749869349999281e-01,9.386829067492911127e-01
8.947700262070000798e-01,7.919527884207884227e-01
6.143350005150000070e-01,9.132667632428355109e-01
7.692319750789999855e-01,7.242907427218213678e-01
9.070749878880000061e-01,7.348055654997277530e-01
4.068099856379999713e-01,8.938688403222702084e-01
5.138880014419999753e-01,6.339878047286761076e-01
2.481469959019999838e-01,6.689003729169537005e-01
2.568759918210000159e-01,4.785491869286011557e-01
5.980659723279999618e-01,7.069678694131811270e-01
5.981699824330000137e-01,6.770084577171644469e-01
8.801140189170000294e-01,4.544176281776958759e-01
1.085649013520000095e+00,8.732772308137082273e-01
9.920129775999999566e-01,9.049948183582746664e-01
8.743849992749999078e-01,7.702228883553290384e-01
8.770260214810000621e-01,9.173572866013390836e-01
1.008928894999999937e+00,9.203531695707171112e-01
8.088759779930000393e-01,9.337750406129242675e-01
6.714209914210000907e-01,7.002871186444578067e-01
7.449629902840000373e-01,7.573380995592436937e-01
6.942679882050000195e-01,6.509832753243814940e-01
1.001886010170000008e+00,7.633404473568533577e-01
7.935580015180000446e-01,8.338911817950098726e-01
8.450049161910000439e-01,7.030532165488267982e-01
8.031240105629999793e-01,8.032727848388762082e-01
5.744469761850000689e-01,8.034656921257800066e-01
5.679720044139999757e-01,6.675022448159027011e-01
4.538080096239999195e-01,5.754703898139383877e-01
8.494881391529999215e-01,6.220888219034056421e-01
4.064599871639999473e-01,7.167613797823220168e-01
2.453519999980000310e-01,5.851416268040241508e-01
2.323218107220000217e+00,4.830247312214983046e-01
2.027115583420000089e+00,1.221535993909891538e+00
1.581117987629999888e+00,2.404458556352669252e+00
1.727049946780000012e+00,1.847236281548870096e+00
1.150642037389999928e+00,1.547347724366097133e+00
1.607933998109999818e+00,1.076059243853320524e+00
1.331233978270000007e+00,8.408930919799443293e-01
1.221642017359999999e+00,2.341696334577340277e+00
1.583541989330000010e+00,1.328701123986479216e+00
1.608662128450000006e+00,1.216715269381185127e+00
2.185653924939999992e+00,2.003919167222262487e+00
2.989559888840000124e+00,2.506856717743527696e+00
7.574499845500000106e-01,3.491578048025890446e+00
1.811344027520000122e+00,1.398471605062054701e+00
1.527951955800000094e+00,2.584821631587560731e+00
8.892235755919999374e-01,1.869839502425528988e+00
