9.717460274700000511e-01,9.975201158241048249e-01
1.176299691200000108e+00,9.556112883856984208e-01
1.714609026910000056e+00,1.142848178259826541e+00
1.307337045669999975e+00,1.381966101760963461e+00
6.186890006069999393e-01,1.241705592041192796e+00
2.298435926440000276e+00,8.448779017159566695e-01
1.808241009709999902e+00,1.316977546658098408e+00
8.794149756429999742e-01,1.629952716638352284e+00
1.570945024490000064e+00,1.293067448490455185e+00
1.578516006470000121e+00,1.674165088805464441e+00
6.200309991839999535e-01,1.448494983834315519e+00
9.928810000419999726e-01,9.381438938564554686e-01
4.551869928839999413e-01,9.001092126190789466e-01
1.017398953439999865e+00,6.818093107756726390e-01
8.378469943999999892e-01,8.880833730437989182e-01
4.884769916529999589e-01,9.215649188957525384e-01
1.246340990070000210e+00,7.180000720804098346e-01
1.209630966189999990e+00,1.059194353912562558e+00
1.252451062200000020e+00,1.021579871134079553e+00
1.519726991650000025e+00,1.147499366813137467e+00
1.063797950739999942e+00,1.413119181185706896e+00
1.571495056150000069e+00,1.127949599333274877e+00
1.278105020519999968e+00,1.233151245219376468e+00
1.192077994349999948e+00,1.149516053701630236e+00
8.304439187050000060e-01,1.052328086520640360e+00
1.402015686039999931e+00,9.888810641673105861e-01
1.156504034999999986e+00,1.043564581844044881e+00
1.162554860120000200e+00,9.750814291861096272e-01
6.007519960399999581e-01,9.421604406177710445e-01
1.253835797310000055e+00,7.501151903006334498e-01
1.791844010350000183e+00,9.982899775739467740e-01
1.734062552449999961e+00,1.347431846548946099e+00
4.939970970150000085e+00,1.578590439782378230e+00
2.394351005549999911e+00,3.479487290580800529e+00
2.212575912479999740e+00,2.386087350946350494e+00
1.886527061460000043e+00,1.815169933142338765e+00
9.343829751010001017e-01,1.909089800533345871e+00
9.099829792980000942e-01,1.285664503525841385e+00
8.112999796870000724e-01,7.956597344574251052e-01
1.049708962440000004e+00,4.332005567947017632e-01
1.351788043980000076e+00,6.913336249850552395e-01
1.277305960659999906e+00,1.109130266646050744e+00
7.854449748989998925e-01,1.065107376922423077e+00
4.846229851250000165e-01,8.795965537497277831e-01
6.676359772680000582e-01,6.031749155060914802e-01
8.322510123249999836e-01,7.066885661314790124e-01
5.959370136259999340e-01,8.284294461046567415e-01
3.410890102390000123e-01,7.726762368894830590e-01
6.860110163689999707e-01,6.672751586674282587e-01
8.153510093690000682e-01,6.915091288601639130e-01
3.985430002210000322e-01,7.243474159905181065e-01
6.998159885410000225e-01,6.055291267226826646e-01
4.263690114019999533e-01,7.895431107479337074e-01
6.866139769550000382e-01,5.919772085878591827e-01
1.826770007609999913e-01,5.420911834544086538e-01
7.018824815749999946e-01,4.826481167420894614e-01
1.796682000159999681e+00,7.119587493797132627e-01
7.204269766809999753e-01,1.062075328952004627e+00
4.680640101429999755e-01,1.004210932870243544e+00
6.408870220180000743e-01,7.925146737070217773e-01
7.520520091060001189e-01,9.579033153965732517e-01
1.001817584040000098e+00,9.968359943864986139e-01
1.660804033279999814e+00,9.630471037660689460e-01
1.450595021250000061e+00,1.429906796042966111e+00
1.085010051729999869e+00,1.512855534833161819e+00
1.099555015560000015e+00,1.140807917464763843e+00
7.694180011750000325e-01,1.070870192874308735e+00
1.254430413249999932e+00,7.329308836435445285e-01
1.496320962910000052e+00,1.010897985709442670e+00
7.186369895940000196e-01,1.168131824105298033e+00
8.902019858359999649e-01,8.440319690599183966e-01
9.891759753229999452e-01,7.441755790786721558e-01
2.849014520649999938e+00,8.765298304280818575e-01
4.281075000759999583e+00,2.238719226047916067e+00
1.248739004139999942e+00,2.521983635513265209e+00
7.096589803699999699e-01,2.120951835262711693e+00
7.497439980509998936e-01,1.045675299889849530e+00
8.907449841499999188e-01,1.127802181716330399e+00
1.469527959819999952e+00,1.226816952957444418e+00
1.608888030049999918e+00,1.222090389249989473e+00
1.043460965159999976e+00,8.499923064903595060e-01
1.184751033780000018e+00,8.116239060538563699e-01
5.063725113870000127e-01,1.029759100747511757e+00
6.946156024930000283e-01,1.008262835776596589e+00
9.299110174179998634e-01,9.758304460432443150e-01
7.754629850390000190e-01,7.848585040333301288e-01
8.564696311949999696e-01,9.324161226391419754e-01
9.269009828569999554e-01,9.042812794047241365e-01
7.506660223010001021e-01,7.916874856152167350e-01
9.248849749570000611e-01,7.104769810623891013e-01
1.070162653919999984e+00,7.509673387911983689e-01
8.752880096439998869e-01,8.899806851196864210e-01
7.511039972310000756e-01,7.529612646076551119e-01
8.627579808239999037e-01,7.085611183885679454e-01
5.096570253369999692e-01,7.145516243989195049e-01
8.495249748229999343e-01,6.545758681777990029e-01
6.711369752879999817e-01,8.331358192844016131e-01
6.132180094720000030e-01,7.418929958342973530e-01
3.810549974440000098e-01,6.006152098608222856e-01
8.710420131680000067e-01,5.619834198787644342e-01
6.540319919589999698e-01,7.034005170057645584e-01
9.089673757550000843e-01,7.227205996847639868e-01
9.709029793739999414e-01,8.401534684084693838e-01
9.856920242310001079e-01,8.827973592468818520e-01
1.356256246570000101e+00,8.020798022183401876e-01
1.309872984889999925e+00,1.050844967750416137e+00
6.344919800760000506e-01,1.044163904977031265e+00
5.933508276940000492e-01,7.831056925878562280e-01
8.796380162239999523e-01,5.658962602639401318e-01
1.131836414339999930e+00,7.813536944419393615e-01
1.841274023059999765e+00,1.006397026561049790e+00
2.261745929719999992e+00,1.491746173520140717e+00
2.597975969309999744e+00,1.958819038092850517e+00
2.399192094800000064e+00,2.282625187884625095e+00
1.982298016549999931e+00,1.948559921051402410e+00
2.269547939300000206e+00,1.851581850181865052e+00
2.017889976500000238e+00,2.152148119104756674e+00
1.452262043950000026e+00,1.528308906772060771e+00
1.342797994609999934e+00,1.191477087267717838e+00
1.311915040020000145e+00,1.066300532066527085e+00
1.276762008670000226e+00,1.037805159527362076e+00
1.275267004970000118e+00,1.304310890352494035e+00
1.210446000100000141e+00,1.077506863535575121e+00
8.153480291369999966e-01,1.165867973102044486e+00
7.271119952200000291e-01,7.547461093756471229e-01
6.043019890790000126e-01,6.925491532427614505e-01
9.830358624459999417e-01,6.548812607018219545e-01
1.101529002189999940e+00,7.927169614139463194e-01
1.183724999429999869e+00,8.665381770770200776e-01
4.356400072569999726e-01,9.660195703942021650e-01
3.270040154459999959e-01,6.659995067213358988e-01
8.039849996569999879e-01,7.261082437624353236e-01
4.216859936710000145e-01,7.325521264927254972e-01
5.734559893609999515e-01,7.112820119146460174e-01
3.959457874300000291e-01,6.934391324729246575e-01
4.163750112060000119e-01,6.762459880519311461e-01
5.603970289230000290e-01,5.611985322768695550e-01
7.749050259590000156e-01,6.526627901914388019e-01
6.370840072629999629e-01,6.740683778032662277e-01
3.839260041709999793e-01,6.756587798556014102e-01
5.648739933969999516e-01,6.159215228447552093e-01
1.054715037350000051e+00,6.520365978690642050e-01
6.537709832190000681e-01,8.610972187218524088e-01
5.931029915809999942e-01,7.026143783109038976e-01
1.022608995439999946e+00,7.171628862245919001e-01
8.359869718549999273e-01,9.096567308349946535e-01
6.375340223309999832e-01,8.176597896636013107e-01
9.755985140799999789e-01,7.790486393957277711e-01
4.898079931740000337e-01,9.567915947350338346e-01
1.098647952079999879e+00,6.400784267493614399e-01
1.151165962220000116e+00,8.555177177671612343e-01
8.061249852179999120e-01,9.801246290301386388e-01
4.744769930839999872e-01,8.783685039960075214e-01
7.896029949189999897e-01,7.882196194735259231e-01
4.762530028819999539e-01,7.630778286387466247e-01
5.455229878430000179e-01,6.315997874698626724e-01
6.212809681889999158e-01,6.141818252055442073e-01
7.707700133319999036e-01,7.155261945075679364e-01
9.337069988249999675e-01,7.176406204150140855e-01
8.110550045970000843e-01,8.206042963390096645e-01
6.005529761310000048e-01,7.339794525413163573e-01
1.002521038060000036e+00,6.570987593397729087e-01
8.921650052069998171e-01,8.768316332321640649e-01
9.160850048070000584e-01,8.391407552972148798e-01
7.413420081139999729e-01,8.978170258211020105e-01
9.283249974250000758e-01,8.608158030727450782e-01
6.429409980770000033e-01,8.782755649712665758e-01
9.950090050700001187e-01,6.849238994927618895e-01
6.271365880970000140e-01,8.073969954520361370e-01
1.038689017300000073e+00,6.675885560989940348e-01
6.888009905820000611e-01,8.343586810338065041e-01
5.214130282399999095e-01,7.717616857873553782e-01
6.510270237919999481e-01,6.938843203170174112e-01
1.159701943399999990e+00,7.034970251602569169e-01
6.456400156020000169e-01,8.875915343670809365e-01
1.195862650870000099e+00,6.932420481677468160e-01
1.304703950880000018e+00,9.449116215113255723e-01
8.844429850579998975e-01,1.057129890293029950e+00
7.697709798810000725e-01,8.457629572040950006e-01
7.702100276950000213e-01,7.764761423343728985e-01
6.418280005459999771e-01,6.643949933623661819e-01
8.937159776689999058e-01,8.145032577751805114e-01
5.247250199319999364e-01,7.863072598703423344e-01
5.142210125920000374e-01,7.375711756465401781e-01
7.172748446459999982e-01,5.845206598169855328e-01
6.410769820210000525e-01,7.583061403561308644e-01
4.689820110800000941e-01,5.782178903338833775e-01
1.203750014310000171e+00,5.290034766125946142e-01
7.911959886550000709e-01,8.338622630938380409e-01
1.136301159859999910e+00,7.688514796287260200e-01
8.642929792399999256e-01,9.524407675433861353e-01
8.814030289650001126e-01,8.317485631907803878e-01
5.817409753800000249e-01,7.184712498585582585e-01
8.651199936869999885e-01,6.341923344669452289e-01
9.078124761579999813e-01,9.220416726108152661e-01
7.377740144730000615e-01,8.931870087358834143e-01
1.120375037189999867e+00,8.167823374838947270e-01
9.422479867940000142e-01,1.051001090005487137e+00
1.060060024260000011e+00,9.102143183261226511e-01
7.158420085910000008e-01,9.925555741455950320e-01
4.040209949019999969e-01,8.603385501037215111e-01
2.920779883859999648e-01,6.552014995014797671e-01
6.317924261089999938e-01,6.294889344381875418e-01
1.124665260310000026e+00,6.853131669922165603e-01
1.115690946580000009e+00,8.953356096297077071e-01
1.247418999670000028e+00,8.956796502747553790e-01
6.976169943809999996e-01,1.044528101014710497e+00
3.693974971769999893e+00,8.362085419464890812e-01
8.204839825630000361e-01,2.553235543919425865e+00
8.573070168499999921e-01,1.493676488827547555e+00
6.902359724040000311e-01,2.812769243505371386e-01
8.385969996449998964e-01,1.341173928724117781e+00
1.287726998329999928e+00,1.195608155938131967e+00
9.632229804989999034e-01,1.049934296310128357e+00
1.343299984930000024e+00,5.232134068197181742e-01
7.316169738770000874e-01,1.096898037214290245e+00
6.809219717980000697e-01,6.206995486687750807e-01
7.014784216880000089e-01,8.353167464136239673e-01
6.698030233380000142e-01,8.156479225586372728e-01
1.365643024439999964e+00,7.561340427495703009e-01
9.781420230869999344e-01,1.121024525921738402e+00
6.786789894100000442e-01,8.771148422169994241e-01
5.976330041890000055e-01,7.387051596503970696e-01
8.193774819369999962e-01,6.833671749295979758e-01
7.911109924320000042e-01,6.726188980544696161e-01
1.044147372249999872e+00,7.244393821611112561e-01
1.400015950200000026e+00,8.779904972116200357e-01
8.748620152470000244e-01,1.088999516079012242e+00
6.228179931639999944e-01,9.115617634309682860e-01
7.164059877399998610e-01,7.275653934988085547e-01
6.523500084880000660e-01,8.256740222112179950e-01
9.379299879070001067e-01,7.143541568372082651e-01
5.936999917030000296e-01,8.973947127730262929e-01
5.393440127369999448e-01,7.263520626043953321e-01
9.370089769359999377e-01,6.575602130975032322e-01
8.087720274930000341e-01,8.253883885701351897e-01
5.654280185700000239e-01,7.544225147884995319e-01
6.020820140839999723e-01,6.910850137442599017e-01
1.146679997439999932e+00,7.625384762790521354e-01
9.824249744419999431e-01,8.850782334022124775e-01
5.671510100359999917e-01,8.727713995662523816e-01
7.866399884220000027e-01,7.099484734029350985e-01
7.388439774510000557e-01,8.469246182716277938e-01
6.810299754140000106e-01,7.604901547478407631e-01
7.086979746820000203e-01,7.423442774443543835e-01
6.642330288889999323e-01,7.957027852879322571e-01
5.124790072439999733e-01,7.312614979870279974e-01
6.040380001070000393e-01,6.442313221054075667e-01
6.728799939159999521e-01,6.425545325578628786e-01
8.265414834020000656e-01,6.671228961040386318e-01
4.546860158440000355e-01,7.476848915661875594e-01
5.594509840010000179e-01,6.515856888716785589e-01
1.332218050960000122e-01,6.157424813322923685e-01
1.633069962260000063e-01,5.440247420912203147e-01
1.797860413789999778e-01,5.954003080154945948e-01
5.747918486599999932e-01,7.189701923830702501e-01
8.508148789409999413e-01,6.082591458102912796e-01
8.527640104289999634e-01,6.090836540773431063e-01
1.687628030779999788e+00,6.831336108544142638e-01
2.149522066120000297e+00,1.342555829792628996e+00
8.122850060459999577e-01,1.507255408760844739e+00
1.239639997479999867e+00,1.151579091586190762e+00
2.128437280650000041e+00,1.044648849608874386e+00
2.139239072800000141e+00,1.865944526005853810e+00
9.779880046840000452e-01,1.621785821349138734e+00
6.937779784199998856e-01,1.287056540108539648e+00
7.218790054320000094e-01,6.762845775025422279e-01
7.631160020829999002e-01,7.864061212742026186e-01
8.565329909319999713e-01,8.953443061040953221e-01
1.109338045120000116e+00,9.186539295865633337e-01
6.476340293879999654e-01,1.051845933422431267e+00
9.241870045659998922e-01,7.865419720875455045e-01
7.877320051189998784e-01,8.150175870871706474e-01
1.305567026139999864e+00,7.694674171326550960e-01
9.107710123059999940e-01,9.915774733491042880e-01
8.699640035629999657e-01,8.840644011353780973e-01
5.743020176890000217e-01,8.157769692057356137e-01
8.599532246590000373e-01,7.486424332783317981e-01
4.775849878790000003e-01,7.997107201832286405e-01
1.108017444610000179e+00,6.736558495127916713e-01
1.290724992749999966e+00,9.044292081595530775e-01
8.591579794879999898e-01,9.323599166153163642e-01
3.058980107309999807e-01,8.383923433576219164e-01
9.039019942279999942e-01,6.039762854898742539e-01
6.352750062940000220e-01,8.353923128731017833e-01
1.023422956470000145e+00,7.906718322146071287e-01
6.730669736859999919e-01,9.521401546300634067e-01
8.504790067669999454e-01,8.090881114310657374e-01
5.141969919200000128e-01,7.482348454190441700e-01
1.527956604959999964e+00,6.616545251024933405e-01
4.094385623930000051e+00,1.167548434084421549e+00
9.952359795569999390e-01,2.723684306041656455e+00
8.670449852940000923e-01,2.259398730217370144e+00
1.141056060789999993e+00,1.096973773303858923e+00
1.622257947919999888e+00,1.656354793092762234e+00
1.980204939840000566e+00,1.689711363238956654e+00
1.375547051430000112e+00,1.545611735156888988e+00
1.851865053180000054e+00,1.103987437205844246e+00
1.420923948290000016e+00,1.626138540125560361e+00
1.589177966120000285e+00,1.311344659347113195e+00
1.673199415210000041e+00,1.395855550036674053e+00
2.123934030530000072e+00,1.598625020370052274e+00
1.648401975629999905e+00,1.226061166474947228e+00
1.204741954800000014e+00,1.618420467740132151e+00
7.920839786529999538e-01,1.155755210815590184e+00
1.227027416229999890e+00,9.615190471791252858e-01
1.226951003070000157e+00,1.255441731580724918e+00
1.131343960759999989e+00,1.023880276595215078e+00
1.252465009690000075e+00,1.194072077780317764e+00
1.116891980170000132e+00,1.315779510373251915e+00
1.122387051579999850e+00,1.047768837399094544e+00
1.040153026579999862e+00,1.080639121683503845e+00
8.091310262680000420e-01,1.002532889052075493e+00
7.681059837340000751e-01,8.063921132521834068e-01
7.982919812199998910e-01,7.714513800101618912e-01
7.666722536090000428e-01,8.082824430838159158e-01
1.057360053060000027e+00,7.726371141865561176e-01
8.607699871060000563e-01,9.410516105397849218e-01
1.070777058600000053e+00,8.621836663082704799e-01
5.301510095600000527e-01,9.943410923445312743e-01
6.604189872739999467e-01,7.465823674338697424e-01
9.909179806709998983e-01,6.575616878407424259e-01
3.561530113220000016e-01,8.455662802074784823e-01
9.618239998820000691e-01,5.998904855517802615e-01
1.244829058649999931e+00,8.405764677789627770e-01
8.381230235100001202e-01,1.078555972092647641e+00
9.245989918709998090e-01,8.626308101170011566e-01
8.131660223010001021e-01,9.761076335732065123e-01
1.003061056139999963e+00,8.245196609728788761e-01
8.752340078350000496e-01,8.633110503168559546e-01
7.991399765009998823e-01,9.085949965909002612e-01
8.812961578369999938e-01,8.426606292859064595e-01
1.063080191609999892e+00,9.204534783331234093e-01
9.057049751279999672e-01,9.911783077555864629e-01
6.909559965129999926e-01,8.744875789466570737e-01
1.355970025060000195e+00,7.826630870428399334e-01
7.572399973869999856e-01,1.085661673132917615e+00
2.043754577640000125e+00,8.084465296344129914e-01
8.576130270960000690e-01,1.568414116227652588e+00
2.364957094190000220e+00,8.276001333223343970e-01
4.179231166840000178e+00,1.569616473455420547e+00
2.233561992649999883e+00,3.541403201739654172e+00
8.013390302660000630e-01,2.096130587585205429e+00
8.372840285299999463e-01,1.387871108935238462e+00
8.851529955859999133e-01,1.077396118156528138e+00
9.040349721909999303e-01,1.109044854226765686e+00
1.302939534190000082e+00,9.351973108270971169e-01
7.228699922560000157e-01,1.278082847292665303e+00
8.009120225910000279e-01,7.995472808414401111e-01
1.032919287679999965e+00,7.091514710710603575e-01
1.321628212929999879e+00,9.354931897794865892e-01
9.367759823799999275e-01,1.058729461619066559e+00
7.007700204850000336e-01,9.735019611184489996e-01
7.624319791789999634e-01,7.404245677636484002e-01
1.144938945770000105e+00,7.166698555386759040e-01
7.721610069269999599e-01,9.988448803575791235e-01
8.772150278090000697e-01,8.197206905603673377e-01
1.243505001070000171e+00,9.009695185189269262e-01
6.381840109830000385e-01,1.126143063924740506e+00
7.468199729919999807e-01,6.456427073431730834e-01
6.839929819109999976e-01,6.083343787965411753e-01
1.419505119320000119e+00,5.625350144881049452e-01
6.141470074649999500e-01,1.155079115599085160e+00
7.347676754000000976e-01,7.221194505094252758e-01
6.770560145379999062e-01,6.492701302713353995e-01
1.074026942249999950e+00,6.695167853644696798e-01
6.156389713290000287e-01,8.783632990700184218e-01
9.692379832269999440e-01,7.648166685170257884e-01
9.916120171550001361e-01,9.350842170039207479e-01
8.089560270310000023e-01,9.769840518515670036e-01
2.435143947599999859e+00,8.615238480626188355e-01
8.223479986189999869e-01,1.581118669538646104e+00
5.938220024110000272e-01,1.140769387407935653e+00
5.762249827380000466e-01,6.709653195146390026e-01
4.224239885809999429e-01,8.284938832180911428e-01
6.765879988670000511e-01,1.053593287253533628e+00
5.520349740979999531e-01,7.391091123466537738e-01
9.015229940410001142e-01,8.310454803073367147e-01
7.489960193629999763e-01,8.216911976329600575e-01
8.627583980560000754e-01,7.331742542549108954e-01
9.480749964710000199e-01,7.665411258510334003e-01
1.055613875389999956e+00,8.183057939332178954e-01
1.970020055770000278e+00,8.945900367852775981e-01
9.391199946399999554e-01,1.386893342025329101e+00
1.009042978289999892e+00,1.085286591266288569e+00
7.824029922490001177e-01,8.598604459615933893e-01
1.016265034679999957e+00,9.366540281953311675e-01
8.782749772069999850e-01,1.001146169026743360e+00
7.353619933130000064e-01,9.390816576972166319e-01
1.109990954399999952e+00,8.234854683932359976e-01
7.727199792860000027e-01,1.001786273445025799e+00
1.164981961250000086e+00,8.352400252501342992e-01
7.157210111620000426e-01,1.057451297592384876e+00
1.475479006770000101e+00,7.769222662699541981e-01
8.354520201680000202e-01,1.020772309548640511e+00
7.344660162930000125e-01,8.081188939190733223e-01
7.861927747729999805e-01,7.228538541191644740e-01
1.143465042110000107e+00,9.097683796247405530e-01
9.246990084650000830e-01,8.408040582191482759e-01
2.958764553069999970e+00,9.422118384578106465e-01
2.138324022289999959e+00,2.471221396995796571e+00
2.038712024690000124e+00,1.452047345524757338e+00
1.480209946629999829e+00,1.808925858460827207e+00
9.367650747299998137e-01,1.502969491714456707e+00
1.715939760209999942e+00,1.132462540370050563e+00
1.001402020450000041e+00,1.267084099730230395e+00
8.896229863169999863e-01,9.451291069221710028e-01
7.492939829829999843e-01,7.859703113183382772e-01
1.115183949470000213e+00,8.515258229651209154e-01
9.457820057870001129e-01,9.986358324290924848e-01
6.452180147170000213e-01,8.454776679901172542e-01
1.164842009540000056e+00,6.912183119683351640e-01
1.244351029399999975e+00,1.007930531203556912e+00
9.045109748840000075e-01,1.073805244570993578e+00
5.575259923929999362e-01,9.900266271170390375e-01
5.778343677520000332e-01,7.655585307871798362e-01
7.199835777280000348e-01,5.478317917117403457e-01
7.607790231700000128e-01,5.426789881720297526e-01
5.404400229450000426e-01,6.336789728938487798e-01
8.009672760959999360e-01,6.086358123206173643e-01
7.710149884220000027e-01,7.460563386316884094e-01
6.709719896319999988e-01,7.010616255099872962e-01
2.768970489500000021e+00,6.473279946969058285e-01
3.086133003230000060e+00,1.973931498139583018e+00
1.116358041760000086e+00,1.934379813009999616e+00
1.018260955809999979e+00,1.843285765638471130e+00
7.442610263819999794e-01,1.316524340446627583e+00
1.114386796949999869e+00,9.921281347087639313e-01
1.380516409870000238e+00,8.668763578110505463e-01
1.229098439219999950e+00,8.899827229025542019e-01
1.573238968849999919e+00,8.976097832931092535e-01
1.245597958560000107e+00,1.184396742412530124e+00
8.298619985580000247e-01,1.094054888625900057e+00
5.376980304720000436e-01,8.183678554245066294e-01
8.593800067899999284e-01,6.511699414071654424e-01
7.949647903440000274e-01,7.374136735387755159e-01
8.122889995569999577e-01,8.197622249247298321e-01
1.209460973739999945e+00,7.245162714821188343e-01
1.043611049649999956e+00,1.045820546701486942e+00
9.914460182190000248e-01,9.343630080886282663e-01
1.377645969390000058e+00,9.734984728252119579e-01
7.495359778399999229e-01,1.261284706017639090e+00
7.549669742579999676e-01,8.163887529425454259e-01
8.522210121150000095e-01,7.378845590757437956e-01
1.312628030780000010e+00,8.182741268422211167e-01
9.499999880790001017e-01,1.012819760092686927e+00
8.433979749680000637e-01,9.251806482756852468e-01
6.329939961430000039e-01,8.612865648102318028e-01
6.848490238189999246e-01,7.351225894397279692e-01
8.296039700509999504e-01,6.309231893050467610e-01
1.117776036259999994e+00,7.777762741553611026e-01
1.060515046120000138e+00,8.159800921199718005e-01
9.966710209849999336e-01,8.853014676610595490e-01
6.726049780850000825e-01,8.776484402259190354e-01
8.499810099600000335e-01,8.341793454975749977e-01
7.929700016980000266e-01,7.577954167815437181e-01
7.509549856190000927e-01,8.348258033455507876e-01
9.556260704989999466e-01,7.255923546079797726e-01
6.085839867589999397e-01,9.276592716417145779e-01
7.782499790189999489e-01,7.375097660401255251e-01
5.098140239720000411e-01,7.495292425235658973e-01
6.364319920540000286e-01,6.337478208030005167e-01
6.015599966049999248e-01,5.923397518042888832e-01
6.556333899499999784e-01,6.815637308654204363e-01
6.385549902920000243e-01,6.583266548608336377e-01
8.762890100480000832e-01,6.779020765797471038e-01
7.967479825020000739e-01,7.245173887517717404e-01
6.824830174449999509e-01,7.310776341334094264e-01
8.025500178340000401e-01,7.114138684637908439e-01
7.950311899190000142e-01,8.001855998293873062e-01
1.584897041320000088e+00,7.590817737917751051e-01
1.017485976220000143e+00,1.109731570596575789e+00
9.177780151369999695e-01,9.680036707893716619e-01
1.230221033100000083e+00,9.136507413887750007e-01
1.027899026870000121e+00,1.046144882664619580e+00
9.125559926030000213e-01,9.296314369866609528e-01
7.935979962350000472e-01,8.642954019279438516e-01
1.030437946320000187e+00,7.819211131929778569e-01
5.325379967690000438e-01,8.602795474568423195e-01
6.127780079839999505e-01,6.486215764609358780e-01
8.741289973260000234e-01,6.368111664035674968e-01
3.667230010029999820e-01,8.146323529138538300e-01
7.391750216480000857e-01,6.085502109469484999e-01
5.604230165479999748e-01,7.257128347804798763e-01
7.758178114889999755e-01,6.444464093663219151e-01
8.102909922600001202e-01,6.725765935860285039e-01
6.437510252000000488e-01,7.760900136116306580e-01
7.236457467079999706e-01,6.518302426568042263e-01
9.113870263100001257e-01,6.833873306064104369e-01
6.627830266949999993e-01,7.238153961924761459e-01
1.002035975460000117e+00,6.348924115961159798e-01
8.224419951440000709e-01,7.611251812947774642e-01
1.030576944350000135e+00,7.230225005053805276e-01
6.781139969830000114e-01,7.833093447500428796e-01
5.333459973340000104e-01,6.693146040961645005e-01
3.209959864620000047e-01,7.426044653059057365e-01
7.608630061149999069e-01,5.670856396788656051e-01
7.439860105509998878e-01,7.141862142634451960e-01
5.468400120740000148e-01,6.953540601919803166e-01
7.004669904709999173e-01,6.550236320431565007e-01
8.356525897980000561e-01,7.869062735821287236e-01
1.274258971210000091e+00,7.728879684145768536e-01
8.934450149539999719e-01,8.547366069794986032e-01
6.211659908290000365e-01,8.251157998860626508e-01
7.900159955019999680e-01,6.488226322958493553e-01
1.067494988440000014e+00,7.611240263840884923e-01
6.698009967800000464e-01,7.817965827468315032e-01
1.265694975850000015e+00,7.091768492155663406e-01
6.380620002750000408e-01,1.002516709942748774e+00
9.348030090330000652e-01,7.201013349924834106e-01
8.006410002709999363e-01,7.586340358127031669e-01
1.085708975790000030e+00,8.490748186640536543e-01
3.527039885520000251e-01,8.232582246536018777e-01
5.883709788319999578e-01,6.604455749323040470e-01
4.875420033929999120e-01,5.184225039378596023e-01
4.636880159380000199e-01,6.708122280992532271e-01
3.637039959430000136e-01,5.724901128129233907e-01
8.750243186949999696e-01,6.626585357198945259e-01
6.435279846190000708e-01,7.788656231500367122e-01
4.834130108360000233e-01,6.498901136828606484e-01
2.120890021319999930e-01,5.433199188588466733e-01
4.560469985010000560e-01,5.157026374152849924e-01
4.367910027499999903e-01,5.777103449079640241e-01
7.238804101939999569e-01,6.006918653527172358e-01
5.560690164570000205e-01,6.555023138989752862e-01
4.748429954049999679e-01,6.310604673776041285e-01
2.674640119080000100e-01,5.520399364874380987e-01
9.588437080380001198e-01,5.571858013142223509e-01
7.868980169300000549e-01,7.636727278261958851e-01
1.794360995290000149e+00,7.538789854622003350e-01
1.337677955630000026e+00,1.291909396828840650e+00
1.210453987120000185e+00,1.117345166940974188e+00
5.654799938200000264e-01,1.183047593153052190e+00
4.008429944520000565e-01,8.259034247172283294e-01
2.727654874320000200e-01,6.446596528365025058e-01
5.836449861529999783e-01,6.336860316602372922e-01
8.533802628519999711e-01,6.286604042638980205e-01
8.660610318179999823e-01,7.828800119200146623e-01
1.158349990839999899e+00,7.672326813286652891e-01
7.764859795569999390e-01,9.742890907775231257e-01
1.068807005880000105e+00,8.316582851831920697e-01
5.888479948040000744e-01,9.485663455061574822e-01
1.588868498799999918e+00,6.923752644445280158e-01
4.327859878540000205e-01,9.214486693741900103e-01
3.996030092239999942e-01,6.528239712002397166e-01
5.545349717140000134e-01,3.564655325940958575e-01
6.221979856490000849e-01,5.986163820809222713e-01
1.149551987649999996e+00,7.339638571393114486e-01
1.121260046960000034e+00,1.008678962648285271e+00
9.776459932329999436e-01,1.100497138065910541e+00
1.732741951940000025e+00,1.069067136820234021e+00
2.302707910540000125e+00,1.437061910023867295e+00
1.053477048870000043e+00,2.003519800506256665e+00
7.962800264360000435e-01,1.248287910260686973e+00
5.203329920770000117e-01,9.103312033792472224e-01
6.104800105090000262e-01,5.348363228981873885e-01
4.453057944770000276e-01,8.085020672650444773e-01
6.522138714790000069e-01,6.980635984482952416e-01
1.175541162490000069e+00,7.405700567489792441e-01
1.032202124599999937e+00,9.084102293524173311e-01
7.193930149079998948e-01,8.174539069406396852e-01
8.200139999390000378e-01,7.559723736473628053e-01
9.497330188750000568e-01,7.592343901860701960e-01
1.039114952089999822e+00,7.162907546582863993e-01
5.883830189700000046e-01,8.681067249040221867e-01
9.508559703829998488e-01,7.078275392131054833e-01
5.277600288389999728e-01,8.822817712207143837e-01
7.736063003540000205e-01,6.696905958321464070e-01
9.703559875489998765e-01,7.120347937279241091e-01
1.383889913560000018e+00,8.484007189649842573e-01
7.795230150220000542e-01,1.100183919409889910e+00
6.069999933240000090e-01,7.981732122344077363e-01
4.660570025440000097e-01,6.123554432830511374e-01
9.455270171170000459e-01,4.183307634693787525e-01
6.238729953770000280e-01,7.809939282917587322e-01
3.923240005969999555e-01,7.529052917670766565e-01
5.156549811360000568e-01,6.759022624858643802e-01
9.679385423660000765e-01,7.397499060066657917e-01
1.356565952299999989e+00,8.277051911589243804e-01
9.072690010070000310e-01,1.006167882737053043e+00
8.162760138510000152e-01,9.287852146987388702e-01
2.479866981509999846e+00,8.851351475787065937e-01
1.133080005649999888e+00,1.813338083374965937e+00
1.045583963389999926e+00,1.189361610253071300e+00
8.474370241169999485e-01,9.512210484717207315e-01
1.536522984499999911e+00,9.398991859676252281e-01
9.008989930149998715e-01,1.256404074682150984e+00
4.812009930610000596e-01,8.355346423623577490e-01
8.572540283199999722e-01,6.345584576378306974e-01
8.617479801180000232e-01,7.981256371942174743e-01
1.008694052699999899e+00,7.655134095705190544e-01
1.127727031710000105e+00,9.261111325415920525e-01
7.795569896699999779e-01,1.104491713519411888e+00
9.895502924920001053e-01,8.539510402630438035e-01
8.363329768179998958e-01,9.593882636193191704e-01
9.099559783939998869e-01,7.667181428854559222e-01
5.511059761050000061e-01,8.132810423045380155e-01
1.239764332770000088e+00,7.029485504166896881e-01
1.211838960649999963e+00,1.004759650045850439e+00
1.379981994630000042e+00,1.023846587842150990e+00
1.148460984229999982e+00,1.195316832713657407e+00
7.663900256160000035e-01,1.069518438090434120e+00
9.660840034479999394e-01,7.802824756901548531e-01
8.156750202179999798e-01,8.364162365544332012e-01
1.142272949220000111e+00,8.474437895849166180e-01
1.299479961400000105e+00,1.008270192932803733e+00
8.583310246469999516e-01,1.182675487253383340e+00
7.149469852449999996e-01,9.210308080180292789e-01
8.764400482179999230e-01,7.905933365488246878e-01
8.305460214609999836e-01,9.002796438414343294e-01
8.535240292550000385e-01,7.553990468812514791e-01
9.092410206789999227e-01,8.585892637916474612e-01
5.202720165249999917e-01,8.975665323476639257e-01
7.411040067669999454e-01,7.092447622991258083e-01
5.853319764140000325e-01,7.085576301211655714e-01
5.047770142559999673e-01,6.604082578623824418e-01
5.519493222240000607e-01,5.871386128857943865e-01
9.697520136830000137e-01,6.970257469636089720e-01
1.116515994070000017e+00,8.050062187978511696e-01
1.049844980239999837e+00,9.315063884787350146e-01
6.342629790310000404e-01,9.679648081635273682e-01
5.644329786300000817e-01,7.944462535930639779e-01
9.184709787370000100e-01,6.604328184704543192e-01
9.593539834020000656e-01,8.366147098577586538e-01
5.984159708020000412e-01,8.328172163584851573e-01
9.383450150489999197e-01,7.495909682165113885e-01
4.542250037189999867e-01,8.879315779577920953e-01
7.079470157619999204e-01,6.363396342519866966e-01
3.876500129699999575e-01,6.482266311845090723e-01
4.484339952470000057e-01,6.543606920199698251e-01
8.405709862710000202e-01,5.918351797618681687e-01
5.337110161779999862e-01,8.402522689718082693e-01
7.211350202559999589e-01,6.218234784599824261e-01
5.215386152269999576e-01,7.242227149325654034e-01
7.050759792330000275e-01,7.029745985044667522e-01
6.405649781229999506e-01,6.303833105650443747e-01
5.168589949609999623e-01,7.188388871963073967e-01
1.660409450529999997e+00,5.893053186012474631e-01
2.465307950970000217e+00,1.266259569012896824e+00
1.622156023979999917e+00,1.868601285122697186e+00
1.866270065310000170e+00,1.599746740810704670e+00
3.623536109919999415e+00,2.013435211150923276e+00
7.948709726329999947e-01,3.009889085931164665e+00
9.065989851950000400e-01,9.919638045894040301e-01
8.571879863740000660e-01,3.212895780120868516e-01
7.756379842759999477e-01,9.653621647141975570e-01
7.006700038909999817e-01,1.035675432422521913e+00
6.443409919740000769e-01,6.929179830030625098e-01
7.579550147059999077e-01,7.566168061905903519e-01
5.499600172040000068e-01,8.299422806514707984e-01
4.964669942859999408e-01,7.040379608460830552e-01
1.367677569390000070e+00,6.453254591070337609e-01
1.397894024850000250e+00,1.086468129280958150e+00
8.148130178450000427e-01,9.363614952907810540e-01
1.278898954390000009e+00,8.782314662887206191e-01
8.623980283740000363e-01,1.049654765528794664e+00
1.093865990639999897e+00,1.000452464289874221e+00
8.134710192680000285e-01,1.153941540170202673e+00
1.466687083240000078e+00,7.913011925068106356e-01
9.060310125349999577e-01,1.205984117756537577e+00
7.652140259739999006e-01,7.445884176170544100e-01
1.311033964160000176e+00,6.353448990368908422e-01
7.892500162119999718e-01,1.000322072279295149e+00
1.474902033810000068e+00,9.012188666663187853e-01
9.167850017550001063e-01,1.223045224062702774e+00
1.186140060420000086e+00,8.580133201597429649e-01
1.411391973500000008e+00,9.203926800770699801e-01
2.092472076419999993e+00,1.324125377731479647e+00
7.189220190049999681e-01,1.743392003017043335e+00
1.301861047739999888e+00,1.043100266230854611e+00
1.268974781040000055e+00,9.507563996178143295e-01
1.221997022629999874e+00,1.246538266862545763e+00
9.061110019680000960e-01,9.741853032548533076e-01
1.078873991970000112e+00,9.585350712035771714e-01
1.028025031089999874e+00,8.305211123609707036e-01
7.863690257070000689e-01,1.011406101021163906e+00
1.276852965350000035e+00,8.181052395482075745e-01
7.093420028689999546e-01,1.175201700541432359e+00
5.201929807659999572e-01,7.818140837359723871e-01
5.645610094070000473e-01,6.924163302206193249e-01
9.855200052259999177e-01,7.191371471702775464e-01
1.092841982840000004e+00,8.603099298698723141e-01
4.786899983879999709e-01,9.053615307909241849e-01
3.955059945579999514e-01,6.860186876300583547e-01
1.850703001020000071e+00,5.552151931249412753e-01
1.195796012879999815e+00,1.204464793554098412e+00
1.702510833739999896e+00,1.081709946302381375e+00
2.998351097109999586e+00,1.472245071404616468e+00
2.407080888749999925e+00,2.586429217173271233e+00
2.585943937299999718e+00,2.053672565754158796e+00
2.233839035029999920e+00,2.631244962824519806e+00
1.655773043629999997e+00,2.067555225648575412e+00
1.430611014370000156e+00,1.447845698103400247e+00
8.921740055079999676e-01,1.306675902815500834e+00
1.231696963309999893e+00,1.114839510671592926e+00
8.955079913140001624e-01,9.844069353530428002e-01
1.602033019070000064e+00,9.341520945649917085e-01
1.585399031639999956e+00,1.153980985159968498e+00
1.232059955600000034e+00,1.384215175053653990e+00
1.210371017459999976e+00,1.220667281839239671e+00
1.242141008379999967e+00,1.272363149961320161e+00
9.857040047650000858e-01,1.081593131545247832e+00
7.289689779279999726e-01,9.505603527791596230e-01
6.761519908910000876e-01,7.938772451089087800e-01
1.071573019029999907e+00,6.507381409320881493e-01
9.457439780239998983e-01,8.120561821958897086e-01
4.376370012759999706e-01,8.188338929923798526e-01
5.141820311550000522e-01,6.360584718854580544e-01
3.387190103530000052e-01,5.823218524981235156e-01
7.144280076029999593e-01,5.275765202315290114e-01
4.996199905870000180e-01,6.074500764133038411e-01
7.917379736899999854e-01,6.291634054841412915e-01
8.646243214609999894e-01,6.497008818351546200e-01
6.024960279459999901e-01,8.064358227103995969e-01
1.260069966320000123e+00,6.956352508215792874e-01
1.012339949610000067e+00,1.033096054078592729e+00
1.004528999329999950e+00,8.670550455442773696e-01
6.310235261919999727e-01,9.328527588893754663e-01
1.141221046449999887e+00,7.967643761499060284e-01
5.426099896430000014e-01,7.063950539657964933e-01
8.547459840769999762e-01,6.495450474035441291e-01
7.744219899179999311e-01,6.231032052742758731e-01
3.084340095520000102e-01,7.863220687374526952e-01
8.376209735870000506e-01,5.676587757080044927e-01
7.293469905850000767e-01,7.612270282760753570e-01
7.503905892370000830e-01,6.834649394989869009e-01
1.134822010990000019e+00,7.345244141387455850e-01
1.614240050320000064e+00,9.705726312725915239e-01
1.244793057440000128e+00,1.201050289690839268e+00
7.141630053519999466e-01,1.117305190455646358e+00
7.293040156360000026e-01,8.675069862470665694e-01
6.486989855770000091e-01,7.866428748136161664e-01
3.427990078929999962e-01,5.405317188718355981e-01
3.861860036850000011e-01,6.001368048745867601e-01
6.366299986840000535e-01,5.091247697251479742e-01
3.990480005740000280e-01,6.586357874880990337e-01
4.178859889509999870e-01,5.553803239107309997e-01
1.103790521619999909e+00,5.927344482416909699e-01
6.956189870829999622e-01,9.310996200934777978e-01
8.070139884950000564e-01,7.042554638244676868e-01
5.947690010070000310e-01,7.487938083709808623e-01
1.107607960700000005e+00,7.103628275290850835e-01
9.713580012320000012e-01,7.904907211426982494e-01
7.170349955560000321e-01,8.874140363179368052e-01
6.764810085300000386e-01,7.514512103305825974e-01
1.687772989270000190e+00,8.208075270869344964e-01
9.907569885250000485e-01,1.209918246950633103e+00
8.082039952280000161e-01,1.013177755538263280e+00
1.087718963619999979e+00,8.706555617195192998e-01
1.564818024639999861e+00,1.063754660341616809e+00
6.673809885979999912e-01,1.196593782900890135e+00
1.256489992140000123e+00,8.599847148064146962e-01
1.091886043549999963e+00,9.830036639673973564e-01
7.375509738919999725e-01,9.199357845790471222e-01
6.224380135540000802e-01,8.280981364485270335e-01
8.364729881290000613e-01,8.249190321324388897e-01
5.774260163309999916e-01,7.077937811974350790e-01
1.015761017800000054e+00,7.060375190739255347e-01
1.106158971790000001e+00,7.824872656861309173e-01
6.945540308949998964e-01,9.379753491036200153e-01
1.130903959270000092e+00,7.911347331500410140e-01
9.518219828609999489e-01,9.584589905060610926e-01
7.524570226669999862e-01,8.474366101967043541e-01
5.585229992869999993e-01,7.183928476107485084e-01
1.415836334229999771e+00,7.401169650623627971e-01
1.855298042299999839e+00,1.109886032021666136e+00
7.845479845999999702e-01,1.174828397284800152e+00
8.210539817810000862e-01,1.025264991285957272e+00
5.835890173909999978e-01,8.544460652263338174e-01
8.359720110889999889e-01,7.970555798376107726e-01
2.184663057329999880e+00,8.880394845000222359e-01
6.805480122570000123e-01,1.744799123166327570e+00
1.238904953000000031e+00,9.257560189733031741e-01
1.030328035349999949e+00,9.403410814482113800e-01
7.914109826090000022e-01,9.270801098174870081e-01
8.423720002169999832e-01,8.094199606948269121e-01
4.464710056780000769e-01,7.136772954951556835e-01
5.589337944979999584e-01,6.926007854286059251e-01
7.099329829220000221e-01,7.418688412430558543e-01
7.334340214730000751e-01,8.200157781467891649e-01
7.833399772640000647e-01,7.504422260070086059e-01
8.426809906959999985e-01,7.529479831864013262e-01
1.099761009220000085e+00,7.805012162758353522e-01
8.706315755840000614e-01,9.748808375475825905e-01
5.862460136410000411e-01,8.993769893217860023e-01
8.863990306849999223e-01,7.586016820634386981e-01
1.019399046900000050e+00,8.269443403165858131e-01
8.493610024450000129e-01,7.823015811120910268e-01
1.010666966439999870e+00,7.592381898381033167e-01
1.331516027449999973e+00,8.864271412630354563e-01
1.215008974079999859e+00,1.145059628032376375e+00
1.645591020579999952e+00,1.148534582262745296e+00
9.708780050280000351e-01,1.421366134824976202e+00
1.411272048950000135e+00,1.008306951458320055e+00
7.953929901119999313e-01,1.185275440699121274e+00
1.046331048010000098e+00,7.529040443942958127e-01
8.879339694979999642e-01,7.351357579120391117e-01
8.349300026890000836e-01,7.977616633084041453e-01
9.847199916839999290e-01,8.274845602026970059e-01
1.090394020079999970e+00,9.233538956781168761e-01
4.901649951929999416e-01,1.020744668033396696e+00
6.141669750209999279e-01,6.573345349097847734e-01
6.314740180969999894e-01,6.033722688529638001e-01
8.252440094949999860e-01,5.958386768901077213e-01
1.051450967789999913e+00,7.094060349174763358e-01
1.047114968300000060e+00,9.107910580517297738e-01
3.921430110930000379e-01,9.170390221864006541e-01
4.695149958129999912e-01,6.457433849980661611e-01
7.720900177959999500e-01,5.663295232366486465e-01
7.520099878309999264e-01,6.923771051609423077e-01
6.877393722529999698e-01,6.728451409869011801e-01
6.718119978899999012e-01,7.492410273326104431e-01
1.185933232310000029e+00,7.159775121827495203e-01
6.571980118750000432e-01,9.733093859613728416e-01
8.213180303569999063e-01,7.110117143735238399e-01
7.795739769939998842e-01,7.678658205535396908e-01
1.030122995379999962e+00,7.998298298034971499e-01
6.211889982220000217e-01,8.470512079950428541e-01
8.660820126530001106e-01,7.444773384289296025e-01
9.608931541439998947e-01,7.837498664490702982e-01
6.760399937630000577e-01,8.906863633486877818e-01
7.402380108830000083e-01,7.227647886334594984e-01
5.984709858890000511e-01,7.722370351326737214e-01
6.151059865950000427e-01,6.623984416380005458e-01
9.358735680580000382e-01,6.530799085181988595e-01
5.818247795100000008e-01,8.351215559925010412e-01
7.156659960750000327e-01,6.894881489301352140e-01
6.529520154000000298e-01,6.963260933413039089e-01
9.700022935870000751e-01,6.885397240732558100e-01
7.834500074390000623e-01,7.785307623708831448e-01
7.448130249979999506e-01,7.665838575981941405e-01
8.276180028919999376e-01,7.196836778331303641e-01
8.943400979040000420e-01,7.839916988932144060e-01
2.505017042159999985e+00,8.725541359455881718e-01
1.620712041850000062e+00,1.465565532589415021e+00
1.417585968970000110e+00,1.524929624765503311e+00
1.049872040749999957e+00,1.521227479704794661e+00
1.226507544519999993e+00,1.194301375423620470e+00
1.043179035189999881e+00,1.465388507752938496e+00
9.694439768789999690e-01,8.808920885590839633e-01
8.192250132559999454e-01,1.019710461012203195e+00
8.129550218580000598e-01,7.873892683979728524e-01
6.712080240250000163e-01,7.613417519018582658e-01
5.289899706839999993e-01,6.948746590487733243e-01
3.461930155749999849e-01,6.756628315243169425e-01
4.789490103719999947e-01,5.990605288416456231e-01
1.153810977940000093e+00,6.273022604243944089e-01
9.671270251270001062e-01,9.286733796155746123e-01
7.845839858059999727e-01,8.459061209964512384e-01
4.701859951020000428e-01,8.276370182824630550e-01
5.632782578470000301e-01,7.189276097533150445e-01
2.416239976880000528e-01,6.497877762313714056e-01
2.709859907630000064e-01,5.720042239775220416e-01
1.994680017229999991e-01,5.274128215618616444e-01
1.327169984580000017e-01,5.393398973364618154e-01
4.732620120049999546e-01,5.327240969633304513e-01
6.585559844969999244e-01,6.339413631047740028e-01
9.621880054470001165e-01,5.985133001016247345e-01
5.111979842189999790e-01,6.689554620844802013e-01
9.829789996150001263e-01,6.131221870013774389e-01
9.100099802019999684e-01,8.529991841299257027e-01
1.026576042179999870e+00,8.132961772303413106e-01
8.309389948840000262e-01,8.590939350389948936e-01
9.651920199390001676e-01,8.553375400741062284e-01
1.000543951989999902e+00,9.029094314896433104e-01
1.983185052870000131e+00,1.034529981801705301e+00
1.274855017659999978e+00,1.703171062669811997e+00
1.286525964740000028e+00,1.112321332492843595e+00
1.382244944570000245e+00,1.122580556308761190e+00
1.736924052240000016e+00,1.280257784459411852e+00
1.257668018339999971e+00,1.201069121240225801e+00
7.533379793170000838e-01,1.261489341445323875e+00
1.084908962249999886e+00,8.007575174980194888e-01
1.062494039539999990e+00,1.008826254088963648e+00
7.787629961969999570e-01,9.188377500121918118e-01
8.256469964979999965e-01,8.726141812259136099e-01
9.891830086709999525e-01,9.050239530885083594e-01
1.418092012410000047e+00,9.182464554770914944e-01
1.151677966120000063e+00,1.172184961828808270e+00
1.250364065170000094e+00,1.093793691147542102e+00
8.794019818310000458e-01,1.195500490432872098e+00
1.089423060420000144e+00,9.338942682198856371e-01
1.809062957759999701e+00,9.493391308561922592e-01
8.687390089040000207e-01,1.374885931961136176e+00
8.521729707719999380e-01,1.031014783413548574e+00
1.307837963100000112e+00,8.509867919622191579e-01
1.262575984000000151e+00,1.250576571176060137e+00
7.601559758189999627e-01,1.091939300677410962e+00
1.069887042049999959e+00,9.303495984247751593e-01
8.579840064049999437e-01,1.061367941246439850e+00
1.149323940279999956e+00,6.908376347888295355e-01
1.067142963410000034e+00,9.040220315356884973e-01
7.400619983670000401e-01,9.871873446273152775e-01
6.799880266190000411e-01,8.597047840793854423e-01
7.323921322820000634e-01,8.035849965390556848e-01
8.352749943730000126e-01,7.987365454733833525e-01
6.000829935070000065e-01,7.646985518502363854e-01
1.010563969610000168e+00,7.394928889050819132e-01
7.613970041280000434e-01,8.820437665625006085e-01
7.260069847110000030e-01,7.591694935006455536e-01
1.064324021340000037e+00,7.050177793862144604e-01
5.901079773899998715e-01,9.468145446592055592e-01
7.744659781460000447e-01,7.037995821026247212e-01
7.406870126719998781e-01,7.094789466892825747e-01
8.908360004430001533e-01,7.521999182315404209e-01
7.620100975040000613e-01,7.838741200256333919e-01
7.774500250820000069e-01,8.377867971822510196e-01
5.811070203779999943e-01,7.255719435559847552e-01
7.908779978749999051e-01,6.604954237287478103e-01
8.903719782829999652e-01,7.200313525561550243e-01
7.882059812549999656e-01,8.383196197134918926e-01
7.301949858670000459e-01,8.471872098117182448e-01
9.248933196070000529e-01,8.162899640306184867e-01
1.265586972239999941e+00,8.886099391026617278e-01
7.884140014650000694e-01,9.754510901751914931e-01
9.180610179899999501e-01,8.518290712934912801e-01
6.569269895549999516e-01,8.907844501790810332e-01
8.252680301670000107e-01,7.358547629537152135e-01
4.257229864599999525e-01,7.253014491550860976e-01
9.114630222319999309e-01,6.048394933146720165e-01
7.238519787790000937e-01,7.208916886050001915e-01
9.657319784160000031e-01,7.290848877963617136e-01
7.194200158119999911e-01,8.045648741629547462e-01
7.146480083470000411e-01,7.732294031477087159e-01
6.188799738879999790e-01,6.647041804231682560e-01
8.502969741820000094e-01,7.248470761748374569e-01
6.113014817240000065e-01,7.904927988658829729e-01
8.405809998509999881e-01,7.847493561377847371e-01
5.909900069240000553e-01,7.701044785431480078e-01
1.191807866100000002e+00,7.003127640222353012e-01
1.072478055950000009e+00,9.078020457985679359e-01
7.976800203319999172e-01,8.676634320548727297e-01
7.140370011329999489e-01,7.779179529223007039e-01
8.885610103609999921e-01,7.350082261293391372e-01
7.367290258409999737e-01,8.876030046783907057e-01
9.655410051350000744e-01,7.877730616455631552e-01
8.569459915160000385e-01,9.453403820012633574e-01
5.838339924809999859e-01,8.483054333303717831e-01
3.047562122340000457e+00,6.986268211667820971e-01
8.865389823909999301e-01,1.805936100413960910e+00
1.186460971829999878e+00,2.249460041369152563e+00
8.750730156899999557e-01,1.249907486182699534e+00
1.111973047260000014e+00,1.361829775127837650e+00
6.929270029070000447e-01,1.454284206561791359e+00
5.632749795910000357e-01,1.602785050805665135e-01
5.519689917560000048e-01,4.108291689447586270e-01
9.211350083349998386e-01,2.893725142643885362e-01
5.465030074119999748e-01,7.776324736688851047e-01
9.997850060459999577e-01,6.976483776999400366e-01
7.512239813800000166e-01,9.072455183017484881e-01
8.402569890019999654e-01,7.429981735950673682e-01
7.843149900439999600e-01,7.270385914407254679e-01
5.915480256080000165e-01,7.764934003489472047e-01
6.109840273859999948e-01,6.770679162675181662e-01
9.328789710999999540e-01,7.133632374982846747e-01
7.992020249369999885e-01,8.430544521515915823e-01
9.833549857140000405e-01,7.732248576244672433e-01
5.405290126799999761e-01,8.757249135581522959e-01
1.093670010570000128e+00,7.047652120389494845e-01
9.266330003740002041e-01,8.672729034127866221e-01
7.972419857979999858e-01,8.734558906972185177e-01
5.896059870719999596e-01,8.020564377530050582e-01
7.799540162090000672e-01,7.837160044232345246e-01
5.182790160179999717e-01,7.666981982516244409e-01
7.263879776000000676e-01,6.678919579624893466e-01
6.216366887090000182e-01,6.965400963750396635e-01
8.810679912569999717e-01,7.059002787199081252e-01
7.315016984940000411e-01,7.555428921649521845e-01
9.703850150110000516e-01,7.528851079305324268e-01
8.715350031849999901e-01,8.196260792609106893e-01
5.505740046500000595e-01,8.416889660624541358e-01
2.576299905780000121e-01,6.919813829342638112e-01
6.952109932899999123e-01,6.035801063263364075e-01
3.547430038449999601e-01,6.080014039185459573e-01
1.308350920679999918e+00,5.286073161274844612e-01
1.424710035319999957e+00,8.639077084024896491e-01
2.422243118290000385e+00,1.067472551032624395e+00
1.588093161580000023e+00,1.991664635799598626e+00
2.882889986040000352e+00,1.440529970080188349e+00
1.510810017590000109e+00,2.057902946564984958e+00
5.103110075000000245e-01,1.361733623723562214e+00
6.637499928469999810e-01,7.845621627446465185e-01
5.865659713749999948e-01,6.937096771479867030e-01
9.182999730109998593e-01,9.084678891159391201e-01
1.126363039020000123e+00,8.440649422199443253e-01
9.455379843710000065e-01,1.092425258749584183e+00
7.979699969290000583e-01,9.429245633367656643e-01
8.895260095600000527e-01,8.278086543021514476e-01
5.017459988589999531e-01,7.936755699149031784e-01
7.889080047609999813e-01,5.712776066886369186e-01
5.571460127830000220e-01,6.600719755076299711e-01
8.079270124439998924e-01,6.598429252566135883e-01
7.382910251620000697e-01,7.597945698450980778e-01
6.742079854009999096e-01,8.119910863255731526e-01
8.787713646889999675e-01,7.006730409486154887e-01
7.401880025859999268e-01,8.532073834171001181e-01
8.886500000949999478e-01,7.383008884133208660e-01
7.983270287510000340e-01,8.238213224875533536e-01
5.137799978260000344e-01,7.875971968608641571e-01
7.760372757910000141e-01,6.396729358858823655e-01
8.528280258179999906e-01,7.430933782381575758e-01
7.851629853249999513e-01,6.922949819016716022e-01
8.431609868999999646e-01,7.193932914235136034e-01
1.024798870089999925e+00,8.023839105294193752e-01
8.044279813770001120e-01,9.246523069394912975e-01
8.841310143469999216e-01,8.093488087254165908e-01
3.615649938579999501e-01,8.257199948076604512e-01
1.171491026879999842e+00,6.306132577681056173e-01
4.477910101410000343e-01,8.654063131651186236e-01
7.665730118750000432e-01,6.606349308895069772e-01
7.735599875449999940e-01,6.157726605302300538e-01
1.054823040959999902e+00,8.161527611884640265e-01
7.843300104139999673e-01,8.562933881204722875e-01
1.034250974660000155e+00,8.458517554823632434e-01
1.096979022029999973e+00,9.613901193195928396e-01
7.633029818529999400e-01,1.012704503421264945e+00
5.883730053899999257e-01,8.338046423405870433e-01
6.365630030629999547e-01,7.327869315078705537e-01
5.750700235369999858e-01,6.964875673921581134e-01
5.399640202519999654e-01,6.642972102178881233e-01
1.324671149250000068e+00,6.807532341833839595e-01
8.178460001949999780e-01,1.060948533559318063e+00
6.359609961509999909e-01,7.886723134620584608e-01
8.135920166969999867e-01,6.630603246378594662e-01
9.872140288350000903e-01,8.026181423777664081e-01
9.839289784429998686e-01,8.599403240376962687e-01
5.904790163040000150e-01,9.592809710367462550e-01
8.986790180209999201e-01,7.809489532215225793e-01
6.268000006680000125e-01,8.650942107712008555e-01
6.926850080490000172e-01,7.141680093326782108e-01
5.757049918169999669e-01,7.103369751126922260e-01
6.764680147170000213e-01,7.152079242023370309e-01
8.279470205309999997e-01,6.930031906830129707e-01
6.547859907149999881e-01,7.808894551442058241e-01
1.085815548900000094e+00,7.229934572296887740e-01
8.509550094600001335e-01,9.483043805330172438e-01
8.879359960559999321e-01,8.292296921276208765e-01
6.557850241659999302e-01,8.596086038178436528e-01
6.597809791559999804e-01,7.548109667666201839e-01
8.856279850010000398e-01,6.781834810941347325e-01
7.502999901769999980e-01,8.043588757525811372e-01
9.303160309790000637e-01,7.571821116441774802e-01
7.259460091590000941e-01,8.967484443186229948e-01
7.123904824259998936e-01,7.604820077757427077e-01
9.326570034029998402e-01,7.186536059264632126e-01
6.544970273969999974e-01,8.106807849403735444e-01
4.987269937989999846e-01,6.656597569735511755e-01
9.782410264020000579e-01,5.934173969685576644e-01
5.593240261080000275e-01,8.477439249453562198e-01
8.733990192409999409e-01,6.762076064408085729e-01
6.232500076290000690e-01,8.071356962369590216e-01
6.319249868390000024e-01,7.293656989154466697e-01
8.335350155830000274e-01,6.859244592254505335e-01
8.613430261610000027e-01,8.170404409310957350e-01
1.036013007159999999e+00,7.968002038800300335e-01
6.160370111469999355e-01,8.723127482185297765e-01
9.874529838560001105e-01,7.181505007477237967e-01
6.686739921569999634e-01,8.123428402311798635e-01
6.455339789389999972e-01,7.572793728519016110e-01
1.007030010220000049e+00,6.712163514589856161e-01
7.763000130650000719e-01,9.461454236007206253e-01
9.358490109440000815e-01,7.269007086314688282e-01
6.626719832419999401e-01,8.710115907632728360e-01
1.113351941109999910e+00,7.803421447151279722e-01
5.495319962500000432e-01,9.601760541537139870e-01
9.273632764820001206e-01,7.442553490885749357e-01
8.215330243109999486e-01,8.648468450689286158e-01
9.193540215490000334e-01,7.227902308994832437e-01
6.899859905239998925e-01,6.914188323291556859e-01
6.497738957409999738e-01,6.895008951873115022e-01
9.705049991610000815e-01,7.943160087622942456e-01
8.034440279009998909e-01,8.548524096913714398e-01
8.920990228650002019e-01,8.422601395132933710e-01
7.462270259859999921e-01,8.725688983103890850e-01
1.495407462120000197e+00,8.133976104444239352e-01
7.597569823270000633e-01,1.114601056336047114e+00
9.677280187610000084e-01,7.382443732266414926e-01
1.126011013979999920e+00,5.865959556328044222e-01
7.641419768330000029e-01,8.281626173258015422e-01
1.423818945879999909e+00,9.181722898996849125e-01
8.309190273280000483e-01,1.130111248645948141e+00
5.316870212550000030e-01,7.514138008502383448e-01
6.942920088770000442e-01,6.093488520460417224e-01
1.097100019450000019e+00,6.758788705841666244e-01
8.623710274700000511e-01,9.720049267646435620e-01
9.711959958080000899e-01,8.752296662879887057e-01
7.501904964450000213e-01,9.758695590840247291e-01
5.659890174870000346e-01,8.278529213747268800e-01
7.235890030859999378e-01,7.274378839338786484e-01
1.088876962660000114e+00,7.768411876850644937e-01
2.614549994470000138e-01,9.965816920897384579e-01
1.923168003559999895e-01,6.264708399765670510e-01
2.048390060660000012e-01,5.525230971873537067e-01
3.752999901769999980e-01,5.702957116912169555e-01
1.878910064700000104e-01,6.137623489533505783e-01
4.178839921949999980e-01,4.917298177594093267e-01
6.128349900249999704e-01,5.180703824314969452e-01
4.822100102900000462e-01,6.050329242175798150e-01
8.136649727820000066e-01,5.411933437322080653e-01
8.997989892959999958e-01,7.533681925733375362e-01
7.667459845540000041e-01,8.233277795270298460e-01
6.762999892229999421e-01,7.705706579947341206e-01
9.804093837739999984e-01,7.532632521550787219e-01
1.075533032420000090e+00,8.610096023514473007e-01
6.459739804270000496e-01,8.195524082872339688e-01
7.601699829100000416e-01,7.540404003001137667e-01
8.707180023190000950e-01,7.451397122089952196e-01
1.045557022089999899e+00,8.272641201384496323e-01
4.832339882850000268e-01,8.962798995529029922e-01
1.085988998409999962e+00,7.031811997139434389e-01
7.320979833600000930e-01,9.125399389928388061e-01
7.128990292550000385e-01,7.603982260891104517e-01
1.045389056210000112e+00,7.213650957555312049e-01
7.359200119969999676e-01,1.061123173783202533e+00
8.956930041310000590e-01,7.693216507868831933e-01
8.745509982110000191e-01,8.917189479559749499e-01
9.237470030779999508e-01,8.768682236001625885e-01
9.997780323029999971e-01,8.751142727447694947e-01
1.739534020420000049e+00,9.459800152736476120e-01
8.107889890670000321e-01,1.234999859766828134e+00
7.049050331119999235e-01,8.979881881630998874e-01
8.328269720080000438e-01,6.278316903279825834e-01
8.276600241660000412e-01,7.631041758138769060e-01
8.953109979629999549e-01,8.778315953326728538e-01
1.459501028060000039e+00,9.244376533901160764e-01
1.179519057270000060e+00,1.313234287252219579e+00
1.443411946299999915e+00,1.075261820417199310e+00
1.306735038760000078e+00,1.310294838348825541e+00
7.634999752040000365e-01,1.273712161625631500e+00
1.145148038860000161e+00,8.541516700076300372e-01
7.253450155259999477e-01,9.912783858407034909e-01
7.633590102199999672e-01,8.073783178252937898e-01
6.174820065499999622e-01,8.132679245197441675e-01
1.029322981830000039e+00,7.492401944504141209e-01
1.302055954929999926e+00,8.214339933854154507e-01
3.164124965670000122e+00,1.056332836627772442e+00
9.734439849849999549e-01,2.248343344572986346e+00
1.229671001429999855e+00,1.186696450674874281e+00
7.441530227660000385e-01,1.035006487194435776e+00
1.063034057620000139e+00,1.015728704049465581e+00
1.123872041700000102e+00,1.184781057648543579e+00
8.984770178789999173e-01,1.018298498603274149e+00
7.175139784810000698e-01,9.755955131725828622e-01
5.367509722709999931e-01,7.927122964314388120e-01
1.175443053249999981e+00,6.478507667098473144e-01
1.101048946379999949e+00,8.811611788227499131e-01
5.734490156170000130e-01,9.971187939184994464e-01
1.431144952770000200e+00,7.896052646754796456e-01
1.037794947620000130e+00,1.274692085700170674e+00
6.568620204930000206e-01,9.044836438404592061e-01
1.074908018110000141e+00,7.380066226002103269e-01
1.385972023009999887e+00,1.086464616263993266e+00
1.004804968829999812e+00,1.163134839599766712e+00
1.609539985660000116e+00,1.041359828559058620e+00
2.817575931549999524e+00,1.507595336121617002e+00
1.962562561039999931e+00,2.187724999108513924e+00
1.279752016069999998e+00,1.781857046619744089e+00
1.995329976079999845e+00,1.467984402606283600e+00
2.033385992049999924e+00,1.790227878949458562e+00
1.307443976400000096e+00,1.980552563736698080e+00
1.611258029939999892e+00,1.621837688139134315e+00
2.040218114850000042e+00,1.633129151076014640e+00
2.183244943620000100e+00,1.786873079452927726e+00
1.351415991779999937e+00,2.016212231776073782e+00
7.242180109020001089e-01,1.496779259964414077e+00
1.363389015200000109e+00,9.617312422805747163e-01
1.526808977129999967e+00,1.015695891994107036e+00
1.784019589419999940e+00,1.379873200920003651e+00
1.103597044940000105e+00,1.777043333580078377e+00
1.763007998470000004e+00,1.098235187896223541e+00
1.157549023629999896e+00,1.519784284794784668e+00
1.153326034550000045e+00,9.610220722964977202e-01
2.362811088559999551e+00,9.977502634004504767e-01
2.580787897110000007e+00,2.165523186967606151e+00
1.242146968839999976e+00,2.217299457686005226e+00
1.712821006770000265e+00,1.526024631489488748e+00
6.676509976389999323e-01,1.662753273241584839e+00
8.271329998970000652e-01,7.412026625923645584e-01
9.642647504810000214e-01,1.012019179769787280e+00
1.394161701200000048e+00,9.946532324053196650e-01
7.584049701689999923e-01,1.202587726801142232e+00
6.900759935379999765e-01,8.641987459736113486e-01
6.740249991419999809e-01,6.771041534246420301e-01
8.615220189090000424e-01,6.688140170691492248e-01
7.907469868659999790e-01,7.612202792667367435e-01
7.285000085830000138e-01,7.669994172192118320e-01
2.411980032920000017e-01,7.650569542168548232e-01
3.354600071909999981e-01,6.142591092536549002e-01
5.912460088730000507e-01,6.388061924129957436e-01
1.058426976200000036e+00,7.443014983162892229e-01
7.669919729230000316e-01,7.783389519701200410e-01
5.881239771840000019e-01,7.146625396922382523e-01
5.922303199769999305e-01,7.027531227304502082e-01
8.753510117530000079e-01,7.640482980704121907e-01
7.038279771799998974e-01,7.361366754541640578e-01
5.677499771120000371e-01,7.763788459140666953e-01
7.133870124819999825e-01,6.654927358688836891e-01
1.077505946160000061e+00,7.410652896034268799e-01
6.909419894220000247e-01,8.458333004466753735e-01
7.724580168719999973e-01,7.100600101221152816e-01
7.237120270730000859e-01,7.114948125795025335e-01
9.752489924429997847e-01,7.331373218624266386e-01
9.151769876480000399e-01,8.567257005601416342e-01
7.574009895319999686e-01,9.410910615231816712e-01
6.912069916730000374e-01,8.392447164285066208e-01
1.183527946470000147e+00,7.880226512432793040e-01
7.705749869349999281e-01,9.569775443464026976e-01
8.947700262070000798e-01,7.668836872834532414e-01
6.143350005150000070e-01,8.005970378473830085e-01
7.692319750789999855e-01,6.566666226529984662e-01
9.070749878880000061e-01,6.365451167192373028e-01
4.068099856379999713e-01,8.061774175923835939e-01
5.138880014419999753e-01,5.929394294398806498e-01
2.481469959019999838e-01,5.683930886124057835e-01
2.568759918210000159e-01,4.463897954354942854e-01
5.980659723279999618e-01,5.709533021920668583e-01
5.981699824330000137e-01,7.581506248011898874e-01
8.801140189170000294e-01,6.631704876788194758e-01
1.085649013520000095e+00,7.731503108056272389e-01
9.920129775999999566e-01,9.239940075367689687e-01
8.743849992749999078e-01,9.340304510597177146e-01
8.770260214810000621e-01,8.658623040382156244e-01
1.008928894999999937e+00,8.343892089215610985e-01
8.088759779930000393e-01,9.294196160221254166e-01
6.714209914210000907e-01,6.497944949108704904e-01
7.449629902840000373e-01,6.339882179016952390e-01
6.942679882050000195e-01,5.631230594676579493e-01
1.001886010170000008e+00,7.391644579485820987e-01
7.935580015180000446e-01,8.998308775929627634e-01
8.450049161910000439e-01,8.172041297061050091e-01
8.031240105629999793e-01,8.232218534148192379e-01
5.744469761850000689e-01,7.608663962270588721e-01
5.679720044139999757e-01,6.340068013095917498e-01
4.538080096239999195e-01,5.722261680814636486e-01
8.494881391529999215e-01,5.949827410964564356e-01
4.064599871639999473e-01,7.604033730422204984e-01
2.453519999980000310e-01,6.540175939767339797e-01
2.323218107220000217e+00,5.320607941704611488e-01
2.027115583420000089e+00,1.288790553718801579e+00
1.581117987629999888e+00,1.384583331176334031e+00
1.727049946780000012e+00,2.286686148304128974e+00
1.150642037389999928e+00,1.455354364389221056e+00
1.607933998109999818e+00,1.070489333328246362e+00
1.331233978270000007e+00,1.273698224805995816e+00
1.221642017359999999e+00,1.048204140505621051e+00
1.583541989330000010e+00,1.037142315996467445e+00
1.608662128450000006e+00,1.103038793607268309e+00
2.185653924939999992e+00,1.134208777551530822e+00
2.989559888840000124e+00,1.621599131627680768e+00
7.574499845500000106e-01,2.526948532366080524e+00
1.811344027520000122e+00,1.279410155967487750e+00
1.527951955800000094e+00,1.109536761881909417e+00
8.892235755919999374e-01,1.759513317129214327e+00
