9.717460274700000511e-01,1.222767502376213011e+00
1.176299691200000108e+00,1.123863497233508202e+00
1.714609026910000056e+00,1.313650193961307888e+00
1.307337045669999975e+00,1.550016490663412405e+00
6.186890006069999393e-01,1.368943612444674329e+00
2.298435926440000276e+00,1.058995209425904527e+00
1.808241009709999902e+00,1.834179358977543250e+00
8.794149756429999742e-01,1.796119393788671914e+00
1.570945024490000064e+00,1.135905325232811736e+00
1.578516006470000121e+00,1.415792562062193172e+00
6.200309991839999535e-01,1.596809759862375167e+00
9.928810000419999726e-01,9.311705409205756068e-01
4.551869928839999413e-01,1.151218442305485201e+00
1.017398953439999865e+00,7.302329012369540573e-01
8.378469943999999892e-01,9.632403836656442397e-01
4.884769916529999589e-01,9.447830259624631077e-01
1.246340990070000210e+00,6.959534340899878879e-01
1.209630966189999990e+00,9.828452001143701544e-01
1.252451062200000020e+00,1.011355560167017664e+00
1.519726991650000025e+00,1.177696804377587947e+00
1.063797950739999942e+00,1.411119874432019916e+00
1.571495056150000069e+00,1.222685474782526649e+00
1.278105020519999968e+00,1.489846895404115079e+00
1.192077994349999948e+00,1.327453150809147386e+00
8.304439187050000060e-01,1.329177669732880318e+00
1.402015686039999931e+00,1.230158656318589783e+00
1.156504034999999986e+00,1.343329343472167592e+00
1.162554860120000200e+00,1.126755229910533673e+00
6.007519960399999581e-01,1.171464820322359213e+00
1.253835797310000055e+00,1.025330745034779056e+00
1.791844010350000183e+00,1.289354649466478486e+00
1.734062552449999961e+00,1.535333539819633719e+00
4.939970970150000085e+00,1.660227584009818846e+00
2.394351005549999911e+00,3.406316730865023512e+00
2.212575912479999740e+00,2.051752853050802905e+00
1.886527061460000043e+00,1.831976335010105705e+00
9.343829751010001017e-01,1.985711948128229487e+00
9.099829792980000942e-01,1.054762737044539822e+00
8.112999796870000724e-01,7.029671612351141574e-01
1.049708962440000004e+00,9.981788046578339291e-01
1.351788043980000076e+00,7.428040801117542502e-01
1.277305960659999906e+00,1.210757643164556141e+00
7.854449748989998925e-01,1.192922371448985830e+00
4.846229851250000165e-01,1.057172080804978265e+00
6.676359772680000582e-01,8.175347694964675282e-01
8.322510123249999836e-01,9.121553191925332316e-01
5.959370136259999340e-01,8.980884243302342806e-01
3.410890102390000123e-01,8.130112034053598169e-01
6.860110163689999707e-01,6.005956198329346352e-01
8.153510093690000682e-01,6.514147059769258563e-01
3.985430002210000322e-01,7.679748782604394197e-01
6.998159885410000225e-01,7.061339098100866130e-01
4.263690114019999533e-01,6.886070480242242331e-01
6.866139769550000382e-01,4.970187765992510331e-01
1.826770007609999913e-01,6.086888718431801015e-01
7.018824815749999946e-01,6.152363771679494331e-01
1.796682000159999681e+00,7.039085333192359739e-01
7.204269766809999753e-01,1.198098687770564164e+00
4.680640101429999755e-01,2.227413072176670505e-01
6.408870220180000743e-01,7.528557514617866264e-01
7.520520091060001189e-01,6.491154614976143433e-01
1.001817584040000098e+00,1.169533407870465780e+00
1.660804033279999814e+00,9.160062279312018996e-01
1.450595021250000061e+00,1.462751063680326480e+00
1.085010051729999869e+00,1.556276986214589986e+00
1.099555015560000015e+00,1.250907803250836947e+00
7.694180011750000325e-01,1.272836898542140771e+00
1.254430413249999932e+00,9.216291482988715478e-01
1.496320962910000052e+00,1.274401026247129032e+00
7.186369895940000196e-01,1.312965473289775531e+00
8.902019858359999649e-01,8.633354586815337184e-01
9.891759753229999452e-01,9.762849072745423129e-01
2.849014520649999938e+00,1.199455510246945744e+00
4.281075000759999583e+00,2.108927750839596715e+00
1.248739004139999942e+00,2.539570597219666936e+00
7.096589803699999699e-01,2.363396243340026626e+00
7.497439980509998936e-01,7.858921197001554892e-01
8.907449841499999188e-01,8.582349859192495156e-02
1.469527959819999952e+00,9.242137375624207563e-01
1.608888030049999918e+00,1.088128001029991188e+00
1.043460965159999976e+00,1.289124618042567949e+00
1.184751033780000018e+00,6.416171728480051240e-01
5.063725113870000127e-01,1.024365648092424141e+00
6.946156024930000283e-01,7.513749013325619064e-01
9.299110174179998634e-01,7.843886475407999548e-01
7.754629850390000190e-01,1.051297837982701155e+00
8.564696311949999696e-01,8.955180263314572731e-01
9.269009828569999554e-01,8.440163838367522597e-01
7.506660223010001021e-01,8.265158477316194574e-01
9.248849749570000611e-01,7.655889452092994318e-01
1.070162653919999984e+00,8.834269381257742193e-01
8.752880096439998869e-01,1.070934815015265329e+00
7.511039972310000756e-01,8.466926616004383233e-01
8.627579808239999037e-01,8.618629847549578171e-01
5.096570253369999692e-01,9.866776253217691695e-01
8.495249748229999343e-01,8.159044489575182357e-01
6.711369752879999817e-01,9.214613382050210744e-01
6.132180094720000030e-01,7.922454793298520093e-01
3.810549974440000098e-01,5.896073134340328314e-01
8.710420131680000067e-01,5.367785355372773903e-01
6.540319919589999698e-01,8.083910166758401239e-01
9.089673757550000843e-01,7.941706088030512367e-01
9.709029793739999414e-01,8.532822083197504348e-01
9.856920242310001079e-01,8.660051393175904888e-01
1.356256246570000101e+00,8.807778921144822082e-01
1.309872984889999925e+00,1.221631286855700216e+00
6.344919800760000506e-01,1.224147137025501708e+00
5.933508276940000492e-01,9.283310512113942536e-01
8.796380162239999523e-01,7.749594441173464077e-01
1.131836414339999930e+00,1.093715718529402192e+00
1.841274023059999765e+00,1.115564014714695906e+00
2.261745929719999992e+00,1.479793737633596784e+00
2.597975969309999744e+00,2.017560668051810335e+00
2.399192094800000064e+00,2.333532539597095390e+00
1.982298016549999931e+00,2.146528602241112971e+00
2.269547939300000206e+00,2.141124914841076698e+00
2.017889976500000238e+00,2.402334668155303277e+00
1.452262043950000026e+00,1.898320712763865270e+00
1.342797994609999934e+00,1.672238016956635542e+00
1.311915040020000145e+00,1.550173619693482330e+00
1.276762008670000226e+00,1.308031129358458111e+00
1.275267004970000118e+00,1.381163133001948262e+00
1.210446000100000141e+00,1.302404151509284125e+00
8.153480291369999966e-01,1.454259482394763436e+00
7.271119952200000291e-01,1.027665488343713962e+00
6.043019890790000126e-01,9.170969199642426961e-01
9.830358624459999417e-01,7.940067354913774578e-01
1.101529002189999940e+00,9.374980163314666770e-01
1.183724999429999869e+00,9.040734311066473960e-01
4.356400072569999726e-01,1.108523376579772179e+00
3.270040154459999959e-01,9.300600988400336000e-01
8.039849996569999879e-01,7.950020155326973370e-01
4.216859936710000145e-01,8.101009309809394932e-01
5.734559893609999515e-01,6.459680066274799959e-01
3.959457874300000291e-01,6.742260802843151879e-01
4.163750112060000119e-01,6.273677392670635733e-01
5.603970289230000290e-01,5.887623123225906863e-01
7.749050259590000156e-01,6.586266875545079280e-01
6.370840072629999629e-01,7.560179151157276900e-01
3.839260041709999793e-01,7.387248313931762400e-01
5.648739933969999516e-01,6.066400371331497343e-01
1.054715037350000051e+00,6.033269761719542990e-01
6.537709832190000681e-01,9.265377055628948311e-01
5.931029915809999942e-01,7.640435655820522198e-01
1.022608995439999946e+00,6.823992517835536509e-01
8.359869718549999273e-01,9.078727268287568597e-01
6.375340223309999832e-01,8.469887717726440890e-01
9.755985140799999789e-01,7.942459979337224141e-01
4.898079931740000337e-01,9.535859966323675385e-01
1.098647952079999879e+00,5.690819529755570816e-01
1.151165962220000116e+00,9.352498177472162721e-01
8.061249852179999120e-01,1.027546048918733357e+00
4.744769930839999872e-01,9.061780437867451576e-01
7.896029949189999897e-01,8.041503780755879793e-01
4.762530028819999539e-01,8.498309284409397701e-01
5.455229878430000179e-01,5.566538276051359313e-01
6.212809681889999158e-01,6.301839191252887051e-01
7.707700133319999036e-01,7.019551783909597775e-01
9.337069988249999675e-01,7.735271316519514162e-01
8.110550045970000843e-01,8.214831206210247982e-01
6.005529761310000048e-01,7.194438545470992485e-01
1.002521038060000036e+00,7.477228389490786498e-01
8.921650052069998171e-01,1.011944371168779888e+00
9.160850048070000584e-01,9.015735033275898980e-01
7.413420081139999729e-01,9.414235453626241812e-01
9.283249974250000758e-01,9.253220731916846908e-01
6.429409980770000033e-01,9.518391367591295671e-01
9.950090050700001187e-01,6.596103771535520854e-01
6.271365880970000140e-01,9.139052196967761832e-01
1.038689017300000073e+00,7.353419152828070127e-01
6.888009905820000611e-01,9.652172336274066344e-01
5.214130282399999095e-01,8.276112949874827596e-01
6.510270237919999481e-01,7.318119758175732903e-01
1.159701943399999990e+00,6.893006062013149471e-01
6.456400156020000169e-01,9.849288805549228920e-01
1.195862650870000099e+00,7.513329128473132945e-01
1.304703950880000018e+00,9.977837243438675285e-01
8.844429850579998975e-01,1.166693766047063319e+00
7.697709798810000725e-01,9.313791457337227131e-01
7.702100276950000213e-01,9.707056717963686854e-01
6.418280005459999771e-01,9.396105207634877221e-01
8.937159776689999058e-01,9.910416252484397504e-01
5.247250199319999364e-01,8.540566135518991020e-01
5.142210125920000374e-01,6.872958300526713638e-01
7.172748446459999982e-01,5.701838386311666174e-01
6.410769820210000525e-01,7.967000120192627710e-01
4.689820110800000941e-01,5.551038217214711024e-01
1.203750014310000171e+00,4.864169064583644397e-01
7.911959886550000709e-01,9.105522270991469602e-01
1.136301159859999910e+00,8.664669514789532512e-01
8.642929792399999256e-01,1.020336134110458648e+00
8.814030289650001126e-01,9.839864783929782588e-01
5.817409753800000249e-01,9.351655563892624645e-01
8.651199936869999885e-01,8.690268668238032568e-01
9.078124761579999813e-01,1.114296883412592587e+00
7.377740144730000615e-01,9.755919327531040741e-01
1.120375037189999867e+00,8.090880585992752394e-01
9.422479867940000142e-01,1.038885825145800412e+00
1.060060024260000011e+00,9.729072721731073514e-01
7.158420085910000008e-01,1.028791398125752599e+00
4.040209949019999969e-01,8.686694165919701671e-01
2.920779883859999648e-01,6.436086356954783261e-01
6.317924261089999938e-01,5.552118575401214784e-01
1.124665260310000026e+00,6.971014500365380062e-01
1.115690946580000009e+00,9.793570573381932265e-01
1.247418999670000028e+00,9.469873891964118995e-01
6.976169943809999996e-01,1.062217226718987106e+00
3.693974971769999893e+00,9.784728091043116693e-01
8.204839825630000361e-01,2.579946208769073213e+00
8.573070168499999921e-01,1.021307924078538543e+00
6.902359724040000311e-01,3.244153817686417640e-01
8.385969996449998964e-01,3.224026675724424584e-01
1.287726998329999928e+00,1.159994217598135480e+00
9.632229804989999034e-01,1.142313766744672776e+00
1.343299984930000024e+00,8.022882503445392111e-01
7.316169738770000874e-01,1.152159493627010534e+00
6.809219717980000697e-01,9.802503299135784109e-01
7.014784216880000089e-01,1.064672409769247707e+00
6.698030233380000142e-01,9.798373910593809466e-01
1.365643024439999964e+00,7.651722861703487144e-01
9.781420230869999344e-01,1.126653940026902667e+00
6.786789894100000442e-01,8.745124346635513302e-01
5.976330041890000055e-01,8.213409053982767549e-01
8.193774819369999962e-01,8.163526055607133181e-01
7.911109924320000042e-01,8.734048496848998422e-01
1.044147372249999872e+00,8.001305630286281723e-01
1.400015950200000026e+00,9.516923118141183968e-01
8.748620152470000244e-01,1.193269216674148980e+00
6.228179931639999944e-01,1.060560646635926085e+00
7.164059877399998610e-01,9.013698686812732230e-01
6.523500084880000660e-01,1.032141497246351403e+00
9.379299879070001067e-01,7.540663657171184919e-01
5.936999917030000296e-01,9.369759867795642849e-01
5.393440127369999448e-01,7.264761710420837293e-01
9.370089769359999377e-01,6.575283087930591241e-01
8.087720274930000341e-01,8.300246019847450363e-01
5.654280185700000239e-01,7.725341333239469366e-01
6.020820140839999723e-01,7.231024214669465877e-01
1.146679997439999932e+00,7.646230662014384949e-01
9.824249744419999431e-01,9.465402560573777935e-01
5.671510100359999917e-01,8.603231903650868651e-01
7.866399884220000027e-01,7.550105419938365481e-01
7.388439774510000557e-01,9.313237182877299736e-01
6.810299754140000106e-01,8.179802855951955332e-01
7.086979746820000203e-01,7.622237652864184421e-01
6.642330288889999323e-01,7.805543672012706935e-01
5.124790072439999733e-01,7.488620041627468416e-01
6.040380001070000393e-01,6.284217353976981890e-01
6.728799939159999521e-01,6.229874697324054855e-01
8.265414834020000656e-01,7.080921505810053862e-01
4.546860158440000355e-01,7.948463960709294396e-01
5.594509840010000179e-01,6.580110945293531355e-01
1.332218050960000122e-01,5.844899297991927867e-01
1.633069962260000063e-01,5.203762062383870957e-01
1.797860413789999778e-01,5.721597775610183234e-01
5.747918486599999932e-01,7.060055882373305058e-01
8.508148789409999413e-01,8.126479116567562055e-01
8.527640104289999634e-01,9.176684676553342745e-01
1.687628030779999788e+00,8.678602301125014629e-01
2.149522066120000297e+00,1.173416652455009812e+00
8.122850060459999577e-01,1.349670393423869630e+00
1.239639997479999867e+00,1.148884257850971036e+00
2.128437280650000041e+00,1.262869057008630946e+00
2.139239072800000141e+00,1.977427700179335668e+00
9.779880046840000452e-01,1.547821365061559762e+00
6.937779784199998856e-01,1.450855245492219447e+00
7.218790054320000094e-01,9.313705909622056467e-01
7.631160020829999002e-01,8.535862003233868345e-01
8.565329909319999713e-01,8.433534667547050168e-01
1.109338045120000116e+00,9.727077925598062169e-01
6.476340293879999654e-01,1.054535868604377313e+00
9.241870045659998922e-01,7.923117399538464056e-01
7.877320051189998784e-01,8.843733200586970655e-01
1.305567026139999864e+00,8.119645633200439638e-01
9.107710123059999940e-01,1.134824910830182443e+00
8.699640035629999657e-01,9.689580480451946976e-01
5.743020176890000217e-01,9.551780091888508739e-01
8.599532246590000373e-01,8.932054983124533276e-01
4.775849878790000003e-01,9.373877153336553913e-01
1.108017444610000179e+00,6.516755355703470753e-01
1.290724992749999966e+00,9.533821503488737470e-01
8.591579794879999898e-01,8.802349567776819317e-01
3.058980107309999807e-01,9.091100966528342653e-01
9.039019942279999942e-01,8.205317734815178454e-01
6.352750062940000220e-01,1.071846817480821779e+00
1.023422956470000145e+00,7.852926838507380269e-01
6.730669736859999919e-01,9.417519004428558382e-01
8.504790067669999454e-01,7.756479296158490522e-01
5.141969919200000128e-01,8.162243236699279203e-01
1.527956604959999964e+00,6.834717000305644552e-01
4.094385623930000051e+00,1.275229327862567708e+00
9.952359795569999390e-01,2.914801376023972601e+00
8.670449852940000923e-01,1.149639154434273669e+00
1.141056060789999993e+00,6.141620390670839980e-01
1.622257947919999888e+00,5.758187148459256166e-01
1.980204939840000566e+00,1.870269163923546252e+00
1.375547051430000112e+00,1.420069048362727848e+00
1.851865053180000054e+00,1.439256025233874636e+00
1.420923948290000016e+00,2.046941824150271483e+00
1.589177966120000285e+00,1.850599811363136116e+00
1.673199415210000041e+00,1.665506316190946912e+00
2.123934030530000072e+00,1.813074302796658488e+00
1.648401975629999905e+00,1.818805986485774628e+00
1.204741954800000014e+00,1.988709188551688545e+00
7.920839786529999538e-01,1.365779524215154250e+00
1.227027416229999890e+00,9.007344892334773201e-01
1.226951003070000157e+00,1.340250508649869055e+00
1.131343960759999989e+00,1.255167080803410773e+00
1.252465009690000075e+00,1.219244641182503086e+00
1.116891980170000132e+00,1.404685677667758092e+00
1.122387051579999850e+00,1.171246455397835007e+00
1.040153026579999862e+00,1.219863627016152918e+00
8.091310262680000420e-01,1.134528916397057996e+00
7.681059837340000751e-01,9.250485122993300502e-01
7.982919812199998910e-01,8.944977317678564077e-01
7.666722536090000428e-01,8.991996550899440388e-01
1.057360053060000027e+00,8.167116794465143492e-01
8.607699871060000563e-01,9.778758583383093672e-01
1.070777058600000053e+00,8.914062350900729959e-01
5.301510095600000527e-01,1.046659233858529658e+00
6.604189872739999467e-01,7.655014580378106670e-01
9.909179806709998983e-01,7.195346485494797939e-01
3.561530113220000016e-01,8.673812174702550948e-01
9.618239998820000691e-01,5.654478466838163131e-01
1.244829058649999931e+00,8.082796393045734717e-01
8.381230235100001202e-01,1.124143868544084546e+00
9.245989918709998090e-01,8.450511127171957959e-01
8.131660223010001021e-01,9.981476129754470739e-01
1.003061056139999963e+00,9.444840156995651936e-01
8.752340078350000496e-01,9.898605757146959894e-01
7.991399765009998823e-01,9.479700983200965991e-01
8.812961578369999938e-01,8.839992728426180335e-01
1.063080191609999892e+00,9.602386872875584567e-01
9.057049751279999672e-01,1.015633805701586789e+00
6.909559965129999926e-01,8.696809133319833851e-01
1.355970025060000195e+00,7.995034969536942704e-01
7.572399973869999856e-01,1.185967176864059835e+00
2.043754577640000125e+00,7.816282621867967073e-01
8.576130270960000690e-01,1.625564841935170035e+00
2.364957094190000220e+00,9.223479061807732249e-01
4.179231166840000178e+00,2.156749247689469851e+00
2.233561992649999883e+00,3.095921379889749581e+00
8.013390302660000630e-01,1.324781077680940333e+00
8.372840285299999463e-01,1.545942570902816504e+00
8.851529955859999133e-01,9.097969386563836691e-01
9.040349721909999303e-01,6.636176576580165021e-01
1.302939534190000082e+00,7.942020782592330574e-01
7.228699922560000157e-01,1.336387561393338697e+00
8.009120225910000279e-01,8.217101825107944180e-01
1.032919287679999965e+00,8.586578537938243105e-01
1.321628212929999879e+00,1.091654453442049588e+00
9.367759823799999275e-01,1.159339815605634705e+00
7.007700204850000336e-01,1.034062617187094357e+00
7.624319791789999634e-01,8.549163846235195985e-01
1.144938945770000105e+00,9.090897331882025201e-01
7.721610069269999599e-01,1.184150797484983642e+00
8.772150278090000697e-01,8.678859060009608273e-01
1.243505001070000171e+00,9.255478140025131806e-01
6.381840109830000385e-01,1.184609840175474549e+00
7.468199729919999807e-01,5.962260545098732045e-01
6.839929819109999976e-01,7.499196262334543173e-01
1.419505119320000119e+00,7.885628734028367059e-01
6.141470074649999500e-01,1.386205764071064106e+00
7.347676754000000976e-01,8.294485173216699092e-01
6.770560145379999062e-01,7.025500607342393122e-01
1.074026942249999950e+00,7.990039125164699607e-01
6.156389713290000287e-01,1.081035210865072926e+00
9.692379832269999440e-01,8.714098766364349880e-01
9.916120171550001361e-01,9.373335907790338872e-01
8.089560270310000023e-01,1.008258555962384007e+00
2.435143947599999859e+00,8.805264936027643596e-01
8.223479986189999869e-01,1.669175464969647971e+00
5.938220024110000272e-01,8.911867061610748708e-01
5.762249827380000466e-01,7.759154654623189318e-01
4.224239885809999429e-01,6.948278401102995216e-01
6.765879988670000511e-01,7.831971385009455222e-01
5.520349740979999531e-01,7.142442316813956138e-01
9.015229940410001142e-01,8.524107244531111682e-01
7.489960193629999763e-01,8.045906032448890688e-01
8.627583980560000754e-01,7.341560791113475037e-01
9.480749964710000199e-01,8.139954287110083841e-01
1.055613875389999956e+00,8.469503943467293627e-01
1.970020055770000278e+00,1.047714261720402495e+00
9.391199946399999554e-01,1.453570330569835978e+00
1.009042978289999892e+00,1.128244829914298197e+00
7.824029922490001177e-01,1.079691480132191961e+00
1.016265034679999957e+00,1.207303671525399524e+00
8.782749772069999850e-01,1.064042367546511159e+00
7.353619933130000064e-01,1.057180820759025197e+00
1.109990954399999952e+00,8.144790527289333948e-01
7.727199792860000027e-01,1.049236677060521705e+00
1.164981961250000086e+00,8.563646624684601028e-01
7.157210111620000426e-01,1.087951188089037791e+00
1.475479006770000101e+00,7.765800128119958456e-01
8.354520201680000202e-01,1.270077017479848580e+00
7.344660162930000125e-01,8.948858842711043815e-01
7.861927747729999805e-01,9.176499824706492170e-01
1.143465042110000107e+00,1.082483728455253091e+00
9.246990084650000830e-01,9.881732685589883491e-01
2.958764553069999970e+00,9.801391840204742856e-01
2.138324022289999959e+00,2.107650151764305591e+00
2.038712024690000124e+00,1.571341001369600088e+00
1.480209946629999829e+00,1.947533892701381220e+00
9.367650747299998137e-01,1.750611747690159259e+00
1.715939760209999942e+00,1.012148015735589324e+00
1.001402020450000041e+00,1.529695708951472888e+00
8.896229863169999863e-01,1.263625167198870747e+00
7.492939829829999843e-01,9.324999712632651150e-01
1.115183949470000213e+00,1.139633238049875485e+00
9.457820057870001129e-01,1.157878505540149483e+00
6.452180147170000213e-01,9.159006606618121937e-01
1.164842009540000056e+00,6.999767246162149625e-01
1.244351029399999975e+00,1.183940291244073739e+00
9.045109748840000075e-01,1.200801134140512261e+00
5.575259923929999362e-01,1.012060543444839533e+00
5.778343677520000332e-01,8.159236434574296259e-01
7.199835777280000348e-01,6.573948947007296484e-01
7.607790231700000128e-01,6.095652316319692954e-01
5.404400229450000426e-01,7.018997344108125480e-01
8.009672760959999360e-01,6.898879373962529815e-01
7.710149884220000027e-01,8.265856400510063207e-01
6.709719896319999988e-01,7.465769608687000680e-01
2.768970489500000021e+00,6.974745068567649309e-01
3.086133003230000060e+00,1.931912539307621746e+00
1.116358041760000086e+00,2.066252036688262628e+00
1.018260955809999979e+00,1.498474680093864864e+00
7.442610263819999794e-01,9.447941286471823741e-01
1.114386796949999869e+00,5.619583696013744634e-01
1.380516409870000238e+00,1.087960263686420292e+00
1.229098439219999950e+00,1.168791626178479870e+00
1.573238968849999919e+00,1.049395275976923170e+00
1.245597958560000107e+00,1.417490482491648107e+00
8.298619985580000247e-01,1.410676696262732399e+00
5.376980304720000436e-01,9.666926175651672226e-01
8.593800067899999284e-01,8.040954284666590457e-01
7.949647903440000274e-01,9.403018947787743498e-01
8.122889995569999577e-01,9.176082701057800550e-01
1.209460973739999945e+00,7.337452913506451457e-01
1.043611049649999956e+00,1.154270015613912070e+00
9.914460182190000248e-01,1.076928002891304859e+00
1.377645969390000058e+00,1.089788073126473966e+00
7.495359778399999229e-01,1.397571849444706249e+00
7.549669742579999676e-01,8.850030001834510163e-01
8.522210121150000095e-01,9.106214969392527614e-01
1.312628030780000010e+00,9.692574468607224603e-01
9.499999880790001017e-01,1.151699554785347912e+00
8.433979749680000637e-01,9.682116764719311819e-01
6.329939961430000039e-01,9.810552241265495521e-01
6.848490238189999246e-01,8.923028591385671060e-01
8.296039700509999504e-01,7.604205454408761167e-01
1.117776036259999994e+00,8.490574243202090310e-01
1.060515046120000138e+00,8.597020716255118211e-01
9.966710209849999336e-01,9.530526560653997947e-01
6.726049780850000825e-01,1.107055239561911097e+00
8.499810099600000335e-01,1.107626828588388790e+00
7.929700016980000266e-01,9.446047828171489913e-01
7.509549856190000927e-01,8.650290422022739456e-01
9.556260704989999466e-01,7.649686201091384641e-01
6.085839867589999397e-01,9.882998193238019535e-01
7.782499790189999489e-01,7.552591859154215159e-01
5.098140239720000411e-01,7.731843323343844387e-01
6.364319920540000286e-01,5.997791417913496126e-01
6.015599966049999248e-01,6.514930067721972362e-01
6.556333899499999784e-01,7.122338802158684201e-01
6.385549902920000243e-01,7.025478137426482972e-01
8.762890100480000832e-01,6.655601777548757481e-01
7.967479825020000739e-01,7.687062302077924958e-01
6.824830174449999509e-01,8.036747102927885855e-01
8.025500178340000401e-01,7.782756631020435467e-01
7.950311899190000142e-01,8.805649735404367240e-01
1.584897041320000088e+00,8.255003265784109923e-01
1.017485976220000143e+00,1.214822229394959985e+00
9.177780151369999695e-01,1.044010540024727707e+00
1.230221033100000083e+00,1.083393440940416896e+00
1.027899026870000121e+00,1.272166279850946546e+00
9.125559926030000213e-01,1.104764794559602414e+00
7.935979962350000472e-01,1.061914597129678173e+00
1.030437946320000187e+00,1.002151718922255297e+00
5.325379967690000438e-01,1.083961982722227768e+00
6.127780079839999505e-01,7.109996998301862936e-01
8.741289973260000234e-01,7.089201463145865523e-01
3.667230010029999820e-01,9.148282802048347540e-01
7.391750216480000857e-01,6.178420904672353720e-01
5.604230165479999748e-01,6.924756053193623639e-01
7.758178114889999755e-01,6.304623823944405236e-01
8.102909922600001202e-01,7.569715373548882020e-01
6.437510252000000488e-01,7.700655972905453561e-01
7.236457467079999706e-01,6.842547129435244679e-01
9.113870263100001257e-01,7.312568796101683866e-01
6.627830266949999993e-01,8.220940030655742303e-01
1.002035975460000117e+00,6.637919888223856590e-01
8.224419951440000709e-01,9.137611228872507541e-01
1.030576944350000135e+00,8.127535417559328401e-01
6.781139969830000114e-01,1.045271259381731932e+00
5.333459973340000104e-01,9.475407939598156082e-01
3.209959864620000047e-01,9.163735209451845387e-01
7.608630061149999069e-01,5.983097862063047057e-01
7.439860105509998878e-01,7.751732241208392216e-01
5.468400120740000148e-01,7.749554544258754341e-01
7.004669904709999173e-01,7.242287363357693408e-01
8.356525897980000561e-01,7.409512611096659151e-01
1.274258971210000091e+00,8.026352344565998997e-01
8.934450149539999719e-01,8.889047745948972512e-01
6.211659908290000365e-01,8.221040624451471102e-01
7.900159955019999680e-01,8.581370676103372563e-01
1.067494988440000014e+00,1.025704788944027168e+00
6.698009967800000464e-01,9.919210289750647336e-01
1.265694975850000015e+00,7.377114547198009298e-01
6.380620002750000408e-01,1.139483223666469147e+00
9.348030090330000652e-01,9.178769484623229280e-01
8.006410002709999363e-01,9.224047191889096498e-01
1.085708975790000030e+00,1.033176601452101329e+00
3.527039885520000251e-01,9.452924184601124713e-01
5.883709788319999578e-01,6.813080273507391427e-01
4.875420033929999120e-01,5.699142079073269418e-01
4.636880159380000199e-01,7.082923659641799929e-01
3.637039959430000136e-01,6.221219017862317235e-01
8.750243186949999696e-01,6.419356801858411288e-01
6.435279846190000708e-01,8.029823227338336311e-01
4.834130108360000233e-01,6.285855607603240136e-01
2.120890021319999930e-01,5.733266242560817183e-01
4.560469985010000560e-01,5.076857350925807477e-01
4.367910027499999903e-01,6.229006753419884523e-01
7.238804101939999569e-01,6.638038785328570501e-01
5.560690164570000205e-01,7.581412394984266001e-01
4.748429954049999679e-01,6.456701140734234512e-01
2.674640119080000100e-01,5.785990403902064871e-01
9.588437080380001198e-01,5.971858291079078507e-01
7.868980169300000549e-01,8.049572811883258794e-01
1.794360995290000149e+00,7.663946198343609684e-01
1.337677955630000026e+00,1.263784601090072179e+00
1.210453987120000185e+00,1.255313408070372505e+00
5.654799938200000264e-01,1.320917569916573830e+00
4.008429944520000565e-01,1.033092561651817176e+00
2.727654874320000200e-01,7.332576230785393667e-01
5.836449861529999783e-01,5.626584802638772143e-01
8.533802628519999711e-01,6.691377388917822966e-01
8.660610318179999823e-01,8.908659997806959163e-01
1.158349990839999899e+00,8.802908141116906338e-01
7.764859795569999390e-01,9.391511341625840004e-01
1.068807005880000105e+00,8.405415411344221432e-01
5.888479948040000744e-01,1.056871382404910076e+00
1.588868498799999918e+00,7.322383470188531529e-01
4.327859878540000205e-01,1.271702377772460091e+00
3.996030092239999942e-01,4.663542212441141865e-01
5.545349717140000134e-01,4.404630465198058897e-01
6.221979856490000849e-01,6.990212290573543097e-01
1.149551987649999996e+00,9.298087400102864608e-01
1.121260046960000034e+00,9.594514383242259692e-01
9.776459932329999436e-01,1.196663447106414369e+00
1.732741951940000025e+00,1.066367659932757395e+00
2.302707910540000125e+00,1.419680386607522493e+00
1.053477048870000043e+00,1.977045177555680988e+00
7.962800264360000435e-01,1.372511046411974744e+00
5.203329920770000117e-01,1.160747619493875060e+00
6.104800105090000262e-01,6.980767336714551741e-01
4.453057944770000276e-01,7.830948416873079188e-01
6.522138714790000069e-01,7.303275311631690636e-01
1.175541162490000069e+00,7.540008573971519468e-01
1.032202124599999937e+00,8.917777459668581042e-01
7.193930149079998948e-01,8.423479256171279017e-01
8.200139999390000378e-01,8.413267216750317523e-01
9.497330188750000568e-01,9.559039528142803110e-01
1.039114952089999822e+00,9.475926516818606871e-01
5.883830189700000046e-01,1.063443930360022938e+00
9.508559703829998488e-01,8.861966570099696350e-01
5.277600288389999728e-01,1.034409616179894131e+00
7.736063003540000205e-01,7.077144046745738049e-01
9.703559875489998765e-01,7.712800706175277909e-01
1.383889913560000018e+00,8.743110718100572942e-01
7.795230150220000542e-01,1.220826933309580031e+00
6.069999933240000090e-01,8.102173529227314486e-01
4.660570025440000097e-01,7.310659630354614524e-01
9.455270171170000459e-01,5.876807041540095256e-01
6.238729953770000280e-01,1.102196529466750619e+00
3.923240005969999555e-01,9.485177425840868315e-01
5.156549811360000568e-01,6.183342576827693948e-01
9.679385423660000765e-01,6.321514438239362876e-01
1.356565952299999989e+00,9.006264583750732688e-01
9.072690010070000310e-01,1.007380008704960028e+00
8.162760138510000152e-01,9.643767331128081377e-01
2.479866981509999846e+00,9.630030044634921849e-01
1.133080005649999888e+00,1.897596164621072168e+00
1.045583963389999926e+00,1.091289055242167905e+00
8.474370241169999485e-01,1.097271881163607965e+00
1.536522984499999911e+00,1.028250721354451391e+00
9.008989930149998715e-01,1.472080471907711852e+00
4.812009930610000596e-01,1.148089262636274421e+00
8.572540283199999722e-01,6.360111255849608680e-01
8.617479801180000232e-01,1.030397355588106523e+00
1.008694052699999899e+00,8.733927450304204143e-01
1.127727031710000105e+00,9.904330129432974417e-01
7.795569896699999779e-01,1.182580618279463369e+00
9.895502924920001053e-01,9.208647148152770967e-01
8.363329768179998958e-01,1.061607450409370879e+00
9.099559783939998869e-01,8.254687909856113226e-01
5.511059761050000061e-01,9.281910449516819206e-01
1.239764332770000088e+00,7.791358624082643791e-01
1.211838960649999963e+00,1.121721241243953893e+00
1.379981994630000042e+00,1.033177206602154508e+00
1.148460984229999982e+00,1.271667007909241587e+00
7.663900256160000035e-01,1.206760947825776364e+00
9.660840034479999394e-01,9.912796228279685540e-01
8.156750202179999798e-01,1.143838391047827807e+00
1.142272949220000111e+00,1.020791603770170974e+00
1.299479961400000105e+00,1.106271008081767260e+00
8.583310246469999516e-01,1.246622004914511139e+00
7.149469852449999996e-01,9.746092153623421295e-01
8.764400482179999230e-01,9.255588240959673474e-01
8.305460214609999836e-01,1.050820888802931341e+00
8.535240292550000385e-01,8.035845115199685695e-01
9.092410206789999227e-01,8.897520937947946962e-01
5.202720165249999917e-01,9.288515745018254277e-01
7.411040067669999454e-01,7.266544538693685551e-01
5.853319764140000325e-01,7.367300848626274767e-01
5.047770142559999673e-01,6.254309201466619061e-01
5.519493222240000607e-01,6.309849294653774310e-01
9.697520136830000137e-01,6.908551176420698603e-01
1.116515994070000017e+00,8.405972810759342329e-01
1.049844980239999837e+00,9.810023148322808417e-01
6.342629790310000404e-01,1.006157747791227353e+00
5.644329786300000817e-01,8.540560546974783618e-01
9.184709787370000100e-01,7.467357829961867033e-01
9.593539834020000656e-01,9.328974920184295305e-01
5.984159708020000412e-01,8.639487270045715928e-01
9.383450150489999197e-01,7.529762705670536294e-01
4.542250037189999867e-01,8.922367506287937067e-01
7.079470157619999204e-01,6.188207867516328786e-01
3.876500129699999575e-01,7.058507095056824054e-01
4.484339952470000057e-01,6.594309270149624203e-01
8.405709862710000202e-01,6.193066577611489043e-01
5.337110161779999862e-01,8.152096970144755428e-01
7.211350202559999589e-01,6.880126534385012649e-01
5.215386152269999576e-01,7.075769876634497857e-01
7.050759792330000275e-01,6.949730033727875567e-01
6.405649781229999506e-01,6.603947409069315100e-01
5.168589949609999623e-01,7.172102754622213805e-01
1.660409450529999997e+00,6.201015901460584789e-01
2.465307950970000217e+00,1.267464057260663246e+00
1.622156023979999917e+00,1.712061065331099918e+00
1.866270065310000170e+00,1.631247410918465812e+00
3.623536109919999415e+00,1.824742710224336761e+00
7.948709726329999947e-01,2.846913528337805754e+00
9.065989851950000400e-01,1.196321026420984479e+00
8.571879863740000660e-01,1.012612499816312628e+00
7.756379842759999477e-01,5.164598966517558454e-01
7.006700038909999817e-01,1.077639178209971460e+00
6.443409919740000769e-01,8.164607042091506228e-01
7.579550147059999077e-01,8.275331463064323767e-01
5.499600172040000068e-01,8.227639951123145723e-01
4.964669942859999408e-01,7.212746335212937288e-01
1.367677569390000070e+00,6.205511290045663264e-01
1.397894024850000250e+00,1.100993935929746925e+00
8.148130178450000427e-01,7.841976036531037586e-01
1.278898954390000009e+00,7.765442411688239233e-01
8.623980283740000363e-01,1.102233615575202164e+00
1.093865990639999897e+00,1.185658922355403933e+00
8.134710192680000285e-01,1.181588891427936661e+00
1.466687083240000078e+00,1.127147413440638957e+00
9.060310125349999577e-01,1.364033783704173164e+00
7.652140259739999006e-01,8.635943256708206173e-01
1.311033964160000176e+00,8.476840428881367018e-01
7.892500162119999718e-01,1.326464757243159598e+00
1.474902033810000068e+00,1.058434022035997124e+00
9.167850017550001063e-01,1.330852807750906086e+00
1.186140060420000086e+00,1.102654090697002154e+00
1.411391973500000008e+00,1.202775753644838019e+00
2.092472076419999993e+00,1.596456861483264600e+00
7.189220190049999681e-01,1.748797152346349026e+00
1.301861047739999888e+00,1.256248641022943868e+00
1.268974781040000055e+00,1.343181460341271061e+00
1.221997022629999874e+00,1.414843243663438388e+00
9.061110019680000960e-01,1.105943203588878987e+00
1.078873991970000112e+00,1.164786693523948591e+00
1.028025031089999874e+00,1.156798783918592255e+00
7.863690257070000689e-01,1.253555362841643150e+00
1.276852965350000035e+00,9.408691683909382597e-01
7.093420028689999546e-01,1.322878657868890473e+00
5.201929807659999572e-01,8.331761325239533944e-01
5.645610094070000473e-01,7.323233623342503273e-01
9.855200052259999177e-01,7.211899637697247734e-01
1.092841982840000004e+00,9.346320174124411739e-01
4.786899983879999709e-01,9.090291322052794776e-01
3.955059945579999514e-01,6.498351138772721081e-01
1.850703001020000071e+00,5.513783576126827235e-01
1.195796012879999815e+00,1.483112517758819360e+00
1.702510833739999896e+00,9.987769359624646404e-01
2.998351097109999586e+00,1.454573267578085805e+00
2.407080888749999925e+00,2.333589765959093398e+00
2.585943937299999718e+00,2.045175670572195070e+00
2.233839035029999920e+00,2.445676412769969499e+00
1.655773043629999997e+00,2.460725494276672087e+00
1.430611014370000156e+00,1.804918922047617835e+00
8.921740055079999676e-01,1.724375839152212153e+00
1.231696963309999893e+00,1.233645492896564555e+00
8.955079913140001624e-01,1.194421857223701311e+00
1.602033019070000064e+00,1.133190534463144328e+00
1.585399031639999956e+00,1.377705632974230099e+00
1.232059955600000034e+00,1.573966220010901251e+00
1.210371017459999976e+00,1.390353884156625419e+00
1.242141008379999967e+00,1.474815217748395746e+00
9.857040047650000858e-01,1.354901913980355310e+00
7.289689779279999726e-01,1.154241388378881794e+00
6.761519908910000876e-01,9.682000959501481097e-01
1.071573019029999907e+00,8.199464048907140201e-01
9.457439780239998983e-01,9.973696909286449142e-01
4.376370012759999706e-01,8.817792319234112330e-01
5.141820311550000522e-01,6.730397761962844116e-01
3.387190103530000052e-01,6.436046327766837827e-01
7.144280076029999593e-01,5.361867417740509012e-01
4.996199905870000180e-01,6.677908732832158467e-01
7.917379736899999854e-01,6.298736424895424735e-01
8.646243214609999894e-01,6.898483199087538376e-01
6.024960279459999901e-01,9.472857430533777601e-01
1.260069966320000123e+00,7.323934704559873499e-01
1.012339949610000067e+00,1.075525987610540524e+00
1.004528999329999950e+00,9.157604493785846955e-01
6.310235261919999727e-01,1.067778335803627243e+00
1.141221046449999887e+00,9.548588553655755762e-01
5.426099896430000014e-01,1.026384241833949051e+00
8.547459840769999762e-01,5.907716750456811772e-01
7.744219899179999311e-01,7.903641058430130872e-01
3.084340095520000102e-01,9.988159069645243804e-01
8.376209735870000506e-01,5.408700889736037798e-01
7.293469905850000767e-01,7.855367792264312810e-01
7.503905892370000830e-01,7.553998502344811961e-01
1.134822010990000019e+00,7.882574776494867264e-01
1.614240050320000064e+00,9.717582046543337126e-01
1.244793057440000128e+00,1.342463600263956724e+00
7.141630053519999466e-01,1.261440535824853271e+00
7.293040156360000026e-01,1.046179587958167456e+00
6.486989855770000091e-01,1.063764416836147531e+00
3.427990078929999962e-01,7.186822963529650998e-01
3.861860036850000011e-01,5.067593892480313222e-01
6.366299986840000535e-01,4.533016074734393386e-01
3.990480005740000280e-01,7.255895567706991400e-01
4.178859889509999870e-01,6.313960892445551476e-01
1.103790521619999909e+00,5.893164892310076564e-01
6.956189870829999622e-01,9.308443187462691615e-01
8.070139884950000564e-01,7.153401584277381264e-01
5.947690010070000310e-01,7.621370337257884486e-01
1.107607960700000005e+00,7.979105188025905626e-01
9.713580012320000012e-01,9.663314355746726037e-01
7.170349955560000321e-01,9.425434267919468034e-01
6.764810085300000386e-01,8.238741875271242687e-01
1.687772989270000190e+00,9.406659404848212169e-01
9.907569885250000485e-01,1.361268153716375551e+00
8.082039952280000161e-01,9.650333854037308479e-01
1.087718963619999979e+00,9.532416464111121979e-01
1.564818024639999861e+00,1.219862193504961390e+00
6.673809885979999912e-01,1.394679215656262850e+00
1.256489992140000123e+00,9.188293190659908571e-01
1.091886043549999963e+00,1.199551314098127319e+00
7.375509738919999725e-01,1.131213973849085175e+00
6.224380135540000802e-01,9.406172606272630299e-01
8.364729881290000613e-01,1.001663490142313595e+00
5.774260163309999916e-01,8.726883669026517243e-01
1.015761017800000054e+00,6.697559691145732463e-01
1.106158971790000001e+00,8.033656125422552474e-01
6.945540308949998964e-01,1.042636065685045521e+00
1.130903959270000092e+00,8.775762548201858637e-01
9.518219828609999489e-01,1.053341983606527199e+00
7.524570226669999862e-01,9.302459162815053251e-01
5.585229992869999993e-01,8.400855440351825409e-01
1.415836334229999771e+00,9.052410053045070182e-01
1.855298042299999839e+00,1.261337208933392739e+00
7.845479845999999702e-01,1.229520657860727617e+00
8.210539817810000862e-01,8.210805619089965868e-01
5.835890173909999978e-01,8.366052235674801274e-01
8.359720110889999889e-01,7.625063075314751915e-01
2.184663057329999880e+00,9.162045038580585166e-01
6.805480122570000123e-01,1.759947301662757146e+00
1.238904953000000031e+00,1.035974051420155195e+00
1.030328035349999949e+00,9.549000386375019467e-01
7.914109826090000022e-01,1.060570701055252529e+00
8.423720002169999832e-01,9.019487128947275556e-01
4.464710056780000769e-01,9.299234672012464120e-01
5.589337944979999584e-01,9.478733669028498454e-01
7.099329829220000221e-01,7.451323188843250733e-01
7.334340214730000751e-01,8.659137616595574682e-01
7.833399772640000647e-01,7.890035979036025271e-01
8.426809906959999985e-01,7.407312378094493832e-01
1.099761009220000085e+00,8.070954251336663887e-01
8.706315755840000614e-01,1.061524567999899027e+00
5.862460136410000411e-01,9.565563293728600591e-01
8.863990306849999223e-01,7.562562896739781770e-01
1.019399046900000050e+00,8.691122574645067100e-01
8.493610024450000129e-01,8.225368158300482291e-01
1.010666966439999870e+00,7.920891191379644258e-01
1.331516027449999973e+00,1.031286749250855728e+00
1.215008974079999859e+00,1.337993842925120136e+00
1.645591020579999952e+00,1.244829869566117964e+00
9.708780050280000351e-01,1.521162567415261790e+00
1.411272048950000135e+00,1.181411971014979301e+00
7.953929901119999313e-01,1.511514919703342619e+00
1.046331048010000098e+00,9.821803667238210300e-01
8.879339694979999642e-01,1.113046147378050632e+00
8.349300026890000836e-01,1.049005212125419639e+00
9.847199916839999290e-01,1.003332340221398500e+00
1.090394020079999970e+00,1.083152442411853711e+00
4.901649951929999416e-01,1.122051345637727238e+00
6.141669750209999279e-01,6.712163383866697197e-01
6.314740180969999894e-01,6.954913606889846500e-01
8.252440094949999860e-01,6.588926691904586352e-01
1.051450967789999913e+00,8.200863846957792136e-01
1.047114968300000060e+00,9.544839599473727842e-01
3.921430110930000379e-01,9.760216256660148026e-01
4.695149958129999912e-01,7.147441633358635471e-01
7.720900177959999500e-01,6.512160117359614420e-01
7.520099878309999264e-01,7.859817993005255854e-01
6.877393722529999698e-01,7.265540898983871010e-01
6.718119978899999012e-01,8.221486385255685203e-01
1.185933232310000029e+00,7.113775366744673478e-01
6.571980118750000432e-01,1.084071488427209573e+00
8.213180303569999063e-01,7.563086384604107426e-01
7.795739769939998842e-01,8.385640562611286208e-01
1.030122995379999962e+00,8.854862075406836341e-01
6.211889982220000217e-01,9.618721261680387435e-01
8.660820126530001106e-01,7.810857732721667723e-01
9.608931541439998947e-01,8.598869730748265328e-01
6.760399937630000577e-01,9.768375183985320565e-01
7.402380108830000083e-01,7.478373660767696496e-01
5.984709858890000511e-01,8.065683047156061436e-01
6.151059865950000427e-01,7.090505759920361362e-01
9.358735680580000382e-01,7.050846176463956283e-01
5.818247795100000008e-01,8.683707948817019906e-01
7.156659960750000327e-01,7.295928095551373893e-01
6.529520154000000298e-01,6.908594892725087311e-01
9.700022935870000751e-01,6.818532873896564483e-01
7.834500074390000623e-01,8.940999431593896762e-01
7.448130249979999506e-01,8.173055019504930074e-01
8.276180028919999376e-01,7.634552935937254370e-01
8.943400979040000420e-01,8.912673068572314339e-01
2.505017042159999985e+00,1.007494937612604335e+00
1.620712041850000062e+00,1.629779665760065166e+00
1.417585968970000110e+00,1.615105425108855686e+00
1.049872040749999957e+00,1.456379561122941979e+00
1.226507544519999993e+00,1.140852390542569816e+00
1.043179035189999881e+00,1.369477101819032150e+00
9.694439768789999690e-01,1.167848686656515422e+00
8.192250132559999454e-01,1.094928095325599315e+00
8.129550218580000598e-01,8.753348170516936921e-01
6.712080240250000163e-01,9.089512216160533509e-01
5.289899706839999993e-01,7.616337076094100711e-01
3.461930155749999849e-01,7.106414212372147432e-01
4.789490103719999947e-01,5.757081426879812058e-01
1.153810977940000093e+00,6.178142238033101918e-01
9.671270251270001062e-01,9.827703483437189025e-01
7.845839858059999727e-01,9.200446720099906273e-01
4.701859951020000428e-01,8.169719121569596343e-01
5.632782578470000301e-01,7.379232803862366685e-01
2.416239976880000528e-01,7.150649788416619801e-01
2.709859907630000064e-01,5.095724292703246450e-01
1.994680017229999991e-01,4.981196652453467322e-01
1.327169984580000017e-01,5.264112040308068785e-01
4.732620120049999546e-01,6.715732562187293198e-01
6.585559844969999244e-01,7.863174194882265322e-01
9.621880054470001165e-01,7.916532407978705832e-01
5.111979842189999790e-01,9.077686525935149131e-01
9.829789996150001263e-01,7.075099201727178544e-01
9.100099802019999684e-01,8.479051541357165434e-01
1.026576042179999870e+00,7.872944673174244734e-01
8.309389948840000262e-01,9.572158883681367580e-01
9.651920199390001676e-01,9.506278875922665739e-01
1.000543951989999902e+00,1.041327408854018532e+00
1.983185052870000131e+00,1.113337588305037151e+00
1.274855017659999978e+00,1.606840214585405935e+00
1.286525964740000028e+00,1.111014093181380558e+00
1.382244944570000245e+00,1.424567085719350867e+00
1.736924052240000016e+00,1.501086587087411051e+00
1.257668018339999971e+00,1.482351128213060809e+00
7.533379793170000838e-01,1.540826280175586094e+00
1.084908962249999886e+00,1.086193248678896772e+00
1.062494039539999990e+00,1.308422466339854928e+00
7.787629961969999570e-01,1.128660235664340927e+00
8.256469964979999965e-01,9.159075107620046063e-01
9.891830086709999525e-01,9.924452856775727305e-01
1.418092012410000047e+00,1.021089846848301841e+00
1.151677966120000063e+00,1.236618274345332447e+00
1.250364065170000094e+00,1.138686408041366782e+00
8.794019818310000458e-01,1.311923495836017084e+00
1.089423060420000144e+00,1.086092315933002039e+00
1.809062957759999701e+00,1.176679085835251826e+00
8.687390089040000207e-01,1.549790384447770286e+00
8.521729707719999380e-01,1.056980830240351388e+00
1.307837963100000112e+00,1.032467745875305098e+00
1.262575984000000151e+00,1.459332660314242025e+00
7.601559758189999627e-01,1.160191947897895037e+00
1.069887042049999959e+00,1.002724888613899301e+00
8.579840064049999437e-01,1.208888116399386981e+00
1.149323940279999956e+00,8.175584348317447292e-01
1.067142963410000034e+00,1.112949634211642724e+00
7.400619983670000401e-01,1.189255509343846384e+00
6.799880266190000411e-01,9.753587681069235682e-01
7.323921322820000634e-01,8.898536300373272034e-01
8.352749943730000126e-01,8.341817662527954980e-01
6.000829935070000065e-01,7.968411707095407470e-01
1.010563969610000168e+00,7.362898233181864871e-01
7.613970041280000434e-01,8.776089329230585268e-01
7.260069847110000030e-01,7.464038846466544141e-01
1.064324021340000037e+00,7.508613934838677118e-01
5.901079773899998715e-01,1.019452424890012532e+00
7.744659781460000447e-01,7.228187482857248991e-01
7.406870126719998781e-01,7.613122737262348894e-01
8.908360004430001533e-01,8.043654493965439745e-01
7.620100975040000613e-01,8.789611225293607610e-01
7.774500250820000069e-01,8.903644411654291213e-01
5.811070203779999943e-01,7.438087647801303604e-01
7.908779978749999051e-01,6.551568348599935421e-01
8.903719782829999652e-01,8.272480908698978119e-01
7.882059812549999656e-01,9.065130720517164953e-01
7.301949858670000459e-01,8.763868390042859335e-01
9.248933196070000529e-01,8.017320281612156929e-01
1.265586972239999941e+00,9.194863301480654671e-01
7.884140014650000694e-01,1.011644883068818057e+00
9.180610179899999501e-01,8.639050933709543356e-01
6.569269895549999516e-01,9.935631350593123745e-01
8.252680301670000107e-01,8.337210221978107461e-01
4.257229864599999525e-01,8.347857771027518137e-01
9.114630222319999309e-01,5.846033673261048502e-01
7.238519787790000937e-01,8.203144237540773709e-01
9.657319784160000031e-01,7.774735730816686452e-01
7.194200158119999911e-01,8.606072702865082968e-01
7.146480083470000411e-01,7.981713632767507560e-01
6.188799738879999790e-01,7.587102739980404742e-01
8.502969741820000094e-01,8.365807083766638730e-01
6.113014817240000065e-01,8.610851701801596203e-01
8.405809998509999881e-01,8.071998895749535885e-01
5.909900069240000553e-01,7.565350803193882090e-01
1.191807866100000002e+00,6.643716316355002816e-01
1.072478055950000009e+00,9.844658812412698801e-01
7.976800203319999172e-01,8.563524238873295724e-01
7.140370011329999489e-01,8.696265870606775250e-01
8.885610103609999921e-01,9.191106890394965534e-01
7.367290258409999737e-01,1.119330281809858274e+00
9.655410051350000744e-01,8.573345113268066031e-01
8.569459915160000385e-01,9.734336452473860701e-01
5.838339924809999859e-01,8.547369063768673891e-01
3.047562122340000457e+00,7.220960685023856129e-01
8.865389823909999301e-01,2.269627442343837842e+00
1.186460971829999878e+00,5.326184348033949911e-01
8.750730156899999557e-01,4.649815640080072199e-01
1.111973047260000014e+00,8.014214241492111368e-01
6.929270029070000447e-01,1.615675542595586434e+00
5.632749795910000357e-01,4.110990842885666186e-01
5.519689917560000048e-01,3.568573917964274478e-01
9.211350083349998386e-01,2.093848039551134133e-01
5.465030074119999748e-01,9.308196150660920098e-01
9.997850060459999577e-01,7.957615185314321771e-01
7.512239813800000166e-01,8.907999937826801551e-01
8.402569890019999654e-01,7.364456213488225211e-01
7.843149900439999600e-01,8.344854639484825531e-01
5.915480256080000165e-01,8.811044234774770834e-01
6.109840273859999948e-01,7.490550172682391983e-01
9.328789710999999540e-01,7.549052690323961867e-01
7.992020249369999885e-01,8.970107694779843044e-01
9.833549857140000405e-01,7.853545778045397663e-01
5.405290126799999761e-01,9.105861584909276107e-01
1.093670010570000128e+00,7.862936483343608840e-01
9.266330003740002041e-01,9.850428041859761175e-01
7.972419857979999858e-01,8.798247725136172370e-01
5.896059870719999596e-01,8.602791202297919160e-01
7.799540162090000672e-01,8.477249814545770867e-01
5.182790160179999717e-01,8.427725342775425066e-01
7.263879776000000676e-01,6.372239702977291476e-01
6.216366887090000182e-01,7.181264494949477495e-01
8.810679912569999717e-01,7.178254055310514525e-01
7.315016984940000411e-01,7.963285226368784775e-01
9.703850150110000516e-01,7.431845458865943277e-01
8.715350031849999901e-01,8.825121298142062365e-01
5.505740046500000595e-01,9.166933973110096279e-01
2.576299905780000121e-01,7.264594368243557643e-01
6.952109932899999123e-01,5.495685026109560223e-01
3.547430038449999601e-01,6.466208659833698746e-01
1.308350920679999918e+00,4.400270590542925686e-01
1.424710035319999957e+00,9.426789539492161918e-01
2.422243118290000385e+00,1.192118847917419400e+00
1.588093161580000023e+00,1.784725150749985945e+00
2.882889986040000352e+00,1.654290124501383241e+00
1.510810017590000109e+00,2.504369041772924298e+00
5.103110075000000245e-01,2.030586668447467602e+00
6.637499928469999810e-01,9.100989994707792130e-01
5.865659713749999948e-01,6.621123733553323509e-01
9.182999730109998593e-01,6.333955215544775363e-01
1.126363039020000123e+00,8.048692153214309641e-01
9.455379843710000065e-01,1.159263730387060765e+00
7.979699969290000583e-01,9.614227493442446537e-01
8.895260095600000527e-01,8.873563609503067884e-01
5.017459988589999531e-01,9.456453482541166133e-01
7.889080047609999813e-01,6.050222362559567468e-01
5.571460127830000220e-01,8.021226376398163938e-01
8.079270124439998924e-01,7.702827271137314691e-01
7.382910251620000697e-01,8.074238050151297807e-01
6.742079854009999096e-01,8.222805794247356470e-01
8.787713646889999675e-01,7.256099979458567883e-01
7.401880025859999268e-01,8.718665169142829630e-01
8.886500000949999478e-01,7.575797958291249357e-01
7.983270287510000340e-01,8.691171598413037769e-01
5.137799978260000344e-01,8.255666103502214970e-01
7.760372757910000141e-01,6.573353122217212574e-01
8.528280258179999906e-01,7.933234185695586804e-01
7.851629853249999513e-01,7.194985809449430114e-01
8.431609868999999646e-01,7.864698594320919112e-01
1.024798870089999925e+00,8.940947332473195841e-01
8.044279813770001120e-01,1.053120442470931284e+00
8.841310143469999216e-01,8.641790940718175884e-01
3.615649938579999501e-01,9.097821273608193149e-01
1.171491026879999842e+00,6.822911151065610413e-01
4.477910101410000343e-01,9.957010591003986333e-01
7.665730118750000432e-01,5.429044943270379120e-01
7.735599875449999940e-01,6.676676690312647322e-01
1.054823040959999902e+00,8.742901114624496151e-01
7.843300104139999673e-01,9.476509114285124324e-01
1.034250974660000155e+00,8.871181798416634123e-01
1.096979022029999973e+00,1.029362830077762858e+00
7.633029818529999400e-01,1.091797050603765529e+00
5.883730053899999257e-01,8.570696044108958578e-01
6.365630030629999547e-01,7.658639693743237720e-01
5.750700235369999858e-01,7.532957352324326505e-01
5.399640202519999654e-01,6.835211371523967072e-01
1.324671149250000068e+00,6.902531355328656026e-01
8.178460001949999780e-01,1.039090899916970567e+00
6.359609961509999909e-01,7.381777129152977679e-01
8.135920166969999867e-01,6.813705611763184455e-01
9.872140288350000903e-01,9.288362837157817520e-01
9.839289784429998686e-01,1.032213794490138836e+00
5.904790163040000150e-01,1.020027052894079800e+00
8.986790180209999201e-01,7.920697907114018221e-01
6.268000006680000125e-01,9.219273913770026363e-01
6.926850080490000172e-01,7.230623658243543472e-01
5.757049918169999669e-01,7.472797186493317367e-01
6.764680147170000213e-01,6.817646262932010037e-01
8.279470205309999997e-01,7.344926930017314781e-01
6.547859907149999881e-01,7.843762766864338376e-01
1.085815548900000094e+00,7.432718445687221953e-01
8.509550094600001335e-01,9.404543710977795179e-01
8.879359960559999321e-01,8.405023121995527369e-01
6.557850241659999302e-01,9.082310417968683103e-01
6.597809791559999804e-01,7.872652382391719383e-01
8.856279850010000398e-01,7.458743022929952282e-01
7.502999901769999980e-01,8.530500787116390704e-01
9.303160309790000637e-01,7.908592591268424066e-01
7.259460091590000941e-01,9.236768851410458447e-01
7.123904824259998936e-01,7.690699948332134772e-01
9.326570034029998402e-01,7.645662316989012552e-01
6.544970273969999974e-01,8.656844312837960187e-01
4.987269937989999846e-01,6.741259279505108504e-01
9.782410264020000579e-01,6.152885754935764062e-01
5.593240261080000275e-01,9.634980353945784559e-01
8.733990192409999409e-01,7.187727613256719161e-01
6.232500076290000690e-01,8.187213546651240792e-01
6.319249868390000024e-01,7.446023711258522582e-01
8.335350155830000274e-01,7.446703413814177441e-01
8.613430261610000027e-01,8.076327372045352115e-01
1.036013007159999999e+00,8.342267011243686969e-01
6.160370111469999355e-01,8.906714870273941820e-01
9.874529838560001105e-01,7.501698706611908962e-01
6.686739921569999634e-01,9.577592899680927863e-01
6.455339789389999972e-01,8.591708424700684743e-01
1.007030010220000049e+00,7.155912246029513257e-01
7.763000130650000719e-01,9.871573059438557562e-01
9.358490109440000815e-01,7.453346489858549972e-01
6.626719832419999401e-01,9.380656288937969656e-01
1.113351941109999910e+00,8.569000334295954202e-01
5.495319962500000432e-01,1.047022685988431512e+00
9.273632764820001206e-01,7.313214934323786220e-01
8.215330243109999486e-01,8.985185024889439376e-01
9.193540215490000334e-01,6.757961454041696570e-01
6.899859905239998925e-01,8.004099885855694430e-01
6.497738957409999738e-01,8.561430403155074753e-01
9.705049991610000815e-01,9.520359179984230202e-01
8.034440279009998909e-01,9.164118603425439602e-01
8.920990228650002019e-01,8.279111303046881032e-01
7.462270259859999921e-01,8.988605362751594940e-01
1.495407462120000197e+00,8.563150500845905233e-01
7.597569823270000633e-01,1.225922989538583474e+00
9.677280187610000084e-01,5.690327175704091855e-01
1.126011013979999920e+00,8.758762180189602065e-01
7.641419768330000029e-01,1.182525700085427900e+00
1.423818945879999909e+00,1.037738621026234265e+00
8.309190273280000483e-01,1.337651208949097725e+00
5.316870212550000030e-01,1.031850935936382108e+00
6.942920088770000442e-01,6.647929962948101457e-01
1.097100019450000019e+00,8.914300624600638434e-01
8.623710274700000511e-01,1.174587376409293782e+00
9.711959958080000899e-01,9.542853715249969282e-01
7.501904964450000213e-01,9.841575953177205127e-01
5.659890174870000346e-01,8.925952193645415589e-01
7.235890030859999378e-01,7.867886296629837961e-01
1.088876962660000114e+00,7.976250863873343144e-01
2.614549994470000138e-01,1.023104123522097675e+00
1.923168003559999895e-01,6.304334773856152818e-01
2.048390060660000012e-01,3.977476470909392381e-01
3.752999901769999980e-01,3.499911079736890973e-01
1.878910064700000104e-01,6.351493290794192337e-01
4.178839921949999980e-01,7.088594858087075012e-01
6.128349900249999704e-01,6.538309494400200705e-01
4.822100102900000462e-01,7.708805789911518103e-01
8.136649727820000066e-01,7.077730132918845785e-01
8.997989892959999958e-01,7.569306682318964752e-01
7.667459845540000041e-01,8.648944078893453513e-01
6.762999892229999421e-01,7.884804903248294750e-01
9.804093837739999984e-01,7.133240100876576673e-01
1.075533032420000090e+00,9.301029206466668864e-01
6.459739804270000496e-01,8.581777746986152255e-01
7.601699829100000416e-01,7.879640476637187474e-01
8.707180023190000950e-01,8.467608616807505983e-01
1.045557022089999899e+00,9.707603237905174653e-01
4.832339882850000268e-01,9.666041251170872650e-01
1.085988998409999962e+00,7.233715197910127737e-01
7.320979833600000930e-01,9.912050074957260426e-01
7.128990292550000385e-01,7.833831080566383553e-01
1.045389056210000112e+00,7.685096821000768630e-01
7.359200119969999676e-01,1.084210709314585186e+00
8.956930041310000590e-01,7.783508472091993369e-01
8.745509982110000191e-01,9.097043292038434759e-01
9.237470030779999508e-01,8.912422956417813680e-01
9.997780323029999971e-01,9.298337578393982561e-01
1.739534020420000049e+00,9.665733864705325917e-01
8.107889890670000321e-01,1.345615757447619076e+00
7.049050331119999235e-01,8.755858451983516977e-01
8.328269720080000438e-01,8.573789104917752812e-01
8.276600241660000412e-01,1.037045158747239348e+00
8.953109979629999549e-01,1.022783273294574746e+00
1.459501028060000039e+00,1.003861780381329449e+00
1.179519057270000060e+00,1.333338474821742725e+00
1.443411946299999915e+00,1.102885765615865710e+00
1.306735038760000078e+00,1.446321682851325674e+00
7.634999752040000365e-01,1.415534663974357565e+00
1.145148038860000161e+00,9.967598121072710482e-01
7.253450155259999477e-01,1.278551889348915394e+00
7.633590102199999672e-01,8.845717547134365200e-01
6.174820065499999622e-01,8.867402057639003354e-01
1.029322981830000039e+00,7.476556937478208154e-01
1.302055954929999926e+00,9.032306058899319812e-01
3.164124965670000122e+00,1.098863210859512218e+00
9.734439849849999549e-01,2.063219819914460906e+00
1.229671001429999855e+00,1.543621208685085122e+00
7.441530227660000385e-01,1.111341763747617728e+00
1.063034057620000139e+00,8.909657288401461317e-01
1.123872041700000102e+00,1.133753904361440634e+00
8.984770178789999173e-01,1.281464160752609605e+00
7.175139784810000698e-01,9.814097097844881601e-01
5.367509722709999931e-01,8.388939870462802650e-01
1.175443053249999981e+00,7.188124284156344190e-01
1.101048946379999949e+00,1.035133747661994841e+00
5.734490156170000130e-01,1.054071472154672673e+00
1.431144952770000200e+00,8.048320878775933052e-01
1.037794947620000130e+00,1.272595337852326036e+00
6.568620204930000206e-01,9.000633860915573381e-01
1.074908018110000141e+00,7.859131924800134561e-01
1.385972023009999887e+00,1.206494352772695233e+00
1.004804968829999812e+00,1.279028721136188596e+00
1.609539985660000116e+00,1.048138124690451090e+00
2.817575931549999524e+00,1.542478844112529002e+00
1.962562561039999931e+00,2.121941167090295899e+00
1.279752016069999998e+00,1.872488024304124643e+00
1.995329976079999845e+00,1.598894057026889248e+00
2.033385992049999924e+00,1.989313748335572951e+00
1.307443976400000096e+00,1.964813828464307077e+00
1.611258029939999892e+00,1.522906484209006095e+00
2.040218114850000042e+00,1.923319836786802961e+00
2.183244943620000100e+00,2.184318065356204652e+00
1.351415991779999937e+00,2.182410432325253780e+00
7.242180109020001089e-01,1.761262882997671753e+00
1.363389015200000109e+00,1.225062464509519833e+00
1.526808977129999967e+00,1.425457964149170476e+00
1.784019589419999940e+00,1.480364671907557828e+00
1.103597044940000105e+00,1.721575785054830776e+00
1.763007998470000004e+00,1.334434682648711012e+00
1.157549023629999896e+00,1.930831708244300060e+00
1.153326034550000045e+00,1.320461797681834915e+00
2.362811088559999551e+00,1.308739429387664410e+00
2.580787897110000007e+00,2.315241331958657334e+00
1.242146968839999976e+00,2.188918316855693380e+00
1.712821006770000265e+00,1.626575563223338960e+00
6.676509976389999323e-01,1.950340166947670095e+00
8.271329998970000652e-01,9.775603205346142799e-01
9.642647504810000214e-01,1.052987413624400626e+00
1.394161701200000048e+00,1.227644332251244919e+00
7.584049701689999923e-01,1.229725461471764536e+00
6.900759935379999765e-01,8.634448321132798254e-01
6.740249991419999809e-01,8.215738633675264690e-01
8.615220189090000424e-01,8.359268668919990208e-01
7.907469868659999790e-01,9.029878745819814867e-01
7.285000085830000138e-01,8.182255962312415809e-01
2.411980032920000017e-01,8.148735394667546705e-01
3.354600071909999981e-01,6.664536785015924281e-01
5.912460088730000507e-01,5.888280603877967811e-01
1.058426976200000036e+00,7.258690798791517240e-01
7.669919729230000316e-01,8.986031920814981921e-01
5.881239771840000019e-01,8.236679222968330549e-01
5.922303199769999305e-01,6.964852187930210548e-01
8.753510117530000079e-01,7.859011357745819826e-01
7.038279771799998974e-01,7.875607432613245251e-01
5.677499771120000371e-01,7.958645064727263296e-01
7.133870124819999825e-01,6.519865926181838134e-01
1.077505946160000061e+00,7.394386687107108447e-01
6.909419894220000247e-01,9.048464772312996285e-01
7.724580168719999973e-01,6.882789938656036499e-01
7.237120270730000859e-01,7.786247305175659772e-01
9.752489924429997847e-01,9.090523130898310322e-01
9.151769876480000399e-01,9.740062709653484196e-01
7.574009895319999686e-01,9.928439654769647404e-01
6.912069916730000374e-01,8.550087080351875812e-01
1.183527946470000147e+00,8.056129629243818924e-01
7.705749869349999281e-01,1.039201913536839106e+00
8.947700262070000798e-01,7.404211347823249634e-01
6.143350005150000070e-01,8.910620568240240624e-01
7.692319750789999855e-01,7.305627559649952030e-01
9.070749878880000061e-01,8.064644189697248722e-01
4.068099856379999713e-01,9.442811664255852389e-01
5.138880014419999753e-01,5.844426189696237950e-01
2.481469959019999838e-01,5.403613098930848402e-01
2.568759918210000159e-01,4.603189820530392828e-01
5.980659723279999618e-01,6.438774182171943528e-01
5.981699824330000137e-01,7.814983632557052085e-01
8.801140189170000294e-01,8.211482924193224120e-01
1.085649013520000095e+00,8.328515703787546798e-01
9.920129775999999566e-01,9.378283356692480588e-01
8.743849992749999078e-01,9.516667500113248357e-01
8.770260214810000621e-01,8.810407603691482459e-01
1.008928894999999937e+00,9.343290753276128902e-01
8.088759779930000393e-01,1.062063384678823663e+00
6.714209914210000907e-01,7.148412105554604601e-01
7.449629902840000373e-01,6.808395552319603805e-01
6.942679882050000195e-01,7.653573132792372835e-01
1.001886010170000008e+00,9.599764456773464127e-01
7.935580015180000446e-01,9.777560105197135032e-01
8.450049161910000439e-01,8.581551906970397159e-01
8.031240105629999793e-01,8.778750402185830914e-01
5.744469761850000689e-01,8.388322121383905428e-01
5.679720044139999757e-01,6.679812954867043739e-01
4.538080096239999195e-01,6.077657485053347131e-01
8.494881391529999215e-01,6.777854588115631573e-01
4.064599871639999473e-01,8.174406785836878520e-01
2.453519999980000310e-01,6.807738534623867244e-01
2.323218107220000217e+00,4.675663070391928300e-01
2.027115583420000089e+00,1.998535813525379901e+00
1.581117987629999888e+00,1.441954098319968347e+00
1.727049946780000012e+00,1.413856667201025763e+00
1.150642037389999928e+00,1.170322414414417089e+00
1.607933998109999818e+00,1.331943534505671378e+00
1.331233978270000007e+00,1.642186253740888002e+00
1.221642017359999999e+00,1.652386124024167291e+00
1.583541989330000010e+00,1.157481447741309788e+00
1.608662128450000006e+00,1.595645105596192881e+00
2.185653924939999992e+00,1.641986211966335318e+00
2.989559888840000124e+00,1.863495109267795602e+00
7.574499845500000106e-01,3.039255080959190725e+00
1.811344027520000122e+00,1.444963684796562120e+00
1.527951955800000094e+00,1.661927450509253390e+00
8.892235755919999374e-01,2.143931690072245821e+00
